family,seed,instance,rows,cols,ints,status,objective,best_bound,nodes,lp_iterations,wall_s,prop_tightened,prop_crossed,prop_crossed_lp_infeasible,prop_pruned,rc_fixed,rc_skipped,audit,ref_status,ref_objective,verdict,detail
random,1001,RND0,8,3,1,infeasible,,,1,0,0.0001,0,1,0,1,0,0,"[1, 1, 0, 0, 0, 0, 0, 0, 0, 0]",Infeasible,0.0,match,
random,1001,RND1,5,8,7,optimal,57,57,7,10,0.0003,14,0,0,0,3,0,"[0, 0, 0, 0, 0, 0, 0, 0, 3, 0]",Optimal,57.0,match,
random,1001,RND2,6,5,4,optimal,0.5,0.5,5,7,0.0003,10,0,0,0,0,0,"[0, 0, 0, 0, 0, 0, 0, 0, 0, 0]",Optimal,0.5,match,
random,1001,RND3,5,4,4,optimal,34,34,3,8,0.0002,3,1,0,1,3,0,"[1, 1, 0, 0, 0, 0, 0, 0, 3, 0]",Optimal,34.0,match,
random,1001,RND4,8,9,4,optimal,-21.5,-21.5,4,11,0.0003,3,0,0,0,0,0,"[0, 0, 0, 0, 0, 0, 0, 0, 0, 0]",Optimal,-21.5,match,
random,1001,RND5,6,6,4,optimal,82,82,5,5,0.0008,3,2,0,2,4,0,"[2, 2, 0, 0, 0, 0, 0, 0, 4, 0]",Optimal,82.0,match,
random,1001,RND6,6,10,5,optimal,9.125,9.125,1,2,0.0002,4,0,0,0,0,0,"[0, 0, 0, 0, 0, 0, 0, 0, 0, 0]",Optimal,9.125,match,
random,1001,RND7,4,5,3,optimal,81.33333333333334,81.33333333333334,3,9,0.0002,3,0,0,0,0,0,"[0, 0, 0, 0, 0, 0, 0, 0, 0, 0]",Optimal,81.33333333333333,match,
random,1001,RND8,6,12,8,optimal,-53.666666666666664,-53.666666666666664,16,38,0.0013,18,0,0,0,21,0,"[0, 0, 0, 0, 0, 0, 0, 0, 21, 0]",Optimal,-53.666666666666664,match,
random,1001,RND9,8,11,5,optimal,50.60686015831134,50.60686015831134,5,16,0.0005,6,0,0,0,0,0,"[0, 0, 0, 0, 0, 0, 0, 0, 0, 0]",Optimal,50.60686015831134,match,
random,1001,RND10,5,10,10,optimal,-28,-28,9,12,0.0008,6,2,0,2,20,0,"[2, 2, 0, 0, 0, 0, 0, 0, 20, 0]",Optimal,-28.0,match,
random,1001,RND11,2,3,1,optimal,0,0,1,2,0.0001,0,0,0,0,0,0,"[0, 0, 0, 0, 0, 0, 0, 0, 0, 0]",Optimal,-0.0,match,
random,1001,RND12,5,8,7,optimal,14.222222222222221,14.222222222222221,3,10,0.0004,7,0,0,0,5,0,"[0, 0, 0, 0, 0, 0, 0, 0, 5, 0]",Optimal,14.222222222222221,match,
random,1001,RND13,6,11,5,optimal,-123.55555555555556,-123.55555555555556,3,8,0.0004,3,1,0,1,4,0,"[1, 1, 0, 0, 0, 0, 0, 0, 4, 0]",Optimal,-123.55555555555556,match,
random,1001,RND14,8,5,4,optimal,-43,-43,5,12,0.0005,4,1,0,1,3,0,"[1, 1, 0, 0, 0, 0, 0, 0, 3, 0]",Optimal,-43.0,match,
random,1001,RND15,2,12,9,optimal,-24,-24,1,2,0.0002,0,0,0,0,0,0,"[0, 0, 0, 0, 0, 0, 0, 0, 0, 0]",Optimal,-24.0,match,
random,1001,RND16,4,4,1,optimal,-93,-93,1,2,0.0002,1,0,0,0,0,0,"[0, 0, 0, 0, 0, 0, 0, 0, 0, 0]",Optimal,-93.0,match,
random,1001,RND17,2,11,8,optimal,-193,-193,3,9,0.0004,8,0,0,0,5,0,"[0, 0, 0, 0, 0, 0, 0, 0, 5, 0]",Optimal,-193.0,match,
random,1001,RND18,6,4,4,optimal,-128,-128,1,9,0.0002,0,0,0,0,0,0,"[0, 0, 0, 0, 0, 0, 0, 0, 0, 0]",Optimal,-128.0,match,
random,1001,RND19,8,8,6,optimal,12.5,12.5,11,17,0.0029,11,0,0,0,7,0,"[0, 0, 0, 0, 0, 0, 0, 0, 7, 0]",Optimal,12.5,match,
random,1001,RND20,7,6,3,optimal,16,16,3,8,0.0003,6,0,0,0,0,0,"[0, 0, 0, 0, 0, 0, 0, 0, 0, 0]",Optimal,16.0,match,
random,1001,RND21,3,8,4,optimal,-129,-129,1,6,0.0001,0,0,0,0,0,0,"[0, 0, 0, 0, 0, 0, 0, 0, 0, 0]",Optimal,-129.0,match,
random,1001,RND22,4,7,5,optimal,86.33333333333333,86.33333333333333,8,12,0.0005,7,0,0,0,7,0,"[0, 0, 0, 0, 0, 0, 0, 0, 7, 0]",Optimal,86.33333358333334,match,
random,1001,RND23,6,8,5,optimal,22.5,22.5,8,16,0.0006,5,0,0,0,5,0,"[0, 0, 0, 0, 0, 0, 0, 0, 5, 0]",Optimal,22.5,match,
random,1001,RND24,4,12,6,optimal,79.71428571428572,79.71428571428572,5,9,0.0004,4,0,0,0,0,0,"[0, 0, 0, 0, 0, 0, 0, 0, 0, 0]",Optimal,79.71428571428572,match,
random,1001,RND25,3,9,6,optimal,146.4,146.4,1,8,0.0003,0,0,0,0,0,0,"[0, 0, 0, 0, 0, 0, 0, 0, 0, 0]",Optimal,146.4,match,
random,1001,RND26,5,6,6,optimal,-12,-12,1,2,0.0001,3,0,0,0,0,0,"[0, 0, 0, 0, 0, 0, 0, 0, 0, 0]",Optimal,-12.0,match,
random,1001,RND27,4,7,5,optimal,-1,-1,3,2,0.0003,4,1,0,1,4,0,"[1, 1, 0, 0, 0, 0, 0, 0, 4, 0]",Optimal,-1.0,match,
random,1001,RND28,8,10,6,optimal,26,26,5,10,0.0005,10,0,0,0,5,0,"[0, 0, 0, 0, 0, 0, 0, 0, 5, 0]",Optimal,26.0,match,
random,1001,RND29,6,12,7,optimal,86.74509803921569,86.74509803921569,5,10,0.0005,6,0,0,0,7,0,"[0, 0, 0, 0, 0, 0, 0, 0, 7, 0]",Optimal,86.74509803921569,match,
random,1001,RND30,3,6,1,optimal,-87,-87,1,5,0.0001,0,0,0,0,0,0,"[0, 0, 0, 0, 0, 0, 0, 0, 0, 0]",Optimal,-87.0,match,
random,1001,RND31,7,4,4,optimal,-14,-14,3,3,0.0002,4,1,0,1,3,0,"[1, 1, 0, 0, 0, 0, 0, 0, 3, 0]",Optimal,-14.0,match,
random,1001,RND32,2,8,6,optimal,45,45,1,1,0.0001,1,0,0,0,0,0,"[0, 0, 0, 0, 0, 0, 0, 0, 0, 0]",Optimal,45.0,match,
random,1001,RND33,8,4,2,infeasible,,,1,6,0.0002,0,0,0,0,0,0,"[0, 0, 0, 0, 0, 0, 0, 0, 0, 0]",Infeasible,0.0,match,
random,1001,RND34,6,6,4,infeasible,,,1,0,0.0001,0,1,0,1,0,0,"[1, 1, 0, 0, 0, 0, 0, 0, 0, 0]",Infeasible,0.0,match,
random,1001,RND35,2,11,8,optimal,-11.666666666666668,-11.666666666666668,1,3,0.0002,0,0,0,0,0,0,"[0, 0, 0, 0, 0, 0, 0, 0, 0, 0]",Optimal,-11.666666666666668,match,
random,1001,RND36,5,4,3,optimal,22,22,3,6,0.0002,4,0,0,0,0,0,"[0, 0, 0, 0, 0, 0, 0, 0, 0, 0]",Optimal,22.0,match,
random,1001,RND37,8,12,8,optimal,11.333333333333332,11.333333333333332,15,26,0.0012,21,0,0,0,13,0,"[0, 0, 0, 0, 0, 0, 0, 0, 13, 0]",Optimal,11.333333333333341,match,
random,1001,RND38,2,5,3,optimal,-64,-64,1,6,0.0001,1,0,0,0,0,0,"[0, 0, 0, 0, 0, 0, 0, 0, 0, 0]",Optimal,-64.0,match,
random,1001,RND39,8,3,2,infeasible,,,1,3,0.0002,2,0,0,0,0,0,"[0, 0, 0, 0, 0, 0, 0, 0, 0, 0]",Infeasible,0.0,match,
random,1001,RND40,8,7,6,infeasible,,,1,0,0.0002,0,1,0,1,0,0,"[1, 1, 0, 0, 0, 0, 0, 0, 0, 0]",Infeasible,0.0,match,
random,1001,RND41,2,7,4,optimal,-12,-12,3,3,0.0003,2,0,0,0,3,0,"[0, 0, 0, 0, 0, 0, 0, 0, 3, 0]",Optimal,-12.0,match,
random,1001,RND42,8,8,6,optimal,15,15,1,2,0.0002,6,0,0,0,0,0,"[0, 0, 0, 0, 0, 0, 0, 0, 0, 0]",Optimal,15.0,match,
random,1001,RND43,2,9,8,optimal,117,117,1,8,0.0002,1,0,0,0,0,0,"[0, 0, 0, 0, 0, 0, 0, 0, 0, 0]",Optimal,117.0,match,
random,1001,RND44,4,3,3,optimal,7,7,3,5,0.0002,1,0,0,0,0,0,"[0, 0, 0, 0, 0, 0, 0, 0, 0, 0]",Optimal,7.0,match,
random,1001,RND45,8,10,6,optimal,48.833333333333336,48.833333333333336,3,12,0.0003,5,0,0,0,0,0,"[0, 0, 0, 0, 0, 0, 0, 0, 0, 0]",Optimal,48.833333333333336,match,
random,1001,RND46,5,3,2,optimal,-1,-1,1,0,0.0002,2,0,0,0,0,0,"[0, 0, 0, 0, 0, 0, 0, 0, 0, 0]",Optimal,-1.0,match,
random,1001,RND47,3,5,3,optimal,0,0,1,2,0.0002,2,0,0,0,0,0,"[0, 0, 0, 0, 0, 0, 0, 0, 0, 0]",Optimal,-0.0,match,
random,1001,RND48,2,7,6,optimal,-8,-8,1,1,0.0002,1,0,0,0,0,0,"[0, 0, 0, 0, 0, 0, 0, 0, 0, 0]",Optimal,-8.0,match,
random,1001,RND49,6,9,7,optimal,-88,-88,7,18,0.0006,7,0,0,0,10,0,"[0, 0, 0, 0, 0, 0, 0, 0, 10, 0]",Optimal,-88.0,match,
random,1001,RND50,7,6,5,optimal,-132,-132,13,23,0.0007,16,0,0,0,11,0,"[0, 0, 0, 0, 0, 0, 0, 0, 11, 0]",Optimal,-132.0,match,
random,1001,RND51,8,8,4,optimal,43,43,1,9,0.0003,3,0,0,0,0,0,"[0, 0, 0, 0, 0, 0, 0, 0, 0, 0]",Optimal,43.0,match,
random,1001,RND52,3,10,4,optimal,41,41,1,4,0.0002,1,0,0,0,0,0,"[0, 0, 0, 0, 0, 0, 0, 0, 0, 0]",Optimal,41.0,match,
random,1001,RND53,5,12,9,optimal,-207,-207,6,17,0.0006,6,0,0,0,0,0,"[0, 0, 0, 0, 0, 0, 0, 0, 0, 0]",Optimal,-207.0,match,
random,1001,RND54,5,12,8,optimal,-258,-258,1,13,0.0003,1,0,0,0,0,0,"[0, 0, 0, 0, 0, 0, 0, 0, 0, 0]",Optimal,-258.0,match,
random,1001,RND55,8,12,9,optimal,-69,-69,5,21,0.0005,4,0,0,0,0,0,"[0, 0, 0, 0, 0, 0, 0, 0, 0, 0]",Optimal,-69.0,match,
random,1001,RND56,8,10,7,optimal,44.27272727272727,44.27272727272727,3,11,0.0008,5,0,0,0,6,0,"[0, 0, 0, 0, 0, 0, 0, 0, 6, 0]",Optimal,44.27272727272727,match,
random,1001,RND57,3,6,5,optimal,-45,-45,7,11,0.0004,9,0,0,0,5,0,"[0, 0, 0, 0, 0, 0, 0, 0, 5, 0]",Optimal,-45.0,match,
random,1001,RND58,3,4,4,optimal,-7,-7,3,4,0.0002,6,0,0,0,0,0,"[0, 0, 0, 0, 0, 0, 0, 0, 0, 0]",Optimal,-7.0,match,
random,1001,RND59,2,5,4,optimal,0,0,1,0,0.0002,2,0,0,0,0,0,"[0, 0, 0, 0, 0, 0, 0, 0, 0, 0]",Optimal,-0.0,match,
random,1001,RND60,3,3,3,optimal,-37,-37,1,2,0.0001,1,0,0,0,0,0,"[0, 0, 0, 0, 0, 0, 0, 0, 0, 0]",Optimal,-37.0,match,
random,1001,RND61,5,6,4,optimal,-97,-97,12,24,0.0005,4,0,0,0,3,0,"[0, 0, 0, 0, 0, 0, 0, 0, 3, 0]",Optimal,-97.0,match,
random,1001,RND62,2,8,4,optimal,-117.44444444444444,-117.44444444444444,1,7,0.0001,2,0,0,0,0,0,"[0, 0, 0, 0, 0, 0, 0, 0, 0, 0]",Optimal,-117.44444444444444,match,
random,1001,RND63,2,10,7,optimal,178,178,3,6,0.0003,5,1,0,1,5,0,"[1, 1, 0, 0, 0, 0, 0, 0, 5, 0]",Optimal,178.0,match,
random,1001,RND64,7,8,4,optimal,-158,-158,1,12,0.0003,4,0,0,0,0,0,"[0, 0, 0, 0, 0, 0, 0, 0, 0, 0]",Optimal,-158.0,match,
random,1001,RND65,3,7,4,optimal,107,107,1,6,0.0002,1,0,0,0,0,0,"[0, 0, 0, 0, 0, 0, 0, 0, 0, 0]",Optimal,107.0,match,
random,1001,RND66,8,9,5,optimal,-47.22222222222222,-47.22222222222222,8,30,0.0007,10,0,0,0,0,0,"[0, 0, 0, 0, 0, 0, 0, 0, 0, 0]",Optimal,-47.22222222222222,match,
random,1001,RND67,8,10,7,optimal,48.492063492063494,48.492063492063494,7,13,0.0007,8,1,0,1,11,0,"[1, 1, 0, 0, 0, 0, 0, 0, 11, 0]",Optimal,48.49206349206351,match,
random,1001,RND68,4,10,8,optimal,103,103,7,13,0.0007,5,1,0,1,12,0,"[1, 1, 0, 0, 0, 0, 0, 0, 12, 0]",Optimal,103.0,match,
random,1001,RND69,6,8,6,optimal,10.125,10.125,1,1,0.0002,5,0,0,0,0,0,"[0, 0, 0, 0, 0, 0, 0, 0, 0, 0]",Optimal,10.125,match,
random,1001,RND70,4,11,8,optimal,51,51,1,5,0.0002,6,0,0,0,0,0,"[0, 0, 0, 0, 0, 0, 0, 0, 0, 0]",Optimal,51.0,match,
random,1001,RND71,5,12,6,optimal,37.13114754098361,37.13114754098361,3,14,0.0003,3,0,0,0,0,0,"[0, 0, 0, 0, 0, 0, 0, 0, 0, 0]",Optimal,37.13114754098361,match,
random,1001,RND72,7,10,7,optimal,-11.4,-11.4,7,7,0.0006,6,2,0,2,7,0,"[2, 2, 0, 0, 0, 0, 0, 0, 7, 0]",Optimal,-11.4,match,
random,1001,RND73,3,10,9,optimal,-9,-9,3,4,0.001,8,0,0,0,8,0,"[0, 0, 0, 0, 0, 0, 0, 0, 8, 0]",Optimal,-9.0,match,
random,1001,RND74,5,11,5,optimal,125.80000000000001,125.80000000000001,3,12,0.0005,1,0,0,0,4,0,"[0, 0, 0, 0, 0, 0, 0, 0, 4, 0]",Optimal,125.80000000000001,match,
random,1001,RND75,3,10,8,optimal,25,25,1,3,0.0002,3,0,0,0,0,0,"[0, 0, 0, 0, 0, 0, 0, 0, 0, 0]",Optimal,25.0,match,
random,1001,RND76,4,8,7,optimal,-14,-14,6,5,0.0003,11,1,0,1,12,0,"[1, 1, 0, 0, 0, 0, 0, 0, 12, 0]",Optimal,-14.0,match,
random,1001,RND77,8,3,3,infeasible,,,1,0,0.0001,3,0,0,0,0,0,"[0, 0, 0, 0, 0, 0, 0, 0, 0, 0]",Infeasible,0.0,match,
random,1001,RND78,3,12,11,optimal,-26,-26,25,28,0.0008,21,2,0,2,28,0,"[2, 2, 0, 0, 0, 0, 0, 0, 28, 0]",Optimal,-26.0,match,
random,1001,RND79,2,12,8,optimal,108,108,3,6,0.0003,1,1,0,1,7,0,"[1, 1, 0, 0, 0, 0, 0, 0, 7, 0]",Optimal,108.0,match,
random,1001,RND80,5,11,9,optimal,19,19,9,19,0.0005,5,0,0,0,4,0,"[0, 0, 0, 0, 0, 0, 0, 0, 4, 0]",Optimal,19.000000000000007,match,
random,1001,RND81,4,4,3,optimal,-31,-31,5,8,0.0003,1,0,0,0,2,0,"[0, 0, 0, 0, 0, 0, 0, 0, 2, 0]",Optimal,-31.0,match,
random,1001,RND82,5,8,7,optimal,47.375,47.375,28,41,0.0035,27,4,0,4,21,0,"[4, 4, 0, 0, 0, 0, 0, 0, 21, 0]",Optimal,47.374999999999986,match,
random,1001,RND83,4,5,4,optimal,-7,-7,3,7,0.0003,3,1,0,1,0,0,"[1, 1, 0, 0, 0, 0, 0, 0, 0, 0]",Optimal,-7.0,match,
random,1001,RND84,5,6,4,optimal,-32,-32,3,7,0.0004,3,0,0,0,2,0,"[0, 0, 0, 0, 0, 0, 0, 0, 2, 0]",Optimal,-32.0,match,
random,1001,RND85,2,10,8,optimal,-62,-62,1,5,0.0002,2,0,0,0,0,0,"[0, 0, 0, 0, 0, 0, 0, 0, 0, 0]",Optimal,-62.0,match,
random,1001,RND86,2,4,2,infeasible,,,1,0,0.0001,0,1,0,1,0,0,"[1, 1, 0, 0, 0, 0, 0, 0, 0, 0]",Infeasible,0.0,match,
random,1001,RND87,8,8,5,optimal,-39.5,-39.5,5,17,0.0004,11,0,0,0,0,0,"[0, 0, 0, 0, 0, 0, 0, 0, 0, 0]",Optimal,-39.5,match,
random,1001,RND88,4,9,6,optimal,82.71698113207546,82.71698113207546,3,10,0.0003,1,0,0,0,0,0,"[0, 0, 0, 0, 0, 0, 0, 0, 0, 0]",Optimal,82.71698113207546,match,
random,1001,RND89,8,6,4,optimal,9,9,3,4,0.0004,4,0,0,0,0,0,"[0, 0, 0, 0, 0, 0, 0, 0, 0, 0]",Optimal,9.0,match,
random,1001,RND90,4,9,5,optimal,42.5,42.5,1,5,0.0003,0,0,0,0,0,0,"[0, 0, 0, 0, 0, 0, 0, 0, 0, 0]",Optimal,42.5,match,
random,1001,RND91,6,7,6,optimal,46,46,3,10,0.0004,10,0,0,0,2,0,"[0, 0, 0, 0, 0, 0, 0, 0, 2, 0]",Optimal,46.0,match,
random,1001,RND92,3,7,5,optimal,-56,-56,3,7,0.0003,7,0,0,0,0,0,"[0, 0, 0, 0, 0, 0, 0, 0, 0, 0]",Optimal,-56.000001,match,
random,1001,RND93,3,12,7,optimal,-119,-119,13,22,0.001,11,0,0,0,14,0,"[0, 0, 0, 0, 0, 0, 0, 0, 14, 0]",Optimal,-119.0,match,
random,1001,RND94,4,7,5,optimal,-105,-105,9,16,0.0004,2,0,0,0,6,0,"[0, 0, 0, 0, 0, 0, 0, 0, 6, 0]",Optimal,-104.99999999999997,match,
random,1001,RND95,7,10,6,optimal,-64.60714285714288,-64.60714285714288,9,17,0.0011,8,0,0,0,5,0,"[0, 0, 0, 0, 0, 0, 0, 0, 5, 0]",Optimal,-64.60714285714286,match,
random,1001,RND96,7,3,3,optimal,-15,-15,3,3,0.0003,3,1,0,1,2,0,"[1, 1, 0, 0, 0, 0, 0, 0, 2, 0]",Optimal,-15.0,match,
random,1001,RND97,3,4,4,optimal,-23,-23,5,8,0.0002,7,0,0,0,0,0,"[0, 0, 0, 0, 0, 0, 0, 0, 0, 0]",Optimal,-23.0,match,
random,1001,RND98,7,5,4,optimal,-28,-28,1,6,0.0002,4,0,0,0,0,0,"[0, 0, 0, 0, 0, 0, 0, 0, 0, 0]",Optimal,-28.0,match,
random,1001,RND99,3,4,4,optimal,0,0,1,0,0.0002,3,0,0,0,0,0,"[0, 0, 0, 0, 0, 0, 0, 0, 0, 0]",Optimal,-0.0,match,
random,1002,RND0,6,11,9,optimal,-116.25,-116.25,13,21,0.0008,9,1,0,1,13,0,"[1, 1, 0, 0, 0, 0, 0, 0, 13, 0]",Optimal,-116.25000000000001,match,
random,1002,RND1,2,6,4,optimal,92.33333333333333,92.33333333333333,5,6,0.0002,2,0,0,0,3,0,"[0, 0, 0, 0, 0, 0, 0, 0, 3, 0]",Optimal,92.33333333333333,match,
random,1002,RND2,6,5,5,optimal,5,5,5,5,0.0003,11,1,0,1,3,0,"[1, 1, 0, 0, 0, 0, 0, 0, 3, 0]",Optimal,5.0,match,
random,1002,RND3,3,11,5,optimal,149.33333333333334,149.33333333333334,1,8,0.0002,0,0,0,0,0,0,"[0, 0, 0, 0, 0, 0, 0, 0, 0, 0]",Optimal,149.33333333333334,match,
random,1002,RND4,6,6,6,optimal,2,2,3,8,0.0003,9,0,0,0,3,0,"[0, 0, 0, 0, 0, 0, 0, 0, 3, 0]",Optimal,2.0,match,
random,1002,RND5,5,7,5,optimal,-53,-53,9,18,0.0004,6,0,0,0,4,0,"[0, 0, 0, 0, 0, 0, 0, 0, 4, 0]",Optimal,-53.0,match,
random,1002,RND6,8,7,4,optimal,18,18,5,17,0.0004,3,0,0,0,3,0,"[0, 0, 0, 0, 0, 0, 0, 0, 3, 0]",Optimal,18.0,match,
random,1002,RND7,5,4,3,optimal,40,40,5,8,0.0003,4,1,0,1,2,0,"[1, 1, 0, 0, 0, 0, 0, 0, 2, 0]",Optimal,40.0,match,
random,1002,RND8,7,7,5,optimal,94.47826086956522,94.47826086956522,4,13,0.0004,6,0,0,0,3,0,"[0, 0, 0, 0, 0, 0, 0, 0, 3, 0]",Optimal,94.47826086956522,match,
random,1002,RND9,6,6,2,optimal,-75.66666666666667,-75.66666666666667,3,10,0.0002,1,0,0,0,0,0,"[0, 0, 0, 0, 0, 0, 0, 0, 0, 0]",Optimal,-75.66666716666667,match,
random,1002,RND10,7,6,6,optimal,7,7,5,13,0.0003,14,0,0,0,0,0,"[0, 0, 0, 0, 0, 0, 0, 0, 0, 0]",Optimal,7.0,match,
random,1002,RND11,6,5,2,optimal,-51.92857142857143,-51.92857142857143,3,9,0.0003,1,0,0,0,0,0,"[0, 0, 0, 0, 0, 0, 0, 0, 0, 0]",Optimal,-51.92857142857143,match,
random,1002,RND12,8,4,3,optimal,31,31,1,4,0.0001,2,0,0,0,0,0,"[0, 0, 0, 0, 0, 0, 0, 0, 0, 0]",Optimal,31.0,match,
random,1002,RND13,7,4,2,optimal,4.5,4.5,1,1,0.0001,1,0,0,0,0,0,"[0, 0, 0, 0, 0, 0, 0, 0, 0, 0]",Optimal,4.5,match,
random,1002,RND14,8,5,3,optimal,-0.33333333333333304,-0.33333333333333304,3,8,0.0003,4,0,0,0,2,0,"[0, 0, 0, 0, 0, 0, 0, 0, 2, 0]",Optimal,-0.33333333333333304,match,
random,1002,RND15,8,10,7,optimal,-30.88888888888889,-30.88888888888889,3,7,0.0005,4,0,0,0,6,0,"[0, 0, 0, 0, 0, 0, 0, 0, 6, 0]",Optimal,-30.88888888888889,match,
random,1002,RND16,5,8,3,optimal,60.96296296296296,60.96296296296296,1,5,0.0002,2,0,0,0,0,0,"[0, 0, 0, 0, 0, 0, 0, 0, 0, 0]",Optimal,60.96296296296296,match,
random,1002,RND17,4,4,4,optimal,2,2,1,1,0.0001,2,0,0,0,0,0,"[0, 0, 0, 0, 0, 0, 0, 0, 0, 0]",Optimal,2.0,match,
random,1002,RND18,7,9,6,optimal,-193.5,-193.5,5,19,0.0004,2,0,0,0,0,0,"[0, 0, 0, 0, 0, 0, 0, 0, 0, 0]",Optimal,-193.5,match,
random,1002,RND19,4,4,3,optimal,-111,-111,1,6,0.0001,0,0,0,0,0,0,"[0, 0, 0, 0, 0, 0, 0, 0, 0, 0]",Optimal,-111.0,match,
random,1002,RND20,3,11,5,optimal,-58.375,-58.375,1,3,0.0002,3,0,0,0,0,0,"[0, 0, 0, 0, 0, 0, 0, 0, 0, 0]",Optimal,-58.375,match,
random,1002,RND21,7,4,4,optimal,-45,-45,1,3,0.0002,3,0,0,0,0,0,"[0, 0, 0, 0, 0, 0, 0, 0, 0, 0]",Optimal,-45.0,match,
random,1002,RND22,6,11,8,optimal,100,100,3,12,0.0004,1,0,0,0,6,0,"[0, 0, 0, 0, 0, 0, 0, 0, 6, 0]",Optimal,100.0,match,
random,1002,RND23,3,8,7,optimal,-104,-104,1,9,0.0003,2,0,0,0,0,0,"[0, 0, 0, 0, 0, 0, 0, 0, 0, 0]",Optimal,-104.0,match,
random,1002,RND24,3,6,4,optimal,32,32,1,4,0.0002,0,0,0,0,0,0,"[0, 0, 0, 0, 0, 0, 0, 0, 0, 0]",Optimal,32.0,match,
random,1002,RND25,4,10,8,optimal,-153,-153,3,12,0.0006,5,1,0,1,6,0,"[1, 1, 0, 0, 0, 0, 0, 0, 6, 0]",Optimal,-153.0,match,
random,1002,RND26,5,6,4,optimal,6,6,1,3,0.0002,3,0,0,0,0,0,"[0, 0, 0, 0, 0, 0, 0, 0, 0, 0]",Optimal,6.0,match,
random,1002,RND27,3,12,6,optimal,-32.57142857142857,-32.57142857142857,5,9,0.0003,10,0,0,0,0,0,"[0, 0, 0, 0, 0, 0, 0, 0, 0, 0]",Optimal,-32.57142857142857,match,
random,1002,RND28,7,12,7,optimal,31.380952380952383,31.380952380952383,14,24,0.0009,17,0,0,0,6,0,"[0, 0, 0, 0, 0, 0, 0, 0, 6, 0]",Optimal,31.380952380952383,match,
random,1002,RND29,5,4,2,infeasible,,,1,0,0.0001,0,1,0,1,0,0,"[1, 1, 0, 0, 0, 0, 0, 0, 0, 0]",Infeasible,0.0,match,
random,1002,RND30,5,10,7,optimal,-94,-94,1,7,0.0002,3,0,0,0,0,0,"[0, 0, 0, 0, 0, 0, 0, 0, 0, 0]",Optimal,-94.0,match,
random,1002,RND31,2,3,2,optimal,-89,-89,1,2,0.0001,0,0,0,0,0,0,"[0, 0, 0, 0, 0, 0, 0, 0, 0, 0]",Optimal,-89.0,match,
random,1002,RND32,6,5,4,optimal,-30.125,-30.125,6,11,0.0004,6,0,0,0,2,0,"[0, 0, 0, 0, 0, 0, 0, 0, 2, 0]",Optimal,-30.125000703703705,match,
random,1002,RND33,3,9,6,optimal,-111.33333333333334,-111.33333333333334,1,7,0.0002,4,0,0,0,0,0,"[0, 0, 0, 0, 0, 0, 0, 0, 0, 0]",Optimal,-111.33333333333333,match,
random,1002,RND34,5,8,6,optimal,-71.34285714285714,-71.34285714285714,7,13,0.0006,11,0,0,0,3,0,"[0, 0, 0, 0, 0, 0, 0, 0, 3, 0]",Optimal,-71.34285714285714,match,
random,1002,RND35,7,7,5,infeasible,,,1,4,0.0002,4,0,0,0,0,0,"[0, 0, 0, 0, 0, 0, 0, 0, 0, 0]",Infeasible,0.0,match,
random,1002,RND36,5,5,2,optimal,-17.476190476190478,-17.476190476190478,5,15,0.0003,2,0,0,0,0,0,"[0, 0, 0, 0, 0, 0, 0, 0, 0, 0]",Optimal,-17.476190476190474,match,
random,1002,RND37,7,4,4,optimal,-39,-39,5,9,0.0003,8,1,0,1,4,0,"[1, 1, 0, 0, 0, 0, 0, 0, 4, 0]",Optimal,-39.0,match,
random,1002,RND38,7,12,9,optimal,84,84,5,13,0.0004,13,0,0,0,0,0,"[0, 0, 0, 0, 0, 0, 0, 0, 0, 0]",Optimal,84.0,match,
random,1002,RND39,4,7,6,optimal,-59,-59,1,3,0.0002,2,0,0,0,0,0,"[0, 0, 0, 0, 0, 0, 0, 0, 0, 0]",Optimal,-59.0,match,
random,1002,RND40,8,9,9,optimal,3,3,7,18,0.0011,23,2,0,2,0,0,"[2, 0, 2, 0, 2, 0, 0, 0, 0, 0]",Optimal,3.0,match,
random,1002,RND41,3,12,10,optimal,-225,-225,3,8,0.0003,12,0,0,0,0,0,"[0, 0, 0, 0, 0, 0, 0, 0, 0, 0]",Optimal,-225.0,match,
random,1002,RND42,5,6,6,optimal,20,20,5,6,0.0003,13,1,0,1,0,0,"[1, 1, 0, 0, 0, 0, 0, 0, 0, 0]",Optimal,20.0,match,
random,1002,RND43,7,4,3,optimal,10.11111111111111,10.11111111111111,1,1,0.0001,3,0,0,0,0,0,"[0, 0, 0, 0, 0, 0, 0, 0, 0, 0]",Optimal,10.11111111111111,match,
random,1002,RND44,8,11,6,optimal,81,81,3,10,0.0003,4,0,0,0,0,0,"[0, 0, 0, 0, 0, 0, 0, 0, 0, 0]",Optimal,81.0,match,
random,1002,RND45,6,7,6,optimal,25,25,1,4,0.0002,3,0,0,0,0,0,"[0, 0, 0, 0, 0, 0, 0, 0, 0, 0]",Optimal,25.0,match,
random,1002,RND46,3,3,1,optimal,-15.125,-15.125,3,4,0.0002,0,0,0,0,0,0,"[0, 0, 0, 0, 0, 0, 0, 0, 0, 0]",Optimal,-15.125,match,
random,1002,RND47,7,6,6,optimal,-36,-36,3,7,0.0003,6,1,0,1,4,0,"[1, 1, 0, 0, 0, 0, 0, 0, 4, 0]",Optimal,-36.0,match,
random,1002,RND48,2,5,4,optimal,-19.428571428571427,-19.428571428571427,1,2,0.0001,1,0,0,0,0,0,"[0, 0, 0, 0, 0, 0, 0, 0, 0, 0]",Optimal,-19.428571428571427,match,
random,1002,RND49,8,12,10,optimal,-64.75,-64.75,6,20,0.0009,12,1,0,1,15,0,"[1, 1, 0, 0, 0, 0, 0, 0, 15, 0]",Optimal,-64.75,match,
random,1002,RND50,6,9,7,optimal,-75,-75,11,28,0.0009,13,0,0,0,11,0,"[0, 0, 0, 0, 0, 0, 0, 0, 11, 0]",Optimal,-75.0,match,
random,1002,RND51,6,10,9,optimal,-129,-129,9,20,0.0012,9,0,0,0,0,0,"[0, 0, 0, 0, 0, 0, 0, 0, 0, 0]",Optimal,-129.0,match,
random,1002,RND52,6,7,4,optimal,252,252,1,13,0.0002,1,0,0,0,0,0,"[0, 0, 0, 0, 0, 0, 0, 0, 0, 0]",Optimal,252.0,match,
random,1002,RND53,5,6,4,optimal,34.333333333333336,34.333333333333336,3,6,0.0004,3,0,0,0,3,0,"[0, 0, 0, 0, 0, 0, 0, 0, 3, 0]",Optimal,34.333333333333336,match,
random,1002,RND54,4,6,5,optimal,33.85714285714286,33.85714285714286,1,4,0.0002,1,0,0,0,0,0,"[0, 0, 0, 0, 0, 0, 0, 0, 0, 0]",Optimal,33.85714285714286,match,
random,1002,RND55,7,9,6,optimal,-10,-10,3,4,0.0003,4,0,0,0,4,0,"[0, 0, 0, 0, 0, 0, 0, 0, 4, 0]",Optimal,-10.0,match,
random,1002,RND56,3,11,7,optimal,-9,-9,1,2,0.0002,5,0,0,0,0,0,"[0, 0, 0, 0, 0, 0, 0, 0, 0, 0]",Optimal,-9.0,match,
random,1002,RND57,6,8,6,optimal,-113.6,-113.6,1,6,0.0002,3,0,0,0,0,0,"[0, 0, 0, 0, 0, 0, 0, 0, 0, 0]",Optimal,-113.6,match,
random,1002,RND58,5,9,8,optimal,95,95,7,14,0.0005,14,2,0,2,7,0,"[2, 2, 0, 0, 0, 0, 0, 0, 7, 0]",Optimal,95.0,match,
random,1002,RND59,3,11,11,optimal,-156,-156,5,8,0.0005,7,0,0,0,10,0,"[0, 0, 0, 0, 0, 0, 0, 0, 10, 0]",Optimal,-156.0,match,
random,1002,RND60,4,6,4,optimal,-36,-36,1,1,0.0002,2,0,0,0,0,0,"[0, 0, 0, 0, 0, 0, 0, 0, 0, 0]",Optimal,-36.0,match,
random,1002,RND61,5,3,2,optimal,-18,-18,1,2,0.0002,2,0,0,0,0,0,"[0, 0, 0, 0, 0, 0, 0, 0, 0, 0]",Optimal,-18.0,match,
random,1002,RND62,4,5,3,optimal,-7,-7,11,11,0.0005,0,0,0,0,2,0,"[0, 0, 0, 0, 0, 0, 0, 0, 2, 0]",Optimal,-7.0,match,
random,1002,RND63,5,12,7,optimal,42.6,42.6,1,8,0.0003,4,0,0,0,0,0,"[0, 0, 0, 0, 0, 0, 0, 0, 0, 0]",Optimal,42.6,match,
random,1002,RND64,8,12,8,optimal,-60.93333333333334,-60.93333333333334,3,8,0.0005,10,0,0,0,0,0,"[0, 0, 0, 0, 0, 0, 0, 0, 0, 0]",Optimal,-60.93333333333334,match,
random,1002,RND65,7,9,5,optimal,91.34146341463415,91.34146341463415,8,20,0.001,9,0,0,0,8,0,"[0, 0, 0, 0, 0, 0, 0, 0, 8, 0]",Optimal,91.34146341463419,match,
random,1002,RND66,3,8,6,optimal,47.66666666666667,47.66666666666667,3,6,0.0003,3,0,0,0,0,0,"[0, 0, 0, 0, 0, 0, 0, 0, 0, 0]",Optimal,47.66666666666667,match,
random,1002,RND67,4,8,8,optimal,141,141,3,9,0.0004,9,0,0,0,0,0,"[0, 0, 0, 0, 0, 0, 0, 0, 0, 0]",Optimal,141.0,match,
random,1002,RND68,2,8,4,optimal,-1,-1,3,5,0.0002,1,0,0,0,0,0,"[0, 0, 0, 0, 0, 0, 0, 0, 0, 0]",Optimal,-1.0,match,
random,1002,RND69,8,4,2,optimal,30.666666666666668,30.666666666666668,3,8,0.0003,2,0,0,0,0,0,"[0, 0, 0, 0, 0, 0, 0, 0, 0, 0]",Optimal,30.666666666666668,match,
random,1002,RND70,8,9,6,optimal,41.14285714285714,41.14285714285714,11,20,0.0015,8,2,0,2,10,0,"[2, 2, 0, 0, 0, 0, 0, 0, 10, 0]",Optimal,41.142857142857146,match,
random,1002,RND71,2,6,5,optimal,27,27,1,1,0.0002,0,0,0,0,0,0,"[0, 0, 0, 0, 0, 0, 0, 0, 0, 0]",Optimal,27.0,match,
random,1002,RND72,4,12,11,optimal,28,28,32,43,0.0029,34,2,0,2,53,0,"[2, 2, 0, 0, 0, 0, 0, 0, 53, 0]",Optimal,28.0,match,
random,1002,RND73,3,9,6,optimal,71,71,1,5,0.0002,1,0,0,0,0,0,"[0, 0, 0, 0, 0, 0, 0, 0, 0, 0]",Optimal,71.0,match,
random,1002,RND74,7,3,2,optimal,-8,-8,1,0,0.0001,2,0,0,0,0,0,"[0, 0, 0, 0, 0, 0, 0, 0, 0, 0]",Optimal,-8.0,match,
random,1002,RND75,5,9,8,optimal,-55,-55,9,15,0.0005,19,0,0,0,8,0,"[0, 0, 0, 0, 0, 0, 0, 0, 8, 0]",Optimal,-55.0,match,
random,1002,RND76,3,10,5,optimal,165.57142857142858,165.57142857142858,8,14,0.0003,5,0,0,0,4,0,"[0, 0, 0, 0, 0, 0, 0, 0, 4, 0]",Optimal,165.57142857142858,match,
random,1002,RND77,5,7,5,optimal,-73.25,-73.25,1,3,0.0001,2,0,0,0,0,0,"[0, 0, 0, 0, 0, 0, 0, 0, 0, 0]",Optimal,-73.25,match,
random,1002,RND78,5,7,5,optimal,3.142857142857143,3.142857142857143,2,4,0.0002,4,0,0,0,0,0,"[0, 0, 0, 0, 0, 0, 0, 0, 0, 0]",Optimal,3.142857142857143,match,
random,1002,RND79,7,3,2,infeasible,,,1,2,0.0001,0,0,0,0,0,0,"[0, 0, 0, 0, 0, 0, 0, 0, 0, 0]",Infeasible,0.0,match,
random,1002,RND80,6,10,6,optimal,100.60733549083065,100.60733549083065,3,16,0.0003,6,0,0,0,0,0,"[0, 0, 0, 0, 0, 0, 0, 0, 0, 0]",Optimal,100.60733549083065,match,
random,1002,RND81,8,11,7,optimal,17.5625,17.5625,9,24,0.0006,13,0,0,0,0,0,"[0, 0, 0, 0, 0, 0, 0, 0, 0, 0]",Optimal,17.5625,match,
random,1002,RND82,8,7,5,optimal,-4.8,-4.8,3,3,0.0002,4,0,0,0,0,0,"[0, 0, 0, 0, 0, 0, 0, 0, 0, 0]",Optimal,-4.8,match,
random,1002,RND83,5,4,3,optimal,28,28,1,3,0.0001,3,0,0,0,0,0,"[0, 0, 0, 0, 0, 0, 0, 0, 0, 0]",Optimal,28.0,match,
random,1002,RND84,6,9,6,optimal,-8,-8,1,1,0.0001,6,0,0,0,0,0,"[0, 0, 0, 0, 0, 0, 0, 0, 0, 0]",Optimal,-8.0,match,
random,1002,RND85,2,11,9,optimal,-125,-125,1,8,0.0001,2,0,0,0,0,0,"[0, 0, 0, 0, 0, 0, 0, 0, 0, 0]",Optimal,-125.0,match,
random,1002,RND86,6,9,7,optimal,-5,-5,10,15,0.0006,9,0,0,0,0,0,"[0, 0, 0, 0, 0, 0, 0, 0, 0, 0]",Optimal,-5.0,match,
random,1002,RND87,8,3,2,optimal,-1,-1,3,7,0.0003,2,0,0,0,0,0,"[0, 0, 0, 0, 0, 0, 0, 0, 0, 0]",Optimal,-1.0,match,
random,1002,RND88,8,4,1,optimal,26.15,26.15,1,4,0.0002,1,0,0,0,0,0,"[0, 0, 0, 0, 0, 0, 0, 0, 0, 0]",Optimal,26.15,match,
random,1002,RND89,6,7,5,optimal,-47,-47,1,4,0.0001,3,0,0,0,0,0,"[0, 0, 0, 0, 0, 0, 0, 0, 0, 0]",Optimal,-47.0,match,
random,1002,RND90,7,6,3,optimal,23.310344827586206,23.310344827586206,3,8,0.0003,3,0,0,0,0,0,"[0, 0, 0, 0, 0, 0, 0, 0, 0, 0]",Optimal,23.310344827586206,match,
random,1002,RND91,5,4,1,infeasible,,,1,1,0.0001,0,0,0,0,0,0,"[0, 0, 0, 0, 0, 0, 0, 0, 0, 0]",Infeasible,0.0,match,
random,1002,RND92,5,4,3,infeasible,,,1,0,0.0002,0,1,0,1,0,0,"[1, 1, 0, 0, 0, 0, 0, 0, 0, 0]",Infeasible,0.0,match,
random,1002,RND93,7,6,5,optimal,-18,-18,1,5,0.0002,3,0,0,0,0,0,"[0, 0, 0, 0, 0, 0, 0, 0, 0, 0]",Optimal,-18.0,match,
random,1002,RND94,5,9,6,optimal,78,78,1,9,0.0003,5,0,0,0,0,0,"[0, 0, 0, 0, 0, 0, 0, 0, 0, 0]",Optimal,78.0,match,
random,1002,RND95,3,10,7,optimal,87,87,4,12,0.0004,2,0,0,0,0,0,"[0, 0, 0, 0, 0, 0, 0, 0, 0, 0]",Optimal,87.0,match,
random,1002,RND96,3,7,5,optimal,81,81,1,5,0.0003,2,0,0,0,0,0,"[0, 0, 0, 0, 0, 0, 0, 0, 0, 0]",Optimal,81.0,match,
random,1002,RND97,2,5,4,optimal,6,6,1,2,0.0001,3,0,0,0,0,0,"[0, 0, 0, 0, 0, 0, 0, 0, 0, 0]",Optimal,6.0,match,
random,1002,RND98,8,5,5,optimal,-4,-4,5,11,0.0006,11,1,0,1,0,0,"[1, 1, 0, 0, 0, 0, 0, 0, 0, 0]",Optimal,-4.0,match,
random,1002,RND99,5,12,7,optimal,139.05555555555554,139.05555555555554,3,19,0.0013,2,0,0,0,0,0,"[0, 0, 0, 0, 0, 0, 0, 0, 0, 0]",Optimal,139.05555555555557,match,
random,1003,RND0,6,10,9,optimal,7,7,5,17,0.0005,19,0,0,0,0,0,"[0, 0, 0, 0, 0, 0, 0, 0, 0, 0]",Optimal,6.999999999999998,match,
random,1003,RND1,3,8,4,optimal,-3,-3,3,4,0.0002,3,0,0,0,3,0,"[0, 0, 0, 0, 0, 0, 0, 0, 3, 0]",Optimal,-3.0,match,
random,1003,RND2,4,8,5,optimal,-43.14285714285714,-43.14285714285714,5,9,0.0003,5,0,0,0,3,0,"[0, 0, 0, 0, 0, 0, 0, 0, 3, 0]",Optimal,-43.142857142857146,match,
random,1003,RND3,6,7,5,optimal,74,74,1,5,0.0002,2,0,0,0,0,0,"[0, 0, 0, 0, 0, 0, 0, 0, 0, 0]",Optimal,74.0,match,
random,1003,RND4,4,11,9,optimal,264,264,10,24,0.0006,20,0,0,0,17,0,"[0, 0, 0, 0, 0, 0, 0, 0, 17, 0]",Optimal,264.0,match,
random,1003,RND5,4,5,3,optimal,84,84,1,4,0.0002,2,0,0,0,0,0,"[0, 0, 0, 0, 0, 0, 0, 0, 0, 0]",Optimal,84.0,match,
random,1003,RND6,2,5,4,optimal,-54,-54,3,5,0.0002,3,0,0,0,0,0,"[0, 0, 0, 0, 0, 0, 0, 0, 0, 0]",Optimal,-54.0,match,
random,1003,RND7,8,6,5,optimal,-50,-50,3,4,0.0004,7,0,0,0,0,0,"[0, 0, 0, 0, 0, 0, 0, 0, 0, 0]",Optimal,-50.0,match,
random,1003,RND8,7,3,3,optimal,-21,-21,3,6,0.0002,5,0,0,0,0,0,"[0, 0, 0, 0, 0, 0, 0, 0, 0, 0]",Optimal,-21.0,match,
random,1003,RND9,7,7,5,optimal,33,33,13,29,0.0006,13,3,0,3,5,0,"[3, 3, 0, 0, 0, 0, 0, 0, 5, 0]",Optimal,33.0,match,
random,1003,RND10,6,5,4,optimal,25.42857142857143,25.42857142857143,1,9,0.0002,2,0,0,0,0,0,"[0, 0, 0, 0, 0, 0, 0, 0, 0, 0]",Optimal,25.428571428571427,match,
random,1003,RND11,8,10,7,optimal,7,7,3,9,0.0003,6,0,0,0,0,0,"[0, 0, 0, 0, 0, 0, 0, 0, 0, 0]",Optimal,7.0,match,
random,1003,RND12,6,10,4,optimal,35.95,35.95,3,8,0.0003,4,0,0,0,0,0,"[0, 0, 0, 0, 0, 0, 0, 0, 0, 0]",Optimal,35.95,match,
random,1003,RND13,5,6,5,optimal,38,38,9,13,0.0004,9,1,0,1,4,0,"[1, 1, 0, 0, 0, 0, 0, 0, 4, 0]",Optimal,38.0,match,
random,1003,RND14,3,7,6,optimal,30,30,5,8,0.0003,2,1,0,1,5,0,"[1, 1, 0, 0, 0, 0, 0, 0, 5, 0]",Optimal,30.0,match,
random,1003,RND15,5,5,3,optimal,78.5,78.5,1,4,0.0001,2,0,0,0,0,0,"[0, 0, 0, 0, 0, 0, 0, 0, 0, 0]",Optimal,78.5,match,
random,1003,RND16,4,10,6,optimal,48.875,48.875,9,13,0.0004,11,0,0,0,2,0,"[0, 0, 0, 0, 0, 0, 0, 0, 2, 0]",Optimal,48.87500000000001,match,
random,1003,RND17,5,10,6,optimal,-12,-12,1,4,0.0002,5,0,0,0,0,0,"[0, 0, 0, 0, 0, 0, 0, 0, 0, 0]",Optimal,-12.0,match,
random,1003,RND18,7,4,3,infeasible,,,1,0,0.0002,0,1,0,1,0,0,"[1, 1, 0, 0, 0, 0, 0, 0, 0, 0]",Infeasible,0.0,match,
random,1003,RND19,3,8,7,optimal,46.857142857142854,46.857142857142854,3,7,0.0002,4,1,0,1,6,0,"[1, 1, 0, 0, 0, 0, 0, 0, 6, 0]",Optimal,46.857142857142854,match,
random,1003,RND20,8,8,3,optimal,18.071428571428573,18.071428571428573,1,11,0.0002,2,0,0,0,0,0,"[0, 0, 0, 0, 0, 0, 0, 0, 0, 0]",Optimal,18.071428571428573,match,
random,1003,RND21,5,7,5,optimal,86,86,1,8,0.0001,0,0,0,0,0,0,"[0, 0, 0, 0, 0, 0, 0, 0, 0, 0]",Optimal,86.0,match,
random,1003,RND22,6,11,5,optimal,-128.44615384615383,-128.44615384615383,3,14,0.0005,3,0,0,0,4,0,"[0, 0, 0, 0, 0, 0, 0, 0, 4, 0]",Optimal,-128.44615384615383,match,
random,1003,RND23,3,3,3,optimal,0,0,1,0,0.0001,2,0,0,0,0,0,"[0, 0, 0, 0, 0, 0, 0, 0, 0, 0]",Optimal,-0.0,match,
random,1003,RND24,7,8,4,optimal,161,161,1,10,0.0002,2,0,0,0,0,0,"[0, 0, 0, 0, 0, 0, 0, 0, 0, 0]",Optimal,161.0,match,
random,1003,RND25,3,12,8,optimal,30.333333333333332,30.333333333333332,3,6,0.0003,5,0,0,0,7,0,"[0, 0, 0, 0, 0, 0, 0, 0, 7, 0]",Optimal,30.333333333333332,match,
random,1003,RND26,6,6,4,optimal,-40,-40,4,9,0.0003,5,0,0,0,2,0,"[0, 0, 0, 0, 0, 0, 0, 0, 2, 0]",Optimal,-40.0,match,
random,1003,RND27,6,4,1,optimal,-18.410714285714285,-18.410714285714285,1,7,0.0002,1,0,0,0,0,0,"[0, 0, 0, 0, 0, 0, 0, 0, 0, 0]",Optimal,-18.410714285714285,match,
random,1003,RND28,8,7,5,optimal,63,63,3,10,0.0003,3,0,0,0,0,0,"[0, 0, 0, 0, 0, 0, 0, 0, 0, 0]",Optimal,63.0,match,
random,1003,RND29,2,5,3,optimal,48,48,1,3,0.0001,0,0,0,0,0,0,"[0, 0, 0, 0, 0, 0, 0, 0, 0, 0]",Optimal,48.0,match,
random,1003,RND30,6,11,10,optimal,-38,-38,18,23,0.0009,19,0,0,0,16,0,"[0, 0, 0, 0, 0, 0, 0, 0, 16, 0]",Optimal,-38.0,match,
random,1003,RND31,6,7,6,optimal,32,32,1,6,0.0002,2,0,0,0,0,0,"[0, 0, 0, 0, 0, 0, 0, 0, 0, 0]",Optimal,32.0,match,
random,1003,RND32,7,7,4,optimal,25.833333333333332,25.833333333333332,7,12,0.0005,6,0,0,0,2,0,"[0, 0, 0, 0, 0, 0, 0, 0, 2, 0]",Optimal,25.833334333333333,match,
random,1003,RND33,8,11,7,optimal,-17.4,-17.4,3,7,0.0005,6,0,0,0,5,0,"[0, 0, 0, 0, 0, 0, 0, 0, 5, 0]",Optimal,-17.4,match,
random,1003,RND34,2,12,8,optimal,-69.5,-69.5,3,11,0.0002,1,0,0,0,0,0,"[0, 0, 0, 0, 0, 0, 0, 0, 0, 0]",Optimal,-69.5,match,
random,1003,RND35,8,9,7,optimal,-34,-34,3,12,0.0004,8,0,0,0,5,0,"[0, 0, 0, 0, 0, 0, 0, 0, 5, 0]",Optimal,-34.0,match,
random,1003,RND36,2,5,4,optimal,-47,-47,1,2,0.0002,1,0,0,0,0,0,"[0, 0, 0, 0, 0, 0, 0, 0, 0, 0]",Optimal,-47.0,match,
random,1003,RND37,5,3,3,optimal,2,2,1,1,0.0001,2,0,0,0,0,0,"[0, 0, 0, 0, 0, 0, 0, 0, 0, 0]",Optimal,2.0,match,
random,1003,RND38,3,11,7,optimal,-51.5,-51.5,1,4,0.0001,4,0,0,0,0,0,"[0, 0, 0, 0, 0, 0, 0, 0, 0, 0]",Optimal,-51.5,match,
random,1003,RND39,4,12,10,optimal,-195,-195,18,32,0.0008,23,0,0,0,13,0,"[0, 0, 0, 0, 0, 0, 0, 0, 13, 0]",Optimal,-195.0,match,
random,1003,RND40,6,11,7,optimal,-57.44444444444444,-57.44444444444444,1,10,0.0003,6,0,0,0,0,0,"[0, 0, 0, 0, 0, 0, 0, 0, 0, 0]",Optimal,-57.44444444444444,match,
random,1003,RND41,3,4,2,infeasible,,,1,3,0.0001,0,0,0,0,0,0,"[0, 0, 0, 0, 0, 0, 0, 0, 0, 0]",Infeasible,0.0,match,
random,1003,RND42,6,6,2,optimal,-4,-4,1,2,0.0001,2,0,0,0,0,0,"[0, 0, 0, 0, 0, 0, 0, 0, 0, 0]",Optimal,-4.0,match,
random,1003,RND43,2,10,5,optimal,-106,-106,1,5,0.0002,1,0,0,0,0,0,"[0, 0, 0, 0, 0, 0, 0, 0, 0, 0]",Optimal,-106.0,match,
random,1003,RND44,3,7,5,optimal,-112,-112,1,10,0.0001,0,0,0,0,0,0,"[0, 0, 0, 0, 0, 0, 0, 0, 0, 0]",Optimal,-112.0,match,
random,1003,RND45,4,3,2,optimal,16,16,3,6,0.0002,0,0,0,0,0,0,"[0, 0, 0, 0, 0, 0, 0, 0, 0, 0]",Optimal,16.0,match,
random,1003,RND46,3,6,3,optimal,-0.6153846153846152,-0.6153846153846152,1,2,0.0001,1,0,0,0,0,0,"[0, 0, 0, 0, 0, 0, 0, 0, 0, 0]",Optimal,-0.6153846153846163,match,
random,1003,RND47,5,7,4,optimal,-64.33333333333333,-64.33333333333333,1,2,0.0001,3,0,0,0,0,0,"[0, 0, 0, 0, 0, 0, 0, 0, 0, 0]",Optimal,-64.33333333333333,match,
random,1003,RND48,2,3,3,optimal,116,116,3,4,0.0002,2,1,0,1,2,0,"[1, 1, 0, 0, 0, 0, 0, 0, 2, 0]",Optimal,116.0,match,
random,1003,RND49,3,8,4,optimal,-225.11111111111111,-225.11111111111111,3,9,0.0002,4,0,0,0,0,0,"[0, 0, 0, 0, 0, 0, 0, 0, 0, 0]",Optimal,-225.11111111111111,match,
random,1003,RND50,6,11,9,optimal,71,71,9,12,0.0005,21,1,0,1,3,0,"[1, 1, 0, 0, 0, 0, 0, 0, 3, 0]",Optimal,71.0,match,
random,1003,RND51,5,10,6,optimal,51.33333333333333,51.33333333333333,1,5,0.0002,5,0,0,0,0,0,"[0, 0, 0, 0, 0, 0, 0, 0, 0, 0]",Optimal,51.333333333333336,match,
random,1003,RND52,3,7,6,optimal,-58,-58,7,13,0.0003,10,0,0,0,5,0,"[0, 0, 0, 0, 0, 0, 0, 0, 5, 0]",Optimal,-58.0,match,
random,1003,RND53,2,9,6,optimal,40.77777777777778,40.77777777777778,4,5,0.0004,3,0,0,0,5,0,"[0, 0, 0, 0, 0, 0, 0, 0, 5, 0]",Optimal,40.77777777777778,match,
random,1003,RND54,5,8,5,optimal,-72.16666666666667,-72.16666666666667,3,6,0.0003,4,0,0,0,4,0,"[0, 0, 0, 0, 0, 0, 0, 0, 4, 0]",Optimal,-72.16666666666667,match,
random,1003,RND55,4,12,6,optimal,163,163,1,14,0.0002,0,0,0,0,0,0,"[0, 0, 0, 0, 0, 0, 0, 0, 0, 0]",Optimal,163.0,match,
random,1003,RND56,8,11,6,optimal,-93.5,-93.5,5,18,0.0005,7,0,0,0,0,0,"[0, 0, 0, 0, 0, 0, 0, 0, 0, 0]",Optimal,-93.5,match,
random,1003,RND57,2,11,10,optimal,173,173,3,12,0.0003,2,0,0,0,9,0,"[0, 0, 0, 0, 0, 0, 0, 0, 9, 0]",Optimal,173.0,match,
random,1003,RND58,4,5,5,optimal,24,24,3,4,0.0003,6,0,0,0,0,0,"[0, 0, 0, 0, 0, 0, 0, 0, 0, 0]",Optimal,24.0,match,
random,1003,RND59,3,3,1,optimal,0,0,1,0,0.0001,1,0,0,0,0,0,"[0, 0, 0, 0, 0, 0, 0, 0, 0, 0]",Optimal,0.0,match,
random,1003,RND60,6,5,3,optimal,63,63,1,7,0.0002,0,0,0,0,0,0,"[0, 0, 0, 0, 0, 0, 0, 0, 0, 0]",Optimal,63.0,match,
random,1003,RND61,7,5,4,optimal,-9,-9,5,6,0.0003,5,1,0,1,2,0,"[1, 1, 0, 0, 0, 0, 0, 0, 2, 0]",Optimal,-9.0,match,
random,1003,RND62,4,3,2,optimal,-12.5,-12.5,1,1,0.0002,2,0,0,0,0,0,"[0, 0, 0, 0, 0, 0, 0, 0, 0, 0]",Optimal,-12.5,match,
random,1003,RND63,8,4,2,optimal,48.285714285714285,48.285714285714285,1,4,0.0003,1,0,0,0,0,0,"[0, 0, 0, 0, 0, 0, 0, 0, 0, 0]",Optimal,48.285714285714285,match,
random,1003,RND64,7,11,6,optimal,-59.8,-59.8,1,9,0.0003,4,0,0,0,0,0,"[0, 0, 0, 0, 0, 0, 0, 0, 0, 0]",Optimal,-59.8,match,
random,1003,RND65,4,9,7,optimal,70,70,1,13,0.0002,1,0,0,0,0,0,"[0, 0, 0, 0, 0, 0, 0, 0, 0, 0]",Optimal,70.0,match,
random,1003,RND66,5,12,9,optimal,148.57142857142856,148.57142857142856,9,19,0.0008,5,0,0,0,6,0,"[0, 0, 0, 0, 0, 0, 0, 0, 6, 0]",Optimal,148.57142857142856,match,
random,1003,RND67,6,6,5,optimal,12.571428571428571,12.571428571428571,1,1,0.0002,4,0,0,0,0,0,"[0, 0, 0, 0, 0, 0, 0, 0, 0, 0]",Optimal,12.571428571428571,match,
random,1003,RND68,6,7,6,optimal,-24,-24,3,6,0.0003,4,1,0,1,5,0,"[1, 1, 0, 0, 0, 0, 0, 0, 5, 0]",Optimal,-24.0,match,
random,1003,RND69,6,5,2,optimal,32,32,3,5,0.0004,3,0,0,0,0,0,"[0, 0, 0, 0, 0, 0, 0, 0, 0, 0]",Optimal,32.0,match,
random,1003,RND70,7,3,1,optimal,-16,-16,1,1,0.0001,1,0,0,0,0,0,"[0, 0, 0, 0, 0, 0, 0, 0, 0, 0]",Optimal,-16.0,match,
random,1003,RND71,3,10,6,optimal,57.5,57.5,3,7,0.0002,5,0,0,0,0,0,"[0, 0, 0, 0, 0, 0, 0, 0, 0, 0]",Optimal,57.5,match,
random,1003,RND72,6,4,3,optimal,3.333333333333333,3.333333333333333,1,5,0.0003,3,0,0,0,0,0,"[0, 0, 0, 0, 0, 0, 0, 0, 0, 0]",Optimal,3.333333333333333,match,
random,1003,RND73,8,7,6,optimal,66.5,66.5,7,16,0.0007,8,0,0,0,6,0,"[0, 0, 0, 0, 0, 0, 0, 0, 6, 0]",Optimal,66.5,match,
random,1003,RND74,6,4,1,optimal,61.199999999999996,61.199999999999996,1,1,0.0002,0,0,0,0,0,0,"[0, 0, 0, 0, 0, 0, 0, 0, 0, 0]",Optimal,61.199999999999996,match,
random,1003,RND75,6,4,2,optimal,23.75,23.75,1,5,0.0002,2,0,0,0,0,0,"[0, 0, 0, 0, 0, 0, 0, 0, 0, 0]",Optimal,23.75,match,
random,1003,RND76,8,10,10,optimal,52,52,16,37,0.002,24,1,0,1,8,0,"[1, 1, 0, 0, 0, 0, 0, 0, 8, 0]",Optimal,52.0,match,
random,1003,RND77,7,6,3,optimal,-9.75,-9.75,1,1,0.0002,3,0,0,0,0,0,"[0, 0, 0, 0, 0, 0, 0, 0, 0, 0]",Optimal,-9.75,match,
random,1003,RND78,5,7,6,optimal,-47,-47,1,1,0.0003,6,0,0,0,0,0,"[0, 0, 0, 0, 0, 0, 0, 0, 0, 0]",Optimal,-47.0,match,
random,1003,RND79,7,12,8,optimal,-52.18181818181818,-52.18181818181818,9,25,0.0009,3,0,0,0,0,0,"[0, 0, 0, 0, 0, 0, 0, 0, 0, 0]",Optimal,-52.18181818181818,match,
random,1003,RND80,4,9,6,optimal,-97,-97,3,6,0.0003,3,0,0,0,0,0,"[0, 0, 0, 0, 0, 0, 0, 0, 0, 0]",Optimal,-97.0,match,
random,1003,RND81,3,4,2,optimal,-112,-112,1,4,0.0002,1,0,0,0,0,0,"[0, 0, 0, 0, 0, 0, 0, 0, 0, 0]",Optimal,-112.0,match,
random,1003,RND82,6,10,6,optimal,-25,-25,3,10,0.0004,3,0,0,0,0,0,"[0, 0, 0, 0, 0, 0, 0, 0, 0, 0]",Optimal,-25.0,match,
random,1003,RND83,2,8,7,optimal,60,60,1,2,0.0001,4,0,0,0,0,0,"[0, 0, 0, 0, 0, 0, 0, 0, 0, 0]",Optimal,60.0,match,
random,1003,RND84,2,7,3,optimal,-53.94444444444444,-53.94444444444444,1,4,0.0002,0,0,0,0,0,0,"[0, 0, 0, 0, 0, 0, 0, 0, 0, 0]",Optimal,-53.94444444444444,match,
random,1003,RND85,6,8,5,optimal,5,5,7,12,0.0007,7,1,0,1,3,0,"[1, 1, 0, 0, 0, 0, 0, 0, 3, 0]",Optimal,5.0,match,
random,1003,RND86,4,10,7,optimal,71,71,1,5,0.0002,4,0,0,0,0,0,"[0, 0, 0, 0, 0, 0, 0, 0, 0, 0]",Optimal,71.0,match,
random,1003,RND87,8,6,4,optimal,-35,-35,6,15,0.0004,8,0,0,0,0,0,"[0, 0, 0, 0, 0, 0, 0, 0, 0, 0]",Optimal,-35.0,match,
random,1003,RND88,6,12,6,optimal,-54.25,-54.25,9,18,0.0008,4,0,0,0,5,0,"[0, 0, 0, 0, 0, 0, 0, 0, 5, 0]",Optimal,-54.25,match,
random,1003,RND89,7,12,11,optimal,-135,-135,12,27,0.0009,27,1,0,1,12,0,"[1, 1, 0, 0, 0, 0, 0, 0, 12, 0]",Optimal,-135.0,match,
random,1003,RND90,4,8,4,optimal,182.33333333333331,182.33333333333331,1,8,0.0002,1,0,0,0,0,0,"[0, 0, 0, 0, 0, 0, 0, 0, 0, 0]",Optimal,182.33333333333334,match,
random,1003,RND91,5,5,3,optimal,24,24,1,3,0.0001,1,0,0,0,0,0,"[0, 0, 0, 0, 0, 0, 0, 0, 0, 0]",Optimal,24.0,match,
random,1003,RND92,5,6,6,optimal,78,78,1,10,0.0006,2,0,0,0,0,0,"[0, 0, 0, 0, 0, 0, 0, 0, 0, 0]",Optimal,78.0,match,
random,1003,RND93,8,7,6,optimal,36,36,5,12,0.0004,5,0,0,0,5,0,"[0, 0, 0, 0, 0, 0, 0, 0, 5, 0]",Optimal,36.0,match,
random,1003,RND94,4,3,3,optimal,-17,-17,1,3,0.0001,3,0,0,0,0,0,"[0, 0, 0, 0, 0, 0, 0, 0, 0, 0]",Optimal,-17.0,match,
random,1003,RND95,4,8,6,optimal,46.111111111111114,46.111111111111114,3,12,0.0003,0,0,0,0,5,0,"[0, 0, 0, 0, 0, 0, 0, 0, 5, 0]",Optimal,46.111111111111114,match,
random,1003,RND96,3,11,8,optimal,94.25,94.25,9,13,0.0004,8,1,0,1,6,0,"[1, 1, 0, 0, 0, 0, 0, 0, 6, 0]",Optimal,94.25,match,
random,1003,RND97,6,10,6,optimal,-99,-99,3,9,0.0002,5,0,0,0,0,0,"[0, 0, 0, 0, 0, 0, 0, 0, 0, 0]",Optimal,-99.0,match,
random,1003,RND98,4,11,7,optimal,49.333333333333336,49.333333333333336,3,8,0.0003,3,0,0,0,6,0,"[0, 0, 0, 0, 0, 0, 0, 0, 6, 0]",Optimal,49.333333333333336,match,
random,1003,RND99,5,9,6,optimal,-18.75,-18.75,1,2,0.0002,2,0,0,0,0,0,"[0, 0, 0, 0, 0, 0, 0, 0, 0, 0]",Optimal,-18.75,match,
random,1004,RND0,2,9,6,optimal,-79,-79,1,3,0.0001,1,0,0,0,0,0,"[0, 0, 0, 0, 0, 0, 0, 0, 0, 0]",Optimal,-79.0,match,
random,1004,RND1,4,12,8,optimal,-190,-190,1,14,0.0002,0,0,0,0,0,0,"[0, 0, 0, 0, 0, 0, 0, 0, 0, 0]",Optimal,-190.0,match,
random,1004,RND2,2,10,9,optimal,-222,-222,1,8,0.0002,0,0,0,0,0,0,"[0, 0, 0, 0, 0, 0, 0, 0, 0, 0]",Optimal,-222.0,match,
random,1004,RND3,3,3,3,optimal,-3,-3,1,1,0.0001,3,0,0,0,0,0,"[0, 0, 0, 0, 0, 0, 0, 0, 0, 0]",Optimal,-3.0,match,
random,1004,RND4,5,4,2,optimal,-9.333333333333334,-9.333333333333334,5,5,0.0002,6,0,0,0,0,0,"[0, 0, 0, 0, 0, 0, 0, 0, 0, 0]",Optimal,-9.333333333333334,match,
random,1004,RND5,8,7,5,optimal,-58.857142857142854,-58.857142857142854,7,11,0.0005,14,0,0,0,3,0,"[0, 0, 0, 0, 0, 0, 0, 0, 3, 0]",Optimal,-58.857142857142854,match,
random,1004,RND6,3,3,1,optimal,-68,-68,1,3,0.0001,0,0,0,0,0,0,"[0, 0, 0, 0, 0, 0, 0, 0, 0, 0]",Optimal,-68.0,match,
random,1004,RND7,7,5,5,optimal,-27,-27,3,5,0.0003,3,1,0,1,4,0,"[1, 1, 0, 0, 0, 0, 0, 0, 4, 0]",Optimal,-27.0,match,
random,1004,RND8,5,4,2,optimal,25.2,25.2,3,4,0.0002,2,0,0,0,1,0,"[0, 0, 0, 0, 0, 0, 0, 0, 1, 0]",Optimal,25.2,match,
random,1004,RND9,8,7,5,infeasible,,,1,0,0.0002,0,1,0,1,0,0,"[1, 1, 0, 0, 0, 0, 0, 0, 0, 0]",Infeasible,0.0,match,
random,1004,RND10,8,3,2,infeasible,,,1,2,0.0002,2,0,0,0,0,0,"[0, 0, 0, 0, 0, 0, 0, 0, 0, 0]",Infeasible,0.0,match,
random,1004,RND11,2,8,4,optimal,-175.25,-175.25,1,5,0.0002,1,0,0,0,0,0,"[0, 0, 0, 0, 0, 0, 0, 0, 0, 0]",Optimal,-175.25,match,
random,1004,RND12,3,7,4,optimal,15,15,1,1,0.0001,0,0,0,0,0,0,"[0, 0, 0, 0, 0, 0, 0, 0, 0, 0]",Optimal,15.0,match,
random,1004,RND13,6,12,9,optimal,63,63,1,11,0.0002,1,0,0,0,0,0,"[0, 0, 0, 0, 0, 0, 0, 0, 0, 0]",Optimal,63.0,match,
random,1004,RND14,7,12,5,optimal,66.02777777777777,66.02777777777777,3,12,0.0003,3,0,0,0,0,0,"[0, 0, 0, 0, 0, 0, 0, 0, 0, 0]",Optimal,66.02777777777777,match,
random,1004,RND15,2,11,7,optimal,-108,-108,3,8,0.0002,1,1,0,1,6,0,"[1, 1, 0, 0, 0, 0, 0, 0, 6, 0]",Optimal,-108.0,match,
random,1004,RND16,5,11,9,optimal,-110,-110,1,5,0.0002,6,0,0,0,0,0,"[0, 0, 0, 0, 0, 0, 0, 0, 0, 0]",Optimal,-110.0,match,
random,1004,RND17,5,4,4,optimal,-16,-16,1,4,0.0001,3,0,0,0,0,0,"[0, 0, 0, 0, 0, 0, 0, 0, 0, 0]",Optimal,-16.0,match,
random,1004,RND18,3,4,3,optimal,28,28,3,4,0.0002,2,0,0,0,0,0,"[0, 0, 0, 0, 0, 0, 0, 0, 0, 0]",Optimal,28.0,match,
random,1004,RND19,8,12,10,optimal,31,31,11,25,0.0009,31,0,0,0,10,0,"[0, 0, 0, 0, 0, 0, 0, 0, 10, 0]",Optimal,31.0,match,
random,1004,RND20,4,10,9,optimal,386,386,1,9,0.0002,3,0,0,0,0,0,"[0, 0, 0, 0, 0, 0, 0, 0, 0, 0]",Optimal,386.0,match,
random,1004,RND21,4,3,2,optimal,164,164,1,3,0.0001,1,0,0,0,0,0,"[0, 0, 0, 0, 0, 0, 0, 0, 0, 0]",Optimal,164.0,match,
random,1004,RND22,4,10,7,optimal,79,79,5,5,0.0005,9,1,0,1,6,0,"[1, 1, 0, 0, 0, 0, 0, 0, 6, 0]",Optimal,79.0,match,
random,1004,RND23,4,7,5,optimal,-52,-52,3,10,0.0004,8,0,0,0,1,0,"[0, 0, 0, 0, 0, 0, 0, 0, 1, 0]",Optimal,-52.0,match,
random,1004,RND24,8,9,6,optimal,89,89,3,11,0.0003,3,0,0,0,0,0,"[0, 0, 0, 0, 0, 0, 0, 0, 0, 0]",Optimal,89.0,match,
random,1004,RND25,8,3,0,optimal,14,,,4,0.0001,,,,,,,,Optimal,14.0,match,
random,1004,RND26,4,3,3,optimal,41,41,1,2,0.0001,2,0,0,0,0,0,"[0, 0, 0, 0, 0, 0, 0, 0, 0, 0]",Optimal,41.0,match,
random,1004,RND27,8,9,3,optimal,31.263157894736842,31.263157894736842,1,3,0.0002,2,0,0,0,0,0,"[0, 0, 0, 0, 0, 0, 0, 0, 0, 0]",Optimal,31.263157894736842,match,
random,1004,RND28,5,12,6,optimal,-111.66666666666667,-111.66666666666667,24,34,0.0011,8,0,0,0,13,0,"[0, 0, 0, 0, 0, 0, 0, 0, 13, 0]",Optimal,-111.66666666666667,match,
random,1004,RND29,8,7,3,optimal,-35,-35,5,11,0.0005,3,1,0,1,2,0,"[1, 1, 0, 0, 0, 0, 0, 0, 2, 0]",Optimal,-35.00000000000001,match,
random,1004,RND30,2,11,9,optimal,-297.2857142857143,-297.2857142857143,1,8,0.0002,2,0,0,0,0,0,"[0, 0, 0, 0, 0, 0, 0, 0, 0, 0]",Optimal,-297.2857142857143,match,
random,1004,RND31,6,7,5,optimal,-3,-3,7,13,0.0006,3,0,0,0,2,0,"[0, 0, 0, 0, 0, 0, 0, 0, 2, 0]",Optimal,-3.0,match,
random,1004,RND32,3,10,8,optimal,-156,-156,23,19,0.0007,7,0,0,0,5,0,"[0, 0, 0, 0, 0, 0, 0, 0, 5, 0]",Optimal,-156.0,match,
random,1004,RND33,2,9,6,optimal,30,30,1,6,0.0002,5,0,0,0,0,0,"[0, 0, 0, 0, 0, 0, 0, 0, 0, 0]",Optimal,30.0,match,
random,1004,RND34,2,4,3,optimal,-18,-18,1,1,0.0002,1,0,0,0,0,0,"[0, 0, 0, 0, 0, 0, 0, 0, 0, 0]",Optimal,-18.0,match,
random,1004,RND35,6,8,5,optimal,104,104,1,4,0.0002,1,0,0,0,0,0,"[0, 0, 0, 0, 0, 0, 0, 0, 0, 0]",Optimal,104.0,match,
random,1004,RND36,3,11,9,optimal,16.42857142857143,16.42857142857143,3,4,0.0004,3,0,0,0,8,0,"[0, 0, 0, 0, 0, 0, 0, 0, 8, 0]",Optimal,16.428571428571427,match,
random,1004,RND37,4,11,9,optimal,149,149,5,15,0.0005,5,0,0,0,9,0,"[0, 0, 0, 0, 0, 0, 0, 0, 9, 0]",Optimal,149.0,match,
random,1004,RND38,2,11,8,optimal,90,90,1,3,0.0002,4,0,0,0,0,0,"[0, 0, 0, 0, 0, 0, 0, 0, 0, 0]",Optimal,90.0,match,
random,1004,RND39,4,11,9,optimal,-98,-98,11,18,0.0005,10,2,0,2,10,0,"[2, 2, 0, 0, 0, 0, 0, 0, 10, 0]",Optimal,-98.0,match,
random,1004,RND40,6,3,2,infeasible,,,1,0,0.0002,0,1,0,1,0,0,"[1, 1, 0, 0, 0, 0, 0, 0, 0, 0]",Infeasible,0.0,match,
random,1004,RND41,8,8,7,optimal,-52,-52,20,31,0.0014,16,0,0,0,8,0,"[0, 0, 0, 0, 0, 0, 0, 0, 8, 0]",Optimal,-52.0000008,match,
random,1004,RND42,4,5,4,optimal,-36,-36,1,5,0.0001,1,0,0,0,0,0,"[0, 0, 0, 0, 0, 0, 0, 0, 0, 0]",Optimal,-36.0,match,
random,1004,RND43,2,12,9,optimal,-84,-84,7,10,0.0004,16,0,0,0,6,0,"[0, 0, 0, 0, 0, 0, 0, 0, 6, 0]",Optimal,-84.0,match,
random,1004,RND44,5,9,7,optimal,-123.625,-123.625,1,8,0.0002,2,0,0,0,0,0,"[0, 0, 0, 0, 0, 0, 0, 0, 0, 0]",Optimal,-123.625,match,
random,1004,RND45,2,4,3,optimal,24.5,24.5,1,3,0.0002,1,0,0,0,0,0,"[0, 0, 0, 0, 0, 0, 0, 0, 0, 0]",Optimal,24.5,match,
random,1004,RND46,4,12,10,optimal,-193,-193,7,13,0.0006,7,2,0,2,16,0,"[2, 2, 0, 0, 0, 0, 0, 0, 16, 0]",Optimal,-193.0,match,
random,1004,RND47,6,5,5,optimal,-24,-24,3,3,0.0002,5,1,0,1,2,0,"[1, 1, 0, 0, 0, 0, 0, 0, 2, 0]",Optimal,-24.0,match,
random,1004,RND48,2,12,8,optimal,-101,-101,1,4,0.0002,0,0,0,0,0,0,"[0, 0, 0, 0, 0, 0, 0, 0, 0, 0]",Optimal,-101.0,match,
random,1004,RND49,8,7,4,optimal,-64.5,-64.5,1,7,0.0002,2,0,0,0,0,0,"[0, 0, 0, 0, 0, 0, 0, 0, 0, 0]",Optimal,-64.5,match,
random,1004,RND50,8,3,2,infeasible,,,1,1,0.0002,2,0,0,0,0,0,"[0, 0, 0, 0, 0, 0, 0, 0, 0, 0]",Infeasible,0.0,match,
random,1004,RND51,7,4,4,optimal,4,4,5,9,0.0003,9,0,0,0,0,0,"[0, 0, 0, 0, 0, 0, 0, 0, 0, 0]",Optimal,4.0,match,
random,1004,RND52,5,12,11,optimal,-65,-65,19,31,0.0009,52,1,0,1,8,0,"[1, 1, 0, 0, 0, 0, 0, 0, 8, 0]",Optimal,-65.0,match,
random,1004,RND53,3,4,3,optimal,7,7,9,10,0.0003,2,0,0,0,1,0,"[0, 0, 0, 0, 0, 0, 0, 0, 1, 0]",Optimal,7.0,match,
random,1004,RND54,3,6,3,optimal,224,224,3,10,0.0002,1,0,0,0,0,0,"[0, 0, 0, 0, 0, 0, 0, 0, 0, 0]",Optimal,224.0,match,
random,1004,RND55,8,7,6,optimal,-76.2,-76.2,7,18,0.0009,3,1,0,1,7,0,"[1, 1, 0, 0, 0, 0, 0, 0, 7, 0]",Optimal,-76.2,match,
random,1004,RND56,5,11,10,optimal,-75,-75,2,9,0.0003,5,0,0,0,0,0,"[0, 0, 0, 0, 0, 0, 0, 0, 0, 0]",Optimal,-75.0,match,
random,1004,RND57,6,6,4,optimal,-47,-47,1,6,0.0002,2,0,0,0,0,0,"[0, 0, 0, 0, 0, 0, 0, 0, 0, 0]",Optimal,-47.0,match,
random,1004,RND58,4,10,7,optimal,-113.4,-113.4,10,19,0.0005,1,0,0,0,7,0,"[0, 0, 0, 0, 0, 0, 0, 0, 7, 0]",Optimal,-113.4,match,
random,1004,RND59,8,12,6,optimal,53.74025974025974,53.74025974025974,19,36,0.0011,22,1,0,1,8,0,"[1, 1, 0, 0, 0, 0, 0, 0, 8, 0]",Optimal,53.74025974025974,match,
random,1004,RND60,3,7,6,optimal,206,206,3,11,0.0002,0,0,0,0,0,0,"[0, 0, 0, 0, 0, 0, 0, 0, 0, 0]",Optimal,206.0,match,
random,1004,RND61,4,6,6,optimal,27,27,1,6,0.0002,4,0,0,0,0,0,"[0, 0, 0, 0, 0, 0, 0, 0, 0, 0]",Optimal,27.0,match,
random,1004,RND62,4,4,4,optimal,7,7,1,0,0.0001,3,0,0,0,0,0,"[0, 0, 0, 0, 0, 0, 0, 0, 0, 0]",Optimal,7.0,match,
random,1004,RND63,3,11,7,optimal,106,106,5,11,0.0003,6,0,0,0,6,0,"[0, 0, 0, 0, 0, 0, 0, 0, 6, 0]",Optimal,106.00000000000001,match,
random,1004,RND64,4,4,4,optimal,18,18,1,1,0.0001,2,0,0,0,0,0,"[0, 0, 0, 0, 0, 0, 0, 0, 0, 0]",Optimal,18.0,match,
random,1004,RND65,6,12,9,optimal,94,94,5,16,0.0006,11,1,0,1,8,0,"[1, 1, 0, 0, 0, 0, 0, 0, 8, 0]",Optimal,94.0,match,
random,1004,RND66,8,8,7,optimal,36,36,18,31,0.0011,19,0,0,0,16,0,"[0, 0, 0, 0, 0, 0, 0, 0, 16, 0]",Optimal,35.99999999999998,match,
random,1004,RND67,7,7,6,optimal,17.666666666666668,17.666666666666668,11,21,0.0007,8,0,0,0,8,0,"[0, 0, 0, 0, 0, 0, 0, 0, 8, 0]",Optimal,17.666666666666668,match,
random,1004,RND68,7,5,4,optimal,-15,-15,1,3,0.0002,3,0,0,0,0,0,"[0, 0, 0, 0, 0, 0, 0, 0, 0, 0]",Optimal,-15.0,match,
random,1004,RND69,5,7,5,optimal,49,49,3,9,0.0004,4,0,0,0,0,0,"[0, 0, 0, 0, 0, 0, 0, 0, 0, 0]",Optimal,49.0,match,
random,1004,RND70,7,10,6,optimal,21.5,21.5,3,7,0.0005,2,0,0,0,5,0,"[0, 0, 0, 0, 0, 0, 0, 0, 5, 0]",Optimal,21.5,match,
random,1004,RND71,4,4,3,optimal,8.333333333333334,8.333333333333334,3,4,0.0003,3,1,0,1,2,0,"[1, 1, 0, 0, 0, 0, 0, 0, 2, 0]",Optimal,8.333333333333334,match,
random,1004,RND72,5,8,5,optimal,-38.5,-38.5,3,6,0.0002,5,0,0,0,0,0,"[0, 0, 0, 0, 0, 0, 0, 0, 0, 0]",Optimal,-38.5,match,
random,1004,RND73,3,10,9,optimal,88,88,3,9,0.0004,1,0,0,0,8,0,"[0, 0, 0, 0, 0, 0, 0, 0, 8, 0]",Optimal,88.0,match,
random,1004,RND74,5,10,4,optimal,33.5,33.5,5,10,0.0003,4,0,0,0,0,0,"[0, 0, 0, 0, 0, 0, 0, 0, 0, 0]",Optimal,33.5,match,
random,1004,RND75,3,3,2,optimal,-10,-10,1,1,0.0001,1,0,0,0,0,0,"[0, 0, 0, 0, 0, 0, 0, 0, 0, 0]",Optimal,-10.0,match,
random,1004,RND76,4,3,1,optimal,10,10,1,3,0.0001,1,0,0,0,0,0,"[0, 0, 0, 0, 0, 0, 0, 0, 0, 0]",Optimal,10.0,match,
random,1004,RND77,4,12,9,optimal,125,125,3,7,0.0003,5,1,0,1,8,0,"[1, 1, 0, 0, 0, 0, 0, 0, 8, 0]",Optimal,125.0,match,
random,1004,RND78,5,3,1,optimal,20.25,20.25,1,3,0.0003,1,0,0,0,0,0,"[0, 0, 0, 0, 0, 0, 0, 0, 0, 0]",Optimal,20.25,match,
random,1004,RND79,7,5,1,optimal,-17.5,-17.5,1,4,0.0002,1,0,0,0,0,0,"[0, 0, 0, 0, 0, 0, 0, 0, 0, 0]",Optimal,-17.5,match,
random,1004,RND80,8,11,6,optimal,-148.7,-148.7,3,16,0.0003,4,0,0,0,0,0,"[0, 0, 0, 0, 0, 0, 0, 0, 0, 0]",Optimal,-148.7,match,
random,1004,RND81,6,3,1,optimal,18,18,1,2,0.0001,0,0,0,0,0,0,"[0, 0, 0, 0, 0, 0, 0, 0, 0, 0]",Optimal,18.0,match,
random,1004,RND82,3,3,2,infeasible,,,1,0,0.0001,2,0,0,0,0,0,"[0, 0, 0, 0, 0, 0, 0, 0, 0, 0]",Infeasible,0.0,match,
random,1004,RND83,3,8,5,optimal,40,40,1,1,0.0002,1,0,0,0,0,0,"[0, 0, 0, 0, 0, 0, 0, 0, 0, 0]",Optimal,40.0,match,
random,1004,RND84,6,5,2,optimal,-4,-4,3,3,0.0002,2,0,0,0,0,0,"[0, 0, 0, 0, 0, 0, 0, 0, 0, 0]",Optimal,-4.0,match,
random,1004,RND85,5,7,5,optimal,106.66666666666667,106.66666666666667,3,6,0.0003,2,0,0,0,4,0,"[0, 0, 0, 0, 0, 0, 0, 0, 4, 0]",Optimal,106.66666666666667,match,
random,1004,RND86,4,10,5,optimal,-205.33333333333331,-205.33333333333331,3,12,0.0004,4,0,0,0,3,0,"[0, 0, 0, 0, 0, 0, 0, 0, 3, 0]",Optimal,-205.33333333333331,match,
random,1004,RND87,2,6,4,optimal,61,61,1,3,0.0002,1,0,0,0,0,0,"[0, 0, 0, 0, 0, 0, 0, 0, 0, 0]",Optimal,61.0,match,
random,1004,RND88,5,11,6,optimal,-26,-26,3,9,0.0003,8,0,0,0,0,0,"[0, 0, 0, 0, 0, 0, 0, 0, 0, 0]",Optimal,-26.0,match,
random,1004,RND89,4,3,1,optimal,60,60,1,1,0.0001,0,0,0,0,0,0,"[0, 0, 0, 0, 0, 0, 0, 0, 0, 0]",Optimal,60.0,match,
random,1004,RND90,4,4,1,optimal,15.555555555555557,15.555555555555557,1,1,0.0001,0,0,0,0,0,0,"[0, 0, 0, 0, 0, 0, 0, 0, 0, 0]",Optimal,15.555555555555557,match,
random,1004,RND91,8,10,5,optimal,-76.39224137931035,-76.39224137931035,17,39,0.0011,23,0,0,0,6,0,"[0, 0, 0, 0, 0, 0, 0, 0, 6, 0]",Optimal,-76.39224137931035,match,
random,1004,RND92,5,9,5,optimal,-0.3768656716417911,-0.3768656716417911,5,19,0.0003,12,0,0,0,0,0,"[0, 0, 0, 0, 0, 0, 0, 0, 0, 0]",Optimal,-0.37686567164179063,match,
random,1004,RND93,4,7,6,optimal,36,36,3,5,0.0002,6,0,0,0,0,0,"[0, 0, 0, 0, 0, 0, 0, 0, 0, 0]",Optimal,36.0,match,
random,1004,RND94,3,5,4,optimal,-12,-12,1,1,0.0001,2,0,0,0,0,0,"[0, 0, 0, 0, 0, 0, 0, 0, 0, 0]",Optimal,-12.0,match,
random,1004,RND95,8,3,3,infeasible,,,1,0,0.0001,0,1,0,1,0,0,"[1, 1, 0, 0, 0, 0, 0, 0, 0, 0]",Infeasible,0.0,match,
random,1004,RND96,3,3,2,optimal,-102,-102,3,6,0.0002,0,1,0,1,1,0,"[1, 1, 0, 0, 0, 0, 0, 0, 1, 0]",Optimal,-102.0,match,
random,1004,RND97,2,4,3,optimal,35,35,1,3,0.0001,2,0,0,0,0,0,"[0, 0, 0, 0, 0, 0, 0, 0, 0, 0]",Optimal,35.0,match,
random,1004,RND98,5,6,5,optimal,-99.25,-99.25,1,6,0.0002,1,0,0,0,0,0,"[0, 0, 0, 0, 0, 0, 0, 0, 0, 0]",Optimal,-99.25,match,
random,1004,RND99,4,3,0,optimal,-30,,,3,0.0001,,,,,,,,Optimal,-30.0,match,
random,1005,RND0,8,10,7,optimal,21,21,5,11,0.0004,15,0,0,0,0,0,"[0, 0, 0, 0, 0, 0, 0, 0, 0, 0]",Optimal,21.0,match,
random,1005,RND1,2,4,2,optimal,-105,-105,1,2,0.0002,1,0,0,0,0,0,"[0, 0, 0, 0, 0, 0, 0, 0, 0, 0]",Optimal,-105.0,match,
random,1005,RND2,6,9,7,optimal,47,47,7,16,0.0005,6,1,0,1,7,0,"[1, 1, 0, 0, 0, 0, 0, 0, 7, 0]",Optimal,47.0,match,
random,1005,RND3,8,8,5,infeasible,,,1,7,0.0003,3,0,0,0,0,0,"[0, 0, 0, 0, 0, 0, 0, 0, 0, 0]",Infeasible,0.0,match,
random,1005,RND4,6,7,5,optimal,-115,-115,1,11,0.0002,0,0,0,0,0,0,"[0, 0, 0, 0, 0, 0, 0, 0, 0, 0]",Optimal,-115.0,match,
random,1005,RND5,4,7,5,optimal,-49.14285714285714,-49.14285714285714,1,6,0.0002,5,0,0,0,0,0,"[0, 0, 0, 0, 0, 0, 0, 0, 0, 0]",Optimal,-49.14285714285714,match,
random,1005,RND6,8,8,6,optimal,33,33,13,25,0.001,23,2,0,2,9,0,"[2, 2, 0, 0, 0, 0, 0, 0, 9, 0]",Optimal,33.0,match,
random,1005,RND7,8,3,2,optimal,-6.857142857142857,-6.857142857142857,3,3,0.0003,0,1,0,1,1,0,"[1, 1, 0, 0, 0, 0, 0, 0, 1, 0]",Optimal,-6.857142857142857,match,
random,1005,RND8,4,8,5,optimal,86,86,1,7,0.0002,0,0,0,0,0,0,"[0, 0, 0, 0, 0, 0, 0, 0, 0, 0]",Optimal,86.0,match,
random,1005,RND9,8,10,7,optimal,-74.125,-74.125,9,19,0.0005,5,0,0,0,0,0,"[0, 0, 0, 0, 0, 0, 0, 0, 0, 0]",Optimal,-74.125,match,
random,1005,RND10,6,3,3,optimal,60,60,1,6,0.0002,2,0,0,0,0,0,"[0, 0, 0, 0, 0, 0, 0, 0, 0, 0]",Optimal,60.0,match,
random,1005,RND11,3,10,9,optimal,-48,-48,1,6,0.0002,2,0,0,0,0,0,"[0, 0, 0, 0, 0, 0, 0, 0, 0, 0]",Optimal,-48.0,match,
random,1005,RND12,5,10,6,optimal,-61,-61,10,21,0.0007,11,0,0,0,0,0,"[0, 0, 0, 0, 0, 0, 0, 0, 0, 0]",Optimal,-61.0,match,
random,1005,RND13,4,4,4,optimal,9,9,3,3,0.0003,1,1,0,1,3,0,"[1, 1, 0, 0, 0, 0, 0, 0, 3, 0]",Optimal,9.0,match,
random,1005,RND14,4,4,2,optimal,1,1,1,2,0.0003,2,0,0,0,0,0,"[0, 0, 0, 0, 0, 0, 0, 0, 0, 0]",Optimal,1.0,match,
random,1005,RND15,5,10,7,optimal,137,137,5,15,0.0006,6,0,0,0,0,0,"[0, 0, 0, 0, 0, 0, 0, 0, 0, 0]",Optimal,137.0,match,
random,1005,RND16,6,10,7,optimal,0,0,1,0,0.0002,5,0,0,0,0,0,"[0, 0, 0, 0, 0, 0, 0, 0, 0, 0]",Optimal,0.0,match,
random,1005,RND17,5,6,4,optimal,-65.4,-65.4,5,11,0.0003,3,0,0,0,0,0,"[0, 0, 0, 0, 0, 0, 0, 0, 0, 0]",Optimal,-65.4,match,
random,1005,RND18,5,7,7,optimal,-20,-20,15,13,0.0004,26,2,0,2,5,0,"[2, 2, 0, 0, 0, 0, 0, 0, 5, 0]",Optimal,-20.0,match,
random,1005,RND19,3,7,5,optimal,-7.714285714285715,-7.714285714285715,1,2,0.0002,3,0,0,0,0,0,"[0, 0, 0, 0, 0, 0, 0, 0, 0, 0]",Optimal,-7.7142857142857135,match,
random,1005,RND20,6,5,4,optimal,36,36,1,3,0.0002,3,0,0,0,0,0,"[0, 0, 0, 0, 0, 0, 0, 0, 0, 0]",Optimal,36.0,match,
random,1005,RND21,2,5,2,optimal,-45,-45,1,1,0.0001,2,0,0,0,0,0,"[0, 0, 0, 0, 0, 0, 0, 0, 0, 0]",Optimal,-45.0,match,
random,1005,RND22,7,9,5,optimal,-72,-72,1,11,0.0002,4,0,0,0,0,0,"[0, 0, 0, 0, 0, 0, 0, 0, 0, 0]",Optimal,-72.0,match,
random,1005,RND23,3,6,5,optimal,-31,-31,1,2,0.0001,2,0,0,0,0,0,"[0, 0, 0, 0, 0, 0, 0, 0, 0, 0]",Optimal,-31.0,match,
random,1005,RND24,8,11,7,optimal,22.857142857142858,22.857142857142858,16,23,0.0013,22,0,0,0,12,0,"[0, 0, 0, 0, 0, 0, 0, 0, 12, 0]",Optimal,22.857142857142858,match,
random,1005,RND25,2,11,10,optimal,-22,-22,5,8,0.0004,10,0,0,0,8,0,"[0, 0, 0, 0, 0, 0, 0, 0, 8, 0]",Optimal,-22.0,match,
random,1005,RND26,7,9,4,optimal,37.72222222222222,37.72222222222222,11,19,0.0011,4,0,0,0,5,0,"[0, 0, 0, 0, 0, 0, 0, 0, 5, 0]",Optimal,37.72222222222222,match,
random,1005,RND27,2,8,5,optimal,-16.5,-16.5,3,4,0.0003,1,0,0,0,4,0,"[0, 0, 0, 0, 0, 0, 0, 0, 4, 0]",Optimal,-16.5,match,
random,1005,RND28,3,11,9,optimal,-213,-213,3,12,0.0005,2,0,0,0,8,0,"[0, 0, 0, 0, 0, 0, 0, 0, 8, 0]",Optimal,-213.0,match,
random,1005,RND29,3,4,3,optimal,-29,-29,3,7,0.0002,4,0,0,0,1,0,"[0, 0, 0, 0, 0, 0, 0, 0, 1, 0]",Optimal,-29.0,match,
random,1005,RND30,8,6,3,optimal,33,33,3,9,0.0003,2,0,0,0,0,0,"[0, 0, 0, 0, 0, 0, 0, 0, 0, 0]",Optimal,33.0,match,
random,1005,RND31,4,10,9,optimal,106,106,8,14,0.0005,9,1,0,1,13,0,"[1, 1, 0, 0, 0, 0, 0, 0, 13, 0]",Optimal,106.0,match,
random,1005,RND32,4,8,5,optimal,-26.6,-26.6,5,8,0.0003,5,2,0,2,4,0,"[2, 2, 0, 0, 0, 0, 0, 0, 4, 0]",Optimal,-26.6,match,
random,1005,RND33,5,9,7,optimal,-41,-41,10,16,0.0006,15,1,0,1,13,0,"[1, 1, 0, 0, 0, 0, 0, 0, 13, 0]",Optimal,-41.0,match,
random,1005,RND34,8,7,2,optimal,-49.875,-49.875,5,22,0.0004,0,0,0,0,1,0,"[0, 0, 0, 0, 0, 0, 0, 0, 1, 0]",Optimal,-49.87500000000001,match,
random,1005,RND35,6,7,5,optimal,88,88,5,9,0.0004,5,1,0,1,4,0,"[1, 1, 0, 0, 0, 0, 0, 0, 4, 0]",Optimal,88.0,match,
random,1005,RND36,2,11,9,optimal,78,78,5,11,0.0003,12,0,0,0,8,0,"[0, 0, 0, 0, 0, 0, 0, 0, 8, 0]",Optimal,78.0,match,
random,1005,RND37,4,11,6,optimal,-87,-87,1,8,0.0002,3,0,0,0,0,0,"[0, 0, 0, 0, 0, 0, 0, 0, 0, 0]",Optimal,-87.0,match,
random,1005,RND38,6,4,3,optimal,18,18,1,2,0.0002,2,0,0,0,0,0,"[0, 0, 0, 0, 0, 0, 0, 0, 0, 0]",Optimal,18.0,match,
random,1005,RND39,2,8,7,optimal,10,10,1,3,0.0001,2,0,0,0,0,0,"[0, 0, 0, 0, 0, 0, 0, 0, 0, 0]",Optimal,10.0,match,
random,1005,RND40,3,4,4,optimal,4,4,1,1,0.0002,4,0,0,0,0,0,"[0, 0, 0, 0, 0, 0, 0, 0, 0, 0]",Optimal,4.0,match,
random,1005,RND41,4,10,9,optimal,-98,-98,3,12,0.0004,3,1,0,1,8,0,"[1, 1, 0, 0, 0, 0, 0, 0, 8, 0]",Optimal,-98.0,match,
random,1005,RND42,8,12,10,optimal,-26,-26,23,46,0.0014,57,1,0,1,0,0,"[1, 1, 0, 0, 0, 0, 0, 0, 0, 0]",Optimal,-26.0,match,
random,1005,RND43,5,7,4,optimal,-29.142857142857142,-29.142857142857142,1,6,0.0002,3,0,0,0,0,0,"[0, 0, 0, 0, 0, 0, 0, 0, 0, 0]",Optimal,-29.142857142857142,match,
random,1005,RND44,4,11,9,optimal,244,244,1,14,0.0003,0,0,0,0,0,0,"[0, 0, 0, 0, 0, 0, 0, 0, 0, 0]",Optimal,244.0,match,
random,1005,RND45,6,10,5,optimal,166.50724637681157,166.50724637681157,5,14,0.0006,0,0,0,0,4,0,"[0, 0, 0, 0, 0, 0, 0, 0, 4, 0]",Optimal,166.5072463768116,match,
random,1005,RND46,5,7,5,infeasible,,,1,0,0.0002,0,1,0,1,0,0,"[1, 1, 0, 0, 0, 0, 0, 0, 0, 0]",Infeasible,0.0,match,
random,1005,RND47,2,8,5,optimal,-157,-157,1,5,0.0002,3,0,0,0,0,0,"[0, 0, 0, 0, 0, 0, 0, 0, 0, 0]",Optimal,-157.0,match,
random,1005,RND48,2,12,7,optimal,184,184,1,5,0.0002,1,0,0,0,0,0,"[0, 0, 0, 0, 0, 0, 0, 0, 0, 0]",Optimal,184.0,match,
random,1005,RND49,4,8,7,optimal,-17,-17,12,20,0.0006,23,2,0,2,2,0,"[2, 2, 0, 0, 0, 0, 0, 0, 2, 0]",Optimal,-17.0,match,
random,1005,RND50,2,4,4,optimal,129,129,3,8,0.0002,1,0,0,0,0,0,"[0, 0, 0, 0, 0, 0, 0, 0, 0, 0]",Optimal,129.0,match,
random,1005,RND51,8,6,4,optimal,10,10,1,3,0.0002,3,0,0,0,0,0,"[0, 0, 0, 0, 0, 0, 0, 0, 0, 0]",Optimal,10.0,match,
random,1005,RND52,3,4,4,optimal,-68,-68,3,5,0.0002,4,0,0,0,0,0,"[0, 0, 0, 0, 0, 0, 0, 0, 0, 0]",Optimal,-68.0,match,
random,1005,RND53,6,5,1,optimal,3.666666666666667,3.6666666666666665,1,2,0.0002,1,0,0,0,0,0,"[0, 0, 0, 0, 0, 0, 0, 0, 0, 0]",Optimal,3.666666666666667,match,
random,1005,RND54,7,4,3,optimal,-29.555555555555557,-29.555555555555557,3,5,0.0004,3,0,0,0,2,0,"[0, 0, 0, 0, 0, 0, 0, 0, 2, 0]",Optimal,-29.55555555555555,match,
random,1005,RND55,4,5,4,optimal,-13,-13,3,3,0.0003,5,1,0,1,3,0,"[1, 1, 0, 0, 0, 0, 0, 0, 3, 0]",Optimal,-12.999999999999998,match,
random,1005,RND56,6,10,9,optimal,-219,-219,9,18,0.0009,19,1,0,1,8,0,"[1, 1, 0, 0, 0, 0, 0, 0, 8, 0]",Optimal,-219.0,match,
random,1005,RND57,3,11,8,optimal,-296,-296,1,15,0.0002,0,0,0,0,0,0,"[0, 0, 0, 0, 0, 0, 0, 0, 0, 0]",Optimal,-296.0,match,
random,1005,RND58,4,7,5,optimal,47.333333333333336,47.333333333333336,9,12,0.0004,7,0,0,0,4,0,"[0, 0, 0, 0, 0, 0, 0, 0, 4, 0]",Optimal,47.333333333333336,match,
random,1005,RND59,4,11,9,optimal,145.71428571428572,145.71428571428572,1,7,0.0002,6,0,0,0,0,0,"[0, 0, 0, 0, 0, 0, 0, 0, 0, 0]",Optimal,145.71428571428572,match,
random,1005,RND60,7,8,6,optimal,2.333333333333333,2.333333333333333,1,4,0.0002,4,0,0,0,0,0,"[0, 0, 0, 0, 0, 0, 0, 0, 0, 0]",Optimal,2.333333333333333,match,
random,1005,RND61,6,8,6,optimal,23.285714285714285,23.285714285714285,1,9,0.0002,4,0,0,0,0,0,"[0, 0, 0, 0, 0, 0, 0, 0, 0, 0]",Optimal,23.285714285714285,match,
random,1005,RND62,4,12,10,optimal,75.85714285714286,75.85714285714286,13,27,0.0008,13,0,0,0,19,0,"[0, 0, 0, 0, 0, 0, 0, 0, 19, 0]",Optimal,75.85714285714286,match,
random,1005,RND63,2,8,5,optimal,74,74,1,6,0.0001,0,0,0,0,0,0,"[0, 0, 0, 0, 0, 0, 0, 0, 0, 0]",Optimal,74.0,match,
random,1005,RND64,3,11,9,optimal,-106,-106,11,21,0.001,13,2,0,2,12,0,"[2, 2, 0, 0, 0, 0, 0, 0, 12, 0]",Optimal,-106.0,match,
random,1005,RND65,5,3,2,infeasible,,,1,1,0.0001,1,0,0,0,0,0,"[0, 0, 0, 0, 0, 0, 0, 0, 0, 0]",Infeasible,0.0,match,
random,1005,RND66,7,12,10,optimal,-61,-61,11,30,0.0009,28,1,0,1,14,0,"[1, 1, 0, 0, 0, 0, 0, 0, 14, 0]",Optimal,-61.0,match,
random,1005,RND67,4,7,6,optimal,-90,-90,5,10,0.0002,3,0,0,0,0,0,"[0, 0, 0, 0, 0, 0, 0, 0, 0, 0]",Optimal,-90.0,match,
random,1005,RND68,8,3,3,optimal,18,18,1,7,0.0002,1,0,0,0,0,0,"[0, 0, 0, 0, 0, 0, 0, 0, 0, 0]",Optimal,18.0,match,
random,1005,RND69,3,12,6,optimal,-76.44444444444444,-76.44444444444444,5,10,0.0003,2,0,0,0,5,0,"[0, 0, 0, 0, 0, 0, 0, 0, 5, 0]",Optimal,-76.44444444444444,match,
random,1005,RND70,2,10,9,optimal,106.2,106.2,14,17,0.0007,6,0,0,0,18,0,"[0, 0, 0, 0, 0, 0, 0, 0, 18, 0]",Optimal,106.2,match,
random,1005,RND71,2,11,8,optimal,-158.28571428571428,-158.28571428571428,1,8,0.0002,1,0,0,0,0,0,"[0, 0, 0, 0, 0, 0, 0, 0, 0, 0]",Optimal,-158.28571428571428,match,
random,1005,RND72,4,6,5,optimal,3.5,3.5,3,5,0.0003,9,0,0,0,0,0,"[0, 0, 0, 0, 0, 0, 0, 0, 0, 0]",Optimal,3.5,match,
random,1005,RND73,8,5,4,optimal,73,73,5,8,0.0004,4,0,0,0,3,0,"[0, 0, 0, 0, 0, 0, 0, 0, 3, 0]",Optimal,73.0,match,
random,1005,RND74,3,9,5,optimal,40.57142857142857,40.57142857142857,3,5,0.0003,3,0,0,0,4,0,"[0, 0, 0, 0, 0, 0, 0, 0, 4, 0]",Optimal,40.57142857142857,match,
random,1005,RND75,4,9,6,optimal,31.357142857142858,31.357142857142858,5,8,0.0003,11,0,0,0,0,0,"[0, 0, 0, 0, 0, 0, 0, 0, 0, 0]",Optimal,31.357142857142854,match,
random,1005,RND76,3,6,5,optimal,53,53,3,8,0.0002,1,0,0,0,0,0,"[0, 0, 0, 0, 0, 0, 0, 0, 0, 0]",Optimal,53.0,match,
random,1005,RND77,7,5,2,optimal,1,1,1,1,0.0002,2,0,0,0,0,0,"[0, 0, 0, 0, 0, 0, 0, 0, 0, 0]",Optimal,1.0,match,
random,1005,RND78,3,5,5,optimal,16,16,3,3,0.0002,1,1,0,1,4,0,"[1, 1, 0, 0, 0, 0, 0, 0, 4, 0]",Optimal,16.0,match,
random,1005,RND79,3,7,7,infeasible,,,1,0,0.0002,0,1,0,1,0,0,"[1, 1, 0, 0, 0, 0, 0, 0, 0, 0]",Infeasible,0.0,match,
random,1005,RND80,6,7,6,optimal,-25,-25,7,11,0.0007,18,0,0,0,4,0,"[0, 0, 0, 0, 0, 0, 0, 0, 4, 0]",Optimal,-25.0,match,
random,1005,RND81,7,3,3,infeasible,,,1,0,0.0002,0,1,0,1,0,0,"[1, 1, 0, 0, 0, 0, 0, 0, 0, 0]",Infeasible,0.0,match,
random,1005,RND82,3,9,6,optimal,-118,-118,1,5,0.0002,1,0,0,0,0,0,"[0, 0, 0, 0, 0, 0, 0, 0, 0, 0]",Optimal,-118.0,match,
random,1005,RND83,2,6,5,optimal,133,133,3,7,0.0002,1,1,0,1,3,0,"[1, 1, 0, 0, 0, 0, 0, 0, 3, 0]",Optimal,133.0,match,
random,1005,RND84,2,9,8,optimal,-26.5,-26.5,3,6,0.0003,2,0,0,0,7,0,"[0, 0, 0, 0, 0, 0, 0, 0, 7, 0]",Optimal,-26.5,match,
random,1005,RND85,8,3,0,infeasible,,,,2,0.0001,,,,,,,,Infeasible,0.0,match,
random,1005,RND86,8,5,4,optimal,-14,-14,1,2,0.0001,4,0,0,0,0,0,"[0, 0, 0, 0, 0, 0, 0, 0, 0, 0]",Optimal,-14.0,match,
random,1005,RND87,4,5,2,optimal,14.285714285714285,14.285714285714285,1,2,0.0002,2,0,0,0,0,0,"[0, 0, 0, 0, 0, 0, 0, 0, 0, 0]",Optimal,14.285714285714285,match,
random,1005,RND88,2,9,7,optimal,336,336,1,11,0.0001,0,0,0,0,0,0,"[0, 0, 0, 0, 0, 0, 0, 0, 0, 0]",Optimal,336.0,match,
random,1005,RND89,6,3,2,optimal,43,43,1,4,0.0002,2,0,0,0,0,0,"[0, 0, 0, 0, 0, 0, 0, 0, 0, 0]",Optimal,43.0,match,
random,1005,RND90,6,9,9,optimal,-14,-14,1,5,0.0003,2,0,0,0,0,0,"[0, 0, 0, 0, 0, 0, 0, 0, 0, 0]",Optimal,-14.0,match,
random,1005,RND91,5,9,7,optimal,79,79,1,8,0.0003,3,0,0,0,0,0,"[0, 0, 0, 0, 0, 0, 0, 0, 0, 0]",Optimal,79.0,match,
random,1005,RND92,7,4,2,infeasible,,,1,0,0.0002,0,1,0,1,0,0,"[1, 1, 0, 0, 0, 0, 0, 0, 0, 0]",Infeasible,0.0,match,
random,1005,RND93,2,12,11,optimal,-176,-176,3,12,0.0005,5,0,0,0,9,0,"[0, 0, 0, 0, 0, 0, 0, 0, 9, 0]",Optimal,-176.0,match,
random,1005,RND94,6,12,9,optimal,17,17,18,37,0.0013,23,0,0,0,6,0,"[0, 0, 0, 0, 0, 0, 0, 0, 6, 0]",Optimal,16.999999999999996,match,
random,1005,RND95,2,5,3,optimal,-122,-122,1,4,0.0002,2,0,0,0,0,0,"[0, 0, 0, 0, 0, 0, 0, 0, 0, 0]",Optimal,-122.0,match,
random,1005,RND96,4,12,7,optimal,-175,-175,1,11,0.0003,1,0,0,0,0,0,"[0, 0, 0, 0, 0, 0, 0, 0, 0, 0]",Optimal,-175.0,match,
random,1005,RND97,7,5,3,infeasible,,,1,0,0.0002,1,0,0,0,0,0,"[0, 0, 0, 0, 0, 0, 0, 0, 0, 0]",Infeasible,0.0,match,
random,1005,RND98,7,8,4,optimal,142.75,142.75,11,19,0.0011,8,2,0,2,4,0,"[2, 2, 0, 0, 0, 0, 0, 0, 4, 0]",Optimal,142.75,match,
random,1005,RND99,6,12,9,optimal,-75,-75,13,21,0.0014,12,0,0,0,8,0,"[0, 0, 0, 0, 0, 0, 0, 0, 8, 0]",Optimal,-75.0,match,
random,1006,RND0,2,8,6,optimal,187,187,1,8,0.0002,1,0,0,0,0,0,"[0, 0, 0, 0, 0, 0, 0, 0, 0, 0]",Optimal,187.0,match,
random,1006,RND1,7,4,2,optimal,-3.6666666666666665,-3.6666666666666665,1,3,0.0002,2,0,0,0,0,0,"[0, 0, 0, 0, 0, 0, 0, 0, 0, 0]",Optimal,-3.6666666666666665,match,
random,1006,RND2,2,10,4,optimal,-90,-90,1,3,0.0002,0,0,0,0,0,0,"[0, 0, 0, 0, 0, 0, 0, 0, 0, 0]",Optimal,-90.0,match,
random,1006,RND3,5,3,1,optimal,0.375,0.375,1,4,0.0001,0,0,0,0,0,0,"[0, 0, 0, 0, 0, 0, 0, 0, 0, 0]",Optimal,0.375,match,
random,1006,RND4,2,4,4,optimal,-113,-113,1,2,0.0001,1,0,0,0,0,0,"[0, 0, 0, 0, 0, 0, 0, 0, 0, 0]",Optimal,-113.0,match,
random,1006,RND5,3,8,6,optimal,-199,-199,1,6,0.0002,2,0,0,0,0,0,"[0, 0, 0, 0, 0, 0, 0, 0, 0, 0]",Optimal,-199.0,match,
random,1006,RND6,5,10,7,optimal,-20.444444444444443,-20.444444444444443,3,8,0.0003,5,0,0,0,0,0,"[0, 0, 0, 0, 0, 0, 0, 0, 0, 0]",Optimal,-20.444444444444443,match,
random,1006,RND7,2,9,7,optimal,218,218,1,8,0.0001,0,0,0,0,0,0,"[0, 0, 0, 0, 0, 0, 0, 0, 0, 0]",Optimal,218.0,match,
random,1006,RND8,6,9,6,optimal,47.095238095238095,47.095238095238095,7,14,0.0004,14,0,0,0,0,0,"[0, 0, 0, 0, 0, 0, 0, 0, 0, 0]",Optimal,47.095238095238095,match,
random,1006,RND9,7,8,7,optimal,10,10,1,1,0.0002,4,0,0,0,0,0,"[0, 0, 0, 0, 0, 0, 0, 0, 0, 0]",Optimal,10.0,match,
random,1006,RND10,6,3,2,optimal,0,0,1,0,0.0001,1,0,0,0,0,0,"[0, 0, 0, 0, 0, 0, 0, 0, 0, 0]",Optimal,0.0,match,
random,1006,RND11,4,4,4,optimal,90,90,1,4,0.0001,2,0,0,0,0,0,"[0, 0, 0, 0, 0, 0, 0, 0, 0, 0]",Optimal,90.0,match,
random,1006,RND12,7,3,2,infeasible,,,1,3,0.0001,2,0,0,0,0,0,"[0, 0, 0, 0, 0, 0, 0, 0, 0, 0]",Infeasible,0.0,match,
random,1006,RND13,7,4,2,optimal,-6,-6,1,0,0.0002,2,0,0,0,0,0,"[0, 0, 0, 0, 0, 0, 0, 0, 0, 0]",Optimal,-6.0,match,
random,1006,RND14,7,11,7,optimal,124.3076923076923,124.3076923076923,5,17,0.0008,6,0,0,0,6,0,"[0, 0, 0, 0, 0, 0, 0, 0, 6, 0]",Optimal,124.3076923076923,match,
random,1006,RND15,7,3,1,optimal,-26.166666666666664,-26.166666666666664,1,3,0.0003,1,0,0,0,0,0,"[0, 0, 0, 0, 0, 0, 0, 0, 0, 0]",Optimal,-26.166666666666664,match,
random,1006,RND16,8,4,3,infeasible,,,1,1,0.0002,2,0,0,0,0,0,"[0, 0, 0, 0, 0, 0, 0, 0, 0, 0]",Infeasible,0.0,match,
random,1006,RND17,2,10,6,optimal,-159,-159,7,16,0.0005,6,0,0,0,6,0,"[0, 0, 0, 0, 0, 0, 0, 0, 6, 0]",Optimal,-159.0,match,
random,1006,RND18,8,9,6,optimal,30.799999999999997,30.799999999999997,6,13,0.0007,10,0,0,0,5,0,"[0, 0, 0, 0, 0, 0, 0, 0, 5, 0]",Optimal,30.800000000000004,match,
random,1006,RND19,5,7,7,optimal,-50,-50,16,16,0.0009,27,0,0,0,15,0,"[0, 0, 0, 0, 0, 0, 0, 0, 15, 0]",Optimal,-50.0,match,
random,1006,RND20,5,11,10,optimal,24,24,1,8,0.0003,1,0,0,0,0,0,"[0, 0, 0, 0, 0, 0, 0, 0, 0, 0]",Optimal,24.0,match,
random,1006,RND21,7,7,3,optimal,156.9142857142857,156.9142857142857,1,11,0.0002,1,0,0,0,0,0,"[0, 0, 0, 0, 0, 0, 0, 0, 0, 0]",Optimal,156.9142857142857,match,
random,1006,RND22,7,6,3,optimal,-63.5,-63.5,1,9,0.0002,2,0,0,0,0,0,"[0, 0, 0, 0, 0, 0, 0, 0, 0, 0]",Optimal,-63.5,match,
random,1006,RND23,5,6,5,optimal,17,17,1,2,0.0003,4,0,0,0,0,0,"[0, 0, 0, 0, 0, 0, 0, 0, 0, 0]",Optimal,17.0,match,
random,1006,RND24,6,11,4,optimal,-102.08,-102.08,3,8,0.0005,3,0,0,0,0,0,"[0, 0, 0, 0, 0, 0, 0, 0, 0, 0]",Optimal,-102.08,match,
random,1006,RND25,4,6,4,optimal,12,12,3,5,0.0002,1,0,0,0,2,0,"[0, 0, 0, 0, 0, 0, 0, 0, 2, 0]",Optimal,12.0,match,
random,1006,RND26,7,3,2,infeasible,,,1,0,0.0002,0,1,0,1,0,0,"[1, 1, 0, 0, 0, 0, 0, 0, 0, 0]",Infeasible,0.0,match,
random,1006,RND27,7,9,6,optimal,-5,-5,3,10,0.0003,6,0,0,0,0,0,"[0, 0, 0, 0, 0, 0, 0, 0, 0, 0]",Optimal,-5.0,match,
random,1006,RND28,4,9,9,optimal,-138,-138,5,11,0.0003,6,2,0,2,7,0,"[2, 2, 0, 0, 0, 0, 0, 0, 7, 0]",Optimal,-138.0,match,
random,1006,RND29,3,9,6,optimal,-105.425,-105.425,1,5,0.0002,3,0,0,0,0,0,"[0, 0, 0, 0, 0, 0, 0, 0, 0, 0]",Optimal,-105.425,match,
random,1006,RND30,2,12,10,optimal,-324,-324,1,12,0.0002,0,0,0,0,0,0,"[0, 0, 0, 0, 0, 0, 0, 0, 0, 0]",Optimal,-324.0,match,
random,1006,RND31,5,5,3,optimal,-33,-33,5,8,0.0004,0,1,0,1,2,0,"[1, 1, 0, 0, 0, 0, 0, 0, 2, 0]",Optimal,-33.0,match,
random,1006,RND32,5,7,6,optimal,-118,-118,5,11,0.0004,6,0,0,0,4,0,"[0, 0, 0, 0, 0, 0, 0, 0, 4, 0]",Optimal,-118.0,match,
random,1006,RND33,4,10,5,optimal,-55.4,-55.4,3,7,0.0002,3,0,0,0,0,0,"[0, 0, 0, 0, 0, 0, 0, 0, 0, 0]",Optimal,-55.4,match,
random,1006,RND34,2,12,10,optimal,76,76,1,6,0.0002,3,0,0,0,0,0,"[0, 0, 0, 0, 0, 0, 0, 0, 0, 0]",Optimal,76.0,match,
random,1006,RND35,8,7,5,optimal,16,16,1,2,0.0002,5,0,0,0,0,0,"[0, 0, 0, 0, 0, 0, 0, 0, 0, 0]",Optimal,16.0,match,
random,1006,RND36,8,9,8,infeasible,,,3,7,0.0003,7,0,0,0,0,0,"[0, 0, 0, 0, 0, 0, 0, 0, 0, 0]",Infeasible,0.0,match,
random,1006,RND37,2,12,8,optimal,125,125,1,9,0.0002,0,0,0,0,0,0,"[0, 0, 0, 0, 0, 0, 0, 0, 0, 0]",Optimal,125.0,match,
random,1006,RND38,4,7,4,optimal,-149.33333333333334,-149.33333333333334,3,8,0.0003,3,0,0,0,3,0,"[0, 0, 0, 0, 0, 0, 0, 0, 3, 0]",Optimal,-149.33333333333334,match,
random,1006,RND39,7,3,1,optimal,150,150,1,8,0.0002,0,0,0,0,0,0,"[0, 0, 0, 0, 0, 0, 0, 0, 0, 0]",Optimal,150.0,match,
random,1006,RND40,7,4,3,infeasible,,,1,0,0.0002,0,1,0,1,0,0,"[1, 1, 0, 0, 0, 0, 0, 0, 0, 0]",Infeasible,0.0,match,
random,1006,RND41,5,11,7,optimal,-42,-42,5,11,0.0004,9,0,0,0,5,0,"[0, 0, 0, 0, 0, 0, 0, 0, 5, 0]",Optimal,-42.0,match,
random,1006,RND42,4,7,4,optimal,-15.75,-15.75,1,7,0.0002,1,0,0,0,0,0,"[0, 0, 0, 0, 0, 0, 0, 0, 0, 0]",Optimal,-15.75,match,
random,1006,RND43,2,12,5,optimal,128.33333333333334,128.33333333333334,1,5,0.0001,3,0,0,0,0,0,"[0, 0, 0, 0, 0, 0, 0, 0, 0, 0]",Optimal,128.33333333333334,match,
random,1006,RND44,6,12,9,optimal,76,76,3,5,0.0003,3,0,0,0,8,0,"[0, 0, 0, 0, 0, 0, 0, 0, 8, 0]",Optimal,76.0,match,
random,1006,RND45,2,3,1,optimal,0,0,1,1,0.0001,0,0,0,0,0,0,"[0, 0, 0, 0, 0, 0, 0, 0, 0, 0]",Optimal,0.0,match,
random,1006,RND46,3,7,5,optimal,168,168,3,8,0.0002,0,1,0,1,4,0,"[1, 1, 0, 0, 0, 0, 0, 0, 4, 0]",Optimal,168.0,match,
random,1006,RND47,7,5,4,optimal,-92,-92,9,16,0.0005,9,1,0,1,6,0,"[1, 1, 0, 0, 0, 0, 0, 0, 6, 0]",Optimal,-92.0,match,
random,1006,RND48,2,8,4,optimal,-32,-32,1,4,0.0001,1,0,0,0,0,0,"[0, 0, 0, 0, 0, 0, 0, 0, 0, 0]",Optimal,-32.0,match,
random,1006,RND49,4,9,6,optimal,10.296296296296296,10.296296296296296,1,3,0.0002,3,0,0,0,0,0,"[0, 0, 0, 0, 0, 0, 0, 0, 0, 0]",Optimal,10.296296296296296,match,
random,1006,RND50,3,11,5,optimal,13.945945945945947,13.945945945945947,1,2,0.0001,3,0,0,0,0,0,"[0, 0, 0, 0, 0, 0, 0, 0, 0, 0]",Optimal,13.945945945945947,match,
random,1006,RND51,5,9,7,optimal,-42,-42,7,10,0.0005,3,1,0,1,8,0,"[1, 1, 0, 0, 0, 0, 0, 0, 8, 0]",Optimal,-42.000000000000014,match,
random,1006,RND52,7,11,8,optimal,119,119,4,18,0.0005,4,0,0,0,9,0,"[0, 0, 0, 0, 0, 0, 0, 0, 9, 0]",Optimal,119.0,match,
random,1006,RND53,8,12,11,optimal,-68,-68,26,41,0.0017,52,1,0,1,30,0,"[1, 1, 0, 0, 0, 0, 0, 0, 30, 0]",Optimal,-68.0,match,
random,1006,RND54,6,9,5,optimal,94,94,1,4,0.0002,1,0,0,0,0,0,"[0, 0, 0, 0, 0, 0, 0, 0, 0, 0]",Optimal,94.0,match,
random,1006,RND55,2,8,5,optimal,-150,-150,1,5,0.0002,0,0,0,0,0,0,"[0, 0, 0, 0, 0, 0, 0, 0, 0, 0]",Optimal,-150.0,match,
random,1006,RND56,4,9,7,optimal,-105.5,-105.5,1,10,0.0002,1,0,0,0,0,0,"[0, 0, 0, 0, 0, 0, 0, 0, 0, 0]",Optimal,-105.5,match,
random,1006,RND57,6,11,6,optimal,34.714285714285715,34.714285714285715,3,6,0.0004,2,1,0,1,5,0,"[1, 1, 0, 0, 0, 0, 0, 0, 5, 0]",Optimal,34.714285714285715,match,
random,1006,RND58,2,11,6,optimal,-125.4,-125.4,8,13,0.0003,2,0,0,0,11,0,"[0, 0, 0, 0, 0, 0, 0, 0, 11, 0]",Optimal,-125.4,match,
random,1006,RND59,6,3,2,optimal,24,24,1,1,0.0002,0,0,0,0,0,0,"[0, 0, 0, 0, 0, 0, 0, 0, 0, 0]",Optimal,24.0,match,
random,1006,RND60,7,9,6,optimal,-55,-55,1,10,0.0002,2,0,0,0,0,0,"[0, 0, 0, 0, 0, 0, 0, 0, 0, 0]",Optimal,-55.0,match,
random,1006,RND61,4,10,7,optimal,-13,-13,1,6,0.0002,5,0,0,0,0,0,"[0, 0, 0, 0, 0, 0, 0, 0, 0, 0]",Optimal,-13.0,match,
random,1006,RND62,2,10,8,optimal,324.7142857142857,324.7142857142857,3,11,0.0002,1,0,0,0,0,0,"[0, 0, 0, 0, 0, 0, 0, 0, 0, 0]",Optimal,324.7142857142857,match,
random,1006,RND63,5,12,7,optimal,-54.28070175438596,-54.28070175438596,7,13,0.0004,5,0,0,0,4,0,"[0, 0, 0, 0, 0, 0, 0, 0, 4, 0]",Optimal,-54.280701754385966,match,
random,1006,RND64,4,3,3,optimal,-10,-10,3,5,0.0002,5,0,0,0,0,0,"[0, 0, 0, 0, 0, 0, 0, 0, 0, 0]",Optimal,-10.0,match,
random,1006,RND65,7,12,8,optimal,69.1875,69.1875,25,40,0.0017,6,0,0,0,24,0,"[0, 0, 0, 0, 0, 0, 0, 0, 24, 0]",Optimal,69.1875,match,
random,1006,RND66,5,9,5,optimal,-51.75,-51.75,3,7,0.0003,9,0,0,0,0,0,"[0, 0, 0, 0, 0, 0, 0, 0, 0, 0]",Optimal,-51.75,match,
random,1006,RND67,5,12,7,optimal,-98.32372881355933,-98.32372881355933,1,8,0.0002,2,0,0,0,0,0,"[0, 0, 0, 0, 0, 0, 0, 0, 0, 0]",Optimal,-98.32372881355931,match,
random,1006,RND68,3,8,5,optimal,-106.33333333333333,-106.33333333333333,1,4,0.0002,2,0,0,0,0,0,"[0, 0, 0, 0, 0, 0, 0, 0, 0, 0]",Optimal,-106.33333333333333,match,
random,1006,RND69,3,7,6,optimal,-63,-63,3,7,0.0003,3,1,0,1,5,0,"[1, 1, 0, 0, 0, 0, 0, 0, 5, 0]",Optimal,-63.0,match,
random,1006,RND70,3,4,2,optimal,-12.5,-12.5,1,2,0.0001,2,0,0,0,0,0,"[0, 0, 0, 0, 0, 0, 0, 0, 0, 0]",Optimal,-12.5,match,
random,1006,RND71,6,7,4,optimal,20.125,20.125,5,7,0.0003,7,0,0,0,3,0,"[0, 0, 0, 0, 0, 0, 0, 0, 3, 0]",Optimal,20.125,match,
random,1006,RND72,2,11,7,optimal,-73.8,-73.8,1,3,0.0002,2,0,0,0,0,0,"[0, 0, 0, 0, 0, 0, 0, 0, 0, 0]",Optimal,-73.8,match,
random,1006,RND73,8,9,7,optimal,-43,-43,1,6,0.0002,0,0,0,0,0,0,"[0, 0, 0, 0, 0, 0, 0, 0, 0, 0]",Optimal,-43.0,match,
random,1006,RND74,4,3,2,optimal,54,54,1,2,0.0001,2,0,0,0,0,0,"[0, 0, 0, 0, 0, 0, 0, 0, 0, 0]",Optimal,54.0,match,
random,1006,RND75,4,5,4,optimal,72,72,3,4,0.0003,3,1,0,1,3,0,"[1, 1, 0, 0, 0, 0, 0, 0, 3, 0]",Optimal,72.0,match,
random,1006,RND76,8,8,5,optimal,-16,-16,7,11,0.0006,6,0,0,0,3,0,"[0, 0, 0, 0, 0, 0, 0, 0, 3, 0]",Optimal,-16.0,match,
random,1006,RND77,5,7,7,optimal,-12,-12,13,19,0.0006,20,3,0,3,4,0,"[3, 3, 0, 0, 0, 0, 0, 0, 4, 0]",Optimal,-12.0,match,
random,1006,RND78,2,3,1,optimal,-14,-14,1,2,0.0001,0,0,0,0,0,0,"[0, 0, 0, 0, 0, 0, 0, 0, 0, 0]",Optimal,-14.0,match,
random,1006,RND79,8,7,3,optimal,-12,-12,3,8,0.0003,3,0,0,0,2,0,"[0, 0, 0, 0, 0, 0, 0, 0, 2, 0]",Optimal,-12.0,match,
random,1006,RND80,8,6,5,optimal,-0.4285714285714288,-0.4285714285714287,5,11,0.0004,8,1,0,1,2,0,"[1, 1, 0, 0, 0, 0, 0, 0, 2, 0]",Optimal,-0.4285714285714288,match,
random,1006,RND81,2,6,4,optimal,-120,-120,1,5,0.0001,1,0,0,0,0,0,"[0, 0, 0, 0, 0, 0, 0, 0, 0, 0]",Optimal,-120.0,match,
random,1006,RND82,7,7,6,optimal,-44.16666666666667,-44.16666666666667,9,11,0.0005,12,1,0,1,4,0,"[1, 1, 0, 0, 0, 0, 0, 0, 4, 0]",Optimal,-44.16666666666667,match,
random,1006,RND83,3,6,4,optimal,94.88888888888889,94.88888888888889,1,7,0.0001,2,0,0,0,0,0,"[0, 0, 0, 0, 0, 0, 0, 0, 0, 0]",Optimal,94.88888888888889,match,
random,1006,RND84,2,10,7,optimal,162.4,162.4,1,7,0.0001,1,0,0,0,0,0,"[0, 0, 0, 0, 0, 0, 0, 0, 0, 0]",Optimal,162.4,match,
random,1006,RND85,5,8,5,optimal,-20.333333333333332,-20.333333333333332,6,11,0.0003,3,0,0,0,0,0,"[0, 0, 0, 0, 0, 0, 0, 0, 0, 0]",Optimal,-20.333333333333332,match,
random,1006,RND86,3,8,5,optimal,13,13,1,4,0.0001,4,0,0,0,0,0,"[0, 0, 0, 0, 0, 0, 0, 0, 0, 0]",Optimal,13.0,match,
random,1006,RND87,7,10,9,optimal,94,94,7,22,0.0006,17,0,0,0,8,0,"[0, 0, 0, 0, 0, 0, 0, 0, 8, 0]",Optimal,94.0,match,
random,1006,RND88,5,12,9,optimal,198,198,3,13,0.0005,3,0,0,0,7,0,"[0, 0, 0, 0, 0, 0, 0, 0, 7, 0]",Optimal,198.0,match,
random,1006,RND89,6,10,6,optimal,41.666666666666664,41.666666666666664,1,16,0.0003,0,0,0,0,0,0,"[0, 0, 0, 0, 0, 0, 0, 0, 0, 0]",Optimal,41.666666666666664,match,
random,1006,RND90,8,5,2,optimal,-15.571428571428571,-15.571428571428571,1,4,0.0003,2,0,0,0,0,0,"[0, 0, 0, 0, 0, 0, 0, 0, 0, 0]",Optimal,-15.571428571428571,match,
random,1006,RND91,5,12,10,optimal,20,20,16,29,0.002,25,2,0,2,32,0,"[2, 2, 0, 0, 0, 0, 0, 0, 32, 0]",Optimal,20.0,match,
random,1006,RND92,8,12,6,optimal,40,40,9,23,0.0008,8,0,0,0,0,0,"[0, 0, 0, 0, 0, 0, 0, 0, 0, 0]",Optimal,40.000001,match,
random,1006,RND93,2,12,9,optimal,111.5,111.5,5,7,0.0002,7,0,0,0,0,0,"[0, 0, 0, 0, 0, 0, 0, 0, 0, 0]",Optimal,111.5,match,
random,1006,RND94,3,12,9,optimal,77,77,11,16,0.0006,20,0,0,0,14,0,"[0, 0, 0, 0, 0, 0, 0, 0, 14, 0]",Optimal,77.0,match,
random,1006,RND95,7,12,7,optimal,-25,-25,13,23,0.0009,22,0,0,0,5,0,"[0, 0, 0, 0, 0, 0, 0, 0, 5, 0]",Optimal,-25.0,match,
random,1006,RND96,6,6,5,infeasible,,,1,0,0.0002,0,1,0,1,0,0,"[1, 1, 0, 0, 0, 0, 0, 0, 0, 0]",Infeasible,0.0,match,
random,1006,RND97,7,7,7,optimal,-20,-20,14,19,0.0006,19,2,0,2,4,0,"[2, 2, 0, 0, 0, 0, 0, 0, 4, 0]",Optimal,-20.0,match,
random,1006,RND98,6,4,3,optimal,40,40,1,5,0.0002,0,0,0,0,0,0,"[0, 0, 0, 0, 0, 0, 0, 0, 0, 0]",Optimal,40.0,match,
random,1006,RND99,3,6,4,optimal,100.88888888888889,100.88888888888889,1,8,0.0002,1,0,0,0,0,0,"[0, 0, 0, 0, 0, 0, 0, 0, 0, 0]",Optimal,100.88888888888889,match,
random,1007,RND0,8,3,2,infeasible,,,1,0,0.0003,0,1,0,1,0,0,"[1, 0, 1, 0, 1, 0, 0, 0, 0, 0]",Infeasible,0.0,match,
random,1007,RND1,3,11,9,optimal,43,43,1,3,0.0002,2,0,0,0,0,0,"[0, 0, 0, 0, 0, 0, 0, 0, 0, 0]",Optimal,43.0,match,
random,1007,RND2,2,12,7,optimal,93.66666666666666,93.66666666666666,1,5,0.0002,1,0,0,0,0,0,"[0, 0, 0, 0, 0, 0, 0, 0, 0, 0]",Optimal,93.66666666666666,match,
random,1007,RND3,7,9,6,optimal,33.333333333333336,33.333333333333336,8,18,0.0009,12,0,0,0,9,0,"[0, 0, 0, 0, 0, 0, 0, 0, 9, 0]",Optimal,33.33333433333333,match,
random,1007,RND4,8,7,5,optimal,-3.6666666666666665,-3.6666666666666665,5,12,0.0006,5,0,0,0,3,0,"[0, 0, 0, 0, 0, 0, 0, 0, 3, 0]",Optimal,-3.666666666666665,match,
random,1007,RND5,8,7,4,optimal,-17.25,-17.25,5,16,0.0005,7,0,0,0,2,0,"[0, 0, 0, 0, 0, 0, 0, 0, 2, 0]",Optimal,-17.249999999999996,match,
random,1007,RND6,8,10,6,optimal,-26,-26,3,12,0.0003,7,0,0,0,0,0,"[0, 0, 0, 0, 0, 0, 0, 0, 0, 0]",Optimal,-26.0,match,
random,1007,RND7,6,7,5,optimal,-71,-71,13,21,0.0009,5,0,0,0,3,0,"[0, 0, 0, 0, 0, 0, 0, 0, 3, 0]",Optimal,-71.0,match,
random,1007,RND8,8,8,6,optimal,-1.162162162162162,-1.162162162162162,3,4,0.0004,5,0,0,0,0,0,"[0, 0, 0, 0, 0, 0, 0, 0, 0, 0]",Optimal,-1.1621621621621623,match,
random,1007,RND9,7,10,9,optimal,-30.25,-30.25,7,16,0.0008,22,1,0,1,8,0,"[1, 1, 0, 0, 0, 0, 0, 0, 8, 0]",Optimal,-30.25,match,
random,1007,RND10,4,9,6,optimal,0,0,1,2,0.0004,2,0,0,0,0,0,"[0, 0, 0, 0, 0, 0, 0, 0, 0, 0]",Optimal,-0.0,match,
random,1007,RND11,7,12,5,optimal,-21.36111111111111,-21.36111111111111,3,11,0.0006,4,0,0,0,4,0,"[0, 0, 0, 0, 0, 0, 0, 0, 4, 0]",Optimal,-21.36111111111111,match,
random,1007,RND12,2,10,8,optimal,-25.6,-25.6,1,3,0.0001,1,0,0,0,0,0,"[0, 0, 0, 0, 0, 0, 0, 0, 0, 0]",Optimal,-25.6,match,
random,1007,RND13,2,7,6,optimal,-224.5,-224.5,1,6,0.0001,1,0,0,0,0,0,"[0, 0, 0, 0, 0, 0, 0, 0, 0, 0]",Optimal,-224.5,match,
random,1007,RND14,8,12,8,optimal,-22,-22,5,13,0.0006,8,0,0,0,5,0,"[0, 0, 0, 0, 0, 0, 0, 0, 5, 0]",Optimal,-22.00000000000001,match,
random,1007,RND15,5,8,5,optimal,0.125,0.125,7,11,0.0005,8,0,0,0,3,0,"[0, 0, 0, 0, 0, 0, 0, 0, 3, 0]",Optimal,0.12500000000000067,match,
random,1007,RND16,4,9,7,optimal,-31.25,-31.25,5,6,0.0003,15,0,0,0,0,0,"[0, 0, 0, 0, 0, 0, 0, 0, 0, 0]",Optimal,-31.25,match,
random,1007,RND17,5,8,7,optimal,65.33333333333333,65.33333333333333,11,14,0.0004,6,0,0,0,3,0,"[0, 0, 0, 0, 0, 0, 0, 0, 3, 0]",Optimal,65.33333333333333,match,
random,1007,RND18,6,7,3,optimal,-4.475961538461538,-4.475961538461538,3,8,0.0003,3,0,0,0,0,0,"[0, 0, 0, 0, 0, 0, 0, 0, 0, 0]",Optimal,-4.475961538461538,match,
random,1007,RND19,4,10,7,optimal,56.199999999999996,56.2,3,7,0.0002,9,0,0,0,0,0,"[0, 0, 0, 0, 0, 0, 0, 0, 0, 0]",Optimal,56.2,match,
random,1007,RND20,7,8,6,optimal,68,68,10,16,0.0006,7,2,0,2,4,0,"[2, 2, 0, 0, 0, 0, 0, 0, 4, 0]",Optimal,68.0,match,
random,1007,RND21,5,10,6,optimal,112.86538461538461,112.86538461538461,1,6,0.0003,2,0,0,0,0,0,"[0, 0, 0, 0, 0, 0, 0, 0, 0, 0]",Optimal,112.86538461538461,match,
random,1007,RND22,5,6,4,optimal,4.375,4.375,1,4,0.0001,3,0,0,0,0,0,"[0, 0, 0, 0, 0, 0, 0, 0, 0, 0]",Optimal,4.375,match,
random,1007,RND23,6,4,3,optimal,0,0,1,0,0.0002,1,0,0,0,0,0,"[0, 0, 0, 0, 0, 0, 0, 0, 0, 0]",Optimal,0.0,match,
random,1007,RND24,8,7,5,optimal,28,28,39,47,0.0028,40,8,0,8,15,0,"[8, 8, 0, 0, 0, 0, 0, 0, 15, 0]",Optimal,28.0,match,
random,1007,RND25,6,8,7,optimal,-44,-44,11,18,0.0012,8,4,0,4,12,0,"[4, 4, 0, 0, 0, 0, 0, 0, 12, 0]",Optimal,-44.0,match,
random,1007,RND26,5,10,9,optimal,18,18,4,7,0.0005,18,0,0,0,0,0,"[0, 0, 0, 0, 0, 0, 0, 0, 0, 0]",Optimal,18.0,match,
random,1007,RND27,3,11,9,optimal,-78,-78,1,7,0.0003,2,0,0,0,0,0,"[0, 0, 0, 0, 0, 0, 0, 0, 0, 0]",Optimal,-78.0,match,
random,1007,RND28,4,10,7,optimal,82,82,61,80,0.0029,56,0,0,0,40,0,"[0, 0, 0, 0, 0, 0, 0, 0, 40, 0]",Optimal,82.0,match,
random,1007,RND29,3,4,2,optimal,54,54,1,3,0.0002,0,0,0,0,0,0,"[0, 0, 0, 0, 0, 0, 0, 0, 0, 0]",Optimal,54.0,match,
random,1007,RND30,2,3,2,optimal,-22,-22,1,3,0.0002,0,0,0,0,0,0,"[0, 0, 0, 0, 0, 0, 0, 0, 0, 0]",Optimal,-22.0,match,
random,1007,RND31,2,10,5,optimal,76,76,1,7,0.0003,0,0,0,0,0,0,"[0, 0, 0, 0, 0, 0, 0, 0, 0, 0]",Optimal,76.0,match,
random,1007,RND32,4,5,2,infeasible,,,1,0,0.0001,0,1,0,1,0,0,"[1, 1, 0, 0, 0, 0, 0, 0, 0, 0]",Infeasible,0.0,match,
random,1007,RND33,5,5,2,optimal,18,18,1,3,0.0001,2,0,0,0,0,0,"[0, 0, 0, 0, 0, 0, 0, 0, 0, 0]",Optimal,18.0,match,
random,1007,RND34,8,5,3,optimal,68,68,2,5,0.0004,3,0,0,0,0,0,"[0, 0, 0, 0, 0, 0, 0, 0, 0, 0]",Optimal,68.0,match,
random,1007,RND35,2,6,4,optimal,-40,-40,1,2,0.0001,2,0,0,0,0,0,"[0, 0, 0, 0, 0, 0, 0, 0, 0, 0]",Optimal,-40.0,match,
random,1007,RND36,4,4,3,optimal,-41.4,-41.4,1,4,0.0001,0,0,0,0,0,0,"[0, 0, 0, 0, 0, 0, 0, 0, 0, 0]",Optimal,-41.4,match,
random,1007,RND37,2,8,8,optimal,109,109,3,7,0.0002,1,1,0,1,7,0,"[1, 1, 0, 0, 0, 0, 0, 0, 7, 0]",Optimal,109.0,match,
random,1007,RND38,5,3,2,optimal,-4.2,-4.2,3,4,0.0002,0,0,0,0,0,0,"[0, 0, 0, 0, 0, 0, 0, 0, 0, 0]",Optimal,-4.2,match,
random,1007,RND39,5,5,3,optimal,39.22222222222222,39.22222222222222,3,5,0.0003,1,0,0,0,2,0,"[0, 0, 0, 0, 0, 0, 0, 0, 2, 0]",Optimal,39.22222222222222,match,
random,1007,RND40,6,3,2,infeasible,,,1,0,0.0002,0,1,0,1,0,0,"[1, 1, 0, 0, 0, 0, 0, 0, 0, 0]",Infeasible,0.0,match,
random,1007,RND41,8,6,4,optimal,40.4,40.4,5,13,0.0004,2,0,0,0,0,0,"[0, 0, 0, 0, 0, 0, 0, 0, 0, 0]",Optimal,40.4,match,
random,1007,RND42,2,5,2,optimal,-90,-90,1,2,0.0001,0,0,0,0,0,0,"[0, 0, 0, 0, 0, 0, 0, 0, 0, 0]",Optimal,-90.0,match,
random,1007,RND43,5,4,3,optimal,-21,-21,3,4,0.0002,2,0,0,0,0,0,"[0, 0, 0, 0, 0, 0, 0, 0, 0, 0]",Optimal,-21.0,match,
random,1007,RND44,2,3,2,optimal,-16,-16,1,2,0.0002,0,0,0,0,0,0,"[0, 0, 0, 0, 0, 0, 0, 0, 0, 0]",Optimal,-16.0,match,
random,1007,RND45,2,7,5,optimal,-3.2,-3.2,1,1,0.0002,3,0,0,0,0,0,"[0, 0, 0, 0, 0, 0, 0, 0, 0, 0]",Optimal,-3.2,match,
random,1007,RND46,7,8,4,optimal,-46.33333333333333,-46.33333333333333,11,22,0.0007,6,0,0,0,5,0,"[0, 0, 0, 0, 0, 0, 0, 0, 5, 0]",Optimal,-46.333333333333336,match,
random,1007,RND47,2,7,6,optimal,-126,-126,1,3,0.0001,0,0,0,0,0,0,"[0, 0, 0, 0, 0, 0, 0, 0, 0, 0]",Optimal,-126.0,match,
random,1007,RND48,2,8,5,optimal,45,45,1,5,0.0002,0,0,0,0,0,0,"[0, 0, 0, 0, 0, 0, 0, 0, 0, 0]",Optimal,45.0,match,
random,1007,RND49,2,10,8,optimal,62.57142857142857,62.57142857142857,3,5,0.0002,5,0,0,0,5,0,"[0, 0, 0, 0, 0, 0, 0, 0, 5, 0]",Optimal,62.57142857142857,match,
random,1007,RND50,8,8,4,optimal,-51,-51,5,19,0.0004,6,0,0,0,0,0,"[0, 0, 0, 0, 0, 0, 0, 0, 0, 0]",Optimal,-51.000001,match,
random,1007,RND51,7,6,6,optimal,12,12,3,8,0.0003,5,1,0,1,5,0,"[1, 1, 0, 0, 0, 0, 0, 0, 5, 0]",Optimal,12.0,match,
random,1007,RND52,6,8,5,optimal,38,38,3,6,0.0003,8,0,0,0,0,0,"[0, 0, 0, 0, 0, 0, 0, 0, 0, 0]",Optimal,38.0,match,
random,1007,RND53,3,7,4,optimal,-93,-93,1,5,0.0001,1,0,0,0,0,0,"[0, 0, 0, 0, 0, 0, 0, 0, 0, 0]",Optimal,-93.0,match,
random,1007,RND54,4,5,5,optimal,-32,-32,3,6,0.0002,3,1,0,1,0,0,"[1, 1, 0, 0, 0, 0, 0, 0, 0, 0]",Optimal,-32.0,match,
random,1007,RND55,2,8,6,optimal,-143,-143,1,6,0.0002,2,0,0,0,0,0,"[0, 0, 0, 0, 0, 0, 0, 0, 0, 0]",Optimal,-143.0,match,
random,1007,RND56,4,7,6,optimal,28,28,13,21,0.0007,15,0,0,0,9,0,"[0, 0, 0, 0, 0, 0, 0, 0, 9, 0]",Optimal,28.0,match,
random,1007,RND57,4,11,8,optimal,55,55,3,8,0.0003,4,0,0,0,0,0,"[0, 0, 0, 0, 0, 0, 0, 0, 0, 0]",Optimal,55.0,match,
random,1007,RND58,7,8,7,optimal,-23,-23,9,14,0.0009,10,1,0,1,10,0,"[1, 1, 0, 0, 0, 0, 0, 0, 10, 0]",Optimal,-23.0,match,
random,1007,RND59,6,8,6,optimal,-74,-74,1,4,0.0003,3,0,0,0,0,0,"[0, 0, 0, 0, 0, 0, 0, 0, 0, 0]",Optimal,-74.0,match,
random,1007,RND60,4,12,9,optimal,142.33333333333331,142.33333333333331,1,9,0.0003,1,0,0,0,0,0,"[0, 0, 0, 0, 0, 0, 0, 0, 0, 0]",Optimal,142.33333333333334,match,
random,1007,RND61,5,8,6,optimal,-86,-86,3,7,0.0003,4,0,0,0,5,0,"[0, 0, 0, 0, 0, 0, 0, 0, 5, 0]",Optimal,-86.0,match,
random,1007,RND62,4,11,6,optimal,-29.857142857142854,-29.857142857142854,1,2,0.0002,0,0,0,0,0,0,"[0, 0, 0, 0, 0, 0, 0, 0, 0, 0]",Optimal,-29.857142857142854,match,
random,1007,RND63,2,6,4,optimal,-150,-150,1,5,0.0001,0,0,0,0,0,0,"[0, 0, 0, 0, 0, 0, 0, 0, 0, 0]",Optimal,-150.0,match,
random,1007,RND64,5,5,4,optimal,-35,-35,1,3,0.0002,4,0,0,0,0,0,"[0, 0, 0, 0, 0, 0, 0, 0, 0, 0]",Optimal,-35.0,match,
random,1007,RND65,5,5,3,optimal,-46,-46,1,4,0.0002,1,0,0,0,0,0,"[0, 0, 0, 0, 0, 0, 0, 0, 0, 0]",Optimal,-46.0,match,
random,1007,RND66,3,11,8,optimal,-62,-62,5,10,0.0004,4,0,0,0,0,0,"[0, 0, 0, 0, 0, 0, 0, 0, 0, 0]",Optimal,-62.0,match,
random,1007,RND67,3,10,6,optimal,77,77,1,4,0.0002,0,0,0,0,0,0,"[0, 0, 0, 0, 0, 0, 0, 0, 0, 0]",Optimal,77.0,match,
random,1007,RND68,8,11,9,optimal,-108.33333333333333,-108.33333333333334,3,15,0.0008,4,1,0,1,8,0,"[1, 1, 0, 0, 0, 0, 0, 0, 8, 0]",Optimal,-108.33333333333333,match,
random,1007,RND69,8,10,8,optimal,-35,-35,10,21,0.0007,16,1,0,1,6,0,"[1, 1, 0, 0, 0, 0, 0, 0, 6, 0]",Optimal,-35.0,match,
random,1007,RND70,3,4,4,optimal,-93,-93,1,2,0.0002,0,0,0,0,0,0,"[0, 0, 0, 0, 0, 0, 0, 0, 0, 0]",Optimal,-93.0,match,
random,1007,RND71,6,3,3,infeasible,,,1,0,0.0002,3,0,0,0,0,0,"[0, 0, 0, 0, 0, 0, 0, 0, 0, 0]",Infeasible,0.0,match,
random,1007,RND72,4,9,6,optimal,52.2,52.2,9,16,0.0008,8,0,0,0,4,0,"[0, 0, 0, 0, 0, 0, 0, 0, 4, 0]",Optimal,52.2,match,
random,1007,RND73,3,6,5,optimal,-143,-143,1,7,0.0002,2,0,0,0,0,0,"[0, 0, 0, 0, 0, 0, 0, 0, 0, 0]",Optimal,-143.0,match,
random,1007,RND74,5,9,5,optimal,87.44444444444444,87.44444444444444,1,11,0.0002,3,0,0,0,0,0,"[0, 0, 0, 0, 0, 0, 0, 0, 0, 0]",Optimal,87.44444444444444,match,
random,1007,RND75,4,8,7,optimal,-18,-18,1,3,0.0002,2,0,0,0,0,0,"[0, 0, 0, 0, 0, 0, 0, 0, 0, 0]",Optimal,-18.0,match,
random,1007,RND76,7,12,10,optimal,-71,-71,8,22,0.0008,11,1,0,1,14,0,"[1, 1, 0, 0, 0, 0, 0, 0, 14, 0]",Optimal,-71.0,match,
random,1007,RND77,3,6,4,optimal,124,124,1,7,0.0001,1,0,0,0,0,0,"[0, 0, 0, 0, 0, 0, 0, 0, 0, 0]",Optimal,124.0,match,
random,1007,RND78,2,3,2,optimal,0,0,1,0,0.0001,2,0,0,0,0,0,"[0, 0, 0, 0, 0, 0, 0, 0, 0, 0]",Optimal,-0.0,match,
random,1007,RND79,2,6,4,optimal,-126,-126,9,11,0.0004,3,0,0,0,3,0,"[0, 0, 0, 0, 0, 0, 0, 0, 3, 0]",Optimal,-126.0,match,
random,1007,RND80,7,10,9,optimal,-113.33333333333333,-113.33333333333333,8,16,0.0019,16,0,0,0,16,0,"[0, 0, 0, 0, 0, 0, 0, 0, 16, 0]",Optimal,-113.33333333333333,match,
random,1007,RND81,8,9,7,optimal,-100.66666666666667,-100.66666666666667,5,8,0.0008,6,1,0,1,6,0,"[1, 1, 0, 0, 0, 0, 0, 0, 6, 0]",Optimal,-100.66666666666666,match,
random,1007,RND82,4,9,7,optimal,-120.44444444444444,-120.44444444444444,1,5,0.0002,0,0,0,0,0,0,"[0, 0, 0, 0, 0, 0, 0, 0, 0, 0]",Optimal,-120.44444444444444,match,
random,1007,RND83,4,12,10,optimal,232,232,3,9,0.0003,1,0,0,0,0,0,"[0, 0, 0, 0, 0, 0, 0, 0, 0, 0]",Optimal,232.0,match,
random,1007,RND84,3,8,4,optimal,22.024390243902438,22.024390243902438,9,12,0.0004,5,1,0,1,2,0,"[1, 1, 0, 0, 0, 0, 0, 0, 2, 0]",Optimal,22.024390243902438,match,
random,1007,RND85,5,7,3,optimal,36,36,1,7,0.0002,0,0,0,0,0,0,"[0, 0, 0, 0, 0, 0, 0, 0, 0, 0]",Optimal,36.0,match,
random,1007,RND86,5,4,2,optimal,18,18,1,3,0.0002,2,0,0,0,0,0,"[0, 0, 0, 0, 0, 0, 0, 0, 0, 0]",Optimal,18.0,match,
random,1007,RND87,6,7,5,optimal,-71,-71,1,11,0.0002,3,0,0,0,0,0,"[0, 0, 0, 0, 0, 0, 0, 0, 0, 0]",Optimal,-71.0,match,
random,1007,RND88,7,7,5,optimal,-11,-11,3,6,0.0003,3,0,0,0,4,0,"[0, 0, 0, 0, 0, 0, 0, 0, 4, 0]",Optimal,-11.0,match,
random,1007,RND89,7,8,6,optimal,22.666666666666664,22.666666666666664,10,16,0.0006,6,0,0,0,5,0,"[0, 0, 0, 0, 0, 0, 0, 0, 5, 0]",Optimal,22.666666666666668,match,
random,1007,RND90,6,3,1,optimal,40,40,1,4,0.0002,1,0,0,0,0,0,"[0, 0, 0, 0, 0, 0, 0, 0, 0, 0]",Optimal,40.0,match,
random,1007,RND91,5,3,2,infeasible,,,1,1,0.0001,2,0,0,0,0,0,"[0, 0, 0, 0, 0, 0, 0, 0, 0, 0]",Infeasible,0.0,match,
random,1007,RND92,2,9,5,optimal,20,20,1,3,0.0002,2,0,0,0,0,0,"[0, 0, 0, 0, 0, 0, 0, 0, 0, 0]",Optimal,20.0,match,
random,1007,RND93,3,7,4,optimal,-153.75,-153.75,1,5,0.0001,0,0,0,0,0,0,"[0, 0, 0, 0, 0, 0, 0, 0, 0, 0]",Optimal,-153.75,match,
random,1007,RND94,3,12,10,optimal,-189,-189,1,11,0.0002,0,0,0,0,0,0,"[0, 0, 0, 0, 0, 0, 0, 0, 0, 0]",Optimal,-189.0,match,
random,1007,RND95,7,3,3,optimal,-10,-10,3,6,0.0003,4,0,0,0,2,0,"[0, 0, 0, 0, 0, 0, 0, 0, 2, 0]",Optimal,-10.0,match,
random,1007,RND96,6,3,1,optimal,-14,-14,1,1,0.0001,0,0,0,0,0,0,"[0, 0, 0, 0, 0, 0, 0, 0, 0, 0]",Optimal,-14.0,match,
random,1007,RND97,8,12,8,optimal,53.5,53.5,7,19,0.0007,14,1,0,1,5,0,"[1, 1, 0, 0, 0, 0, 0, 0, 5, 0]",Optimal,53.5,match,
random,1007,RND98,6,11,6,optimal,-158.8,-158.8,3,16,0.0004,0,0,0,0,0,0,"[0, 0, 0, 0, 0, 0, 0, 0, 0, 0]",Optimal,-158.8,match,
random,1007,RND99,7,10,7,optimal,-26.49206349206349,-26.49206349206349,3,6,0.0004,3,0,0,0,6,0,"[0, 0, 0, 0, 0, 0, 0, 0, 6, 0]",Optimal,-26.49206349206349,match,
random,1008,RND0,5,11,7,optimal,-35.57142857142857,-35.57142857142857,3,4,0.0003,7,0,0,0,0,0,"[0, 0, 0, 0, 0, 0, 0, 0, 0, 0]",Optimal,-35.57142857142857,match,
random,1008,RND1,8,12,9,optimal,38.67901234567901,38.67901234567901,21,52,0.0024,29,1,0,1,11,0,"[1, 1, 0, 0, 0, 0, 0, 0, 11, 0]",Optimal,38.67901234567901,match,
random,1008,RND2,6,4,3,optimal,1.5,1.5,8,13,0.0006,2,0,0,0,1,0,"[0, 0, 0, 0, 0, 0, 0, 0, 1, 0]",Optimal,1.5,match,
random,1008,RND3,4,3,3,optimal,153,153,1,5,0.0002,1,0,0,0,0,0,"[0, 0, 0, 0, 0, 0, 0, 0, 0, 0]",Optimal,153.0,match,
random,1008,RND4,6,6,4,optimal,18.25,18.25,4,8,0.0004,4,0,0,0,3,0,"[0, 0, 0, 0, 0, 0, 0, 0, 3, 0]",Optimal,18.25,match,
random,1008,RND5,2,11,7,optimal,-170.7,-170.7,3,11,0.0003,8,0,0,0,0,0,"[0, 0, 0, 0, 0, 0, 0, 0, 0, 0]",Optimal,-170.7,match,
random,1008,RND6,5,9,5,optimal,58,58,1,5,0.0002,3,0,0,0,0,0,"[0, 0, 0, 0, 0, 0, 0, 0, 0, 0]",Optimal,58.0,match,
random,1008,RND7,7,10,5,optimal,27.333333333333336,27.333333333333336,18,20,0.0009,7,0,0,0,7,0,"[0, 0, 0, 0, 0, 0, 0, 0, 7, 0]",Optimal,27.333333333333336,match,
random,1008,RND8,7,12,7,optimal,-19.666666666666668,-19.666666666666668,5,12,0.0008,7,0,0,0,5,0,"[0, 0, 0, 0, 0, 0, 0, 0, 5, 0]",Optimal,-19.666666666666632,match,
random,1008,RND9,7,12,7,optimal,-63.4,-63.4,5,11,0.0005,10,0,0,0,5,0,"[0, 0, 0, 0, 0, 0, 0, 0, 5, 0]",Optimal,-63.4,match,
random,1008,RND10,7,3,2,infeasible,,,3,5,0.0002,2,0,0,0,0,0,"[0, 0, 0, 0, 0, 0, 0, 0, 0, 0]",Infeasible,0.0,match,
random,1008,RND11,8,7,5,optimal,69,69,3,14,0.0003,4,1,0,1,0,0,"[1, 1, 0, 0, 0, 0, 0, 0, 0, 0]",Optimal,69.0,match,
random,1008,RND12,2,12,7,optimal,153,153,7,14,0.0003,6,1,0,1,5,0,"[1, 1, 0, 0, 0, 0, 0, 0, 5, 0]",Optimal,153.0,match,
random,1008,RND13,6,3,1,optimal,48.714285714285715,48.714285714285715,1,2,0.0001,1,0,0,0,0,0,"[0, 0, 0, 0, 0, 0, 0, 0, 0, 0]",Optimal,48.714285714285715,match,
random,1008,RND14,2,10,7,optimal,249,249,1,7,0.0001,1,0,0,0,0,0,"[0, 0, 0, 0, 0, 0, 0, 0, 0, 0]",Optimal,249.0,match,
random,1008,RND15,3,5,4,optimal,72,72,1,6,0.0001,1,0,0,0,0,0,"[0, 0, 0, 0, 0, 0, 0, 0, 0, 0]",Optimal,72.0,match,
random,1008,RND16,5,12,7,optimal,113.14285714285714,113.14285714285714,3,10,0.0003,8,0,0,0,0,0,"[0, 0, 0, 0, 0, 0, 0, 0, 0, 0]",Optimal,113.14285714285715,match,
random,1008,RND17,7,4,3,optimal,-27.5,-27.5,1,1,0.0001,2,0,0,0,0,0,"[0, 0, 0, 0, 0, 0, 0, 0, 0, 0]",Optimal,-27.5,match,
random,1008,RND18,5,5,3,optimal,44.25,44.25,5,8,0.0003,2,0,0,0,1,0,"[0, 0, 0, 0, 0, 0, 0, 0, 1, 0]",Optimal,44.25,match,
random,1008,RND19,7,4,3,infeasible,,,1,0,0.0001,0,1,0,1,0,0,"[1, 1, 0, 0, 0, 0, 0, 0, 0, 0]",Infeasible,0.0,match,
random,1008,RND20,8,7,4,optimal,45,45,11,14,0.0006,8,1,0,1,6,0,"[1, 1, 0, 0, 0, 0, 0, 0, 6, 0]",Optimal,45.000000000000014,match,
random,1008,RND21,2,11,8,optimal,201,201,1,9,0.0002,1,0,0,0,0,0,"[0, 0, 0, 0, 0, 0, 0, 0, 0, 0]",Optimal,201.0,match,
random,1008,RND22,6,8,7,optimal,-63,-63,11,23,0.001,25,2,0,2,4,0,"[2, 1, 1, 0, 1, 0, 0, 0, 4, 0]",Optimal,-63.0,match,
random,1008,RND23,2,10,7,optimal,141,141,1,13,0.0002,0,0,0,0,0,0,"[0, 0, 0, 0, 0, 0, 0, 0, 0, 0]",Optimal,141.0,match,
random,1008,RND24,4,4,2,optimal,7.111111111111111,7.111111111111111,1,1,0.0001,1,0,0,0,0,0,"[0, 0, 0, 0, 0, 0, 0, 0, 0, 0]",Optimal,7.111111111111111,match,
random,1008,RND25,2,4,4,optimal,164,164,1,5,0.0001,1,0,0,0,0,0,"[0, 0, 0, 0, 0, 0, 0, 0, 0, 0]",Optimal,164.0,match,
random,1008,RND26,6,12,11,optimal,41.2,41.2,9,18,0.0006,22,0,0,0,8,0,"[0, 0, 0, 0, 0, 0, 0, 0, 8, 0]",Optimal,41.2,match,
random,1008,RND27,5,6,4,optimal,-51,-51,3,3,0.0002,3,1,0,1,2,0,"[1, 1, 0, 0, 0, 0, 0, 0, 2, 0]",Optimal,-51.0,match,
random,1008,RND28,5,7,5,optimal,13,13,3,6,0.0002,6,0,0,0,0,0,"[0, 0, 0, 0, 0, 0, 0, 0, 0, 0]",Optimal,13.0,match,
random,1008,RND29,2,11,8,optimal,-23,-23,3,5,0.0002,7,1,0,1,7,0,"[1, 1, 0, 0, 0, 0, 0, 0, 7, 0]",Optimal,-23.0,match,
random,1008,RND30,6,11,9,optimal,92,92,25,39,0.0015,56,6,0,6,17,0,"[6, 4, 2, 0, 2, 0, 0, 0, 17, 0]",Optimal,91.99999999999997,match,
random,1008,RND31,3,5,3,optimal,-29.166666666666668,-29.166666666666668,1,1,0.0001,2,0,0,0,0,0,"[0, 0, 0, 0, 0, 0, 0, 0, 0, 0]",Optimal,-29.166666666666668,match,
random,1008,RND32,4,6,5,optimal,28,28,7,17,0.0004,11,1,0,1,2,0,"[1, 1, 0, 0, 0, 0, 0, 0, 2, 0]",Optimal,28.0,match,
random,1008,RND33,7,4,3,optimal,35.333333333333336,35.333333333333336,3,5,0.0002,4,0,0,0,0,0,"[0, 0, 0, 0, 0, 0, 0, 0, 0, 0]",Optimal,35.333333333333336,match,
random,1008,RND34,8,3,1,optimal,9.399999999999999,9.4,1,5,0.0002,0,0,0,0,0,0,"[0, 0, 0, 0, 0, 0, 0, 0, 0, 0]",Optimal,9.399999999999999,match,
random,1008,RND35,2,6,4,optimal,174,174,1,4,0.0002,0,0,0,0,0,0,"[0, 0, 0, 0, 0, 0, 0, 0, 0, 0]",Optimal,174.0,match,
random,1008,RND36,8,3,3,infeasible,,,1,0,0.0001,0,1,0,1,0,0,"[1, 1, 0, 0, 0, 0, 0, 0, 0, 0]",Infeasible,0.0,match,
random,1008,RND37,6,7,6,optimal,157.33333333333331,157.33333333333331,3,13,0.0005,4,0,0,0,5,0,"[0, 0, 0, 0, 0, 0, 0, 0, 5, 0]",Optimal,157.3333343333333,match,
random,1008,RND38,5,8,5,optimal,-39,-39,3,10,0.0003,3,0,0,0,0,0,"[0, 0, 0, 0, 0, 0, 0, 0, 0, 0]",Optimal,-39.0000004375,match,
random,1008,RND39,5,11,7,optimal,73,73,1,10,0.0002,1,0,0,0,0,0,"[0, 0, 0, 0, 0, 0, 0, 0, 0, 0]",Optimal,73.0,match,
random,1008,RND40,4,10,6,optimal,-137.57142857142856,-137.57142857142856,1,11,0.0002,2,0,0,0,0,0,"[0, 0, 0, 0, 0, 0, 0, 0, 0, 0]",Optimal,-137.57142857142858,match,
random,1008,RND41,7,4,4,infeasible,,,1,2,0.0002,3,0,0,0,0,0,"[0, 0, 0, 0, 0, 0, 0, 0, 0, 0]",Infeasible,0.0,match,
random,1008,RND42,8,5,5,infeasible,,,1,0,0.0002,0,1,0,1,0,0,"[1, 1, 0, 0, 0, 0, 0, 0, 0, 0]",Infeasible,0.0,match,
random,1008,RND43,5,8,7,optimal,54.666666666666664,54.666666666666664,3,7,0.0003,5,0,0,0,0,0,"[0, 0, 0, 0, 0, 0, 0, 0, 0, 0]",Optimal,54.666666666666664,match,
random,1008,RND44,6,12,9,optimal,12,12,3,3,0.0004,7,1,0,1,8,0,"[1, 1, 0, 0, 0, 0, 0, 0, 8, 0]",Optimal,12.0,match,
random,1008,RND45,2,12,10,optimal,190,190,1,3,0.0002,1,0,0,0,0,0,"[0, 0, 0, 0, 0, 0, 0, 0, 0, 0]",Optimal,190.0,match,
random,1008,RND46,8,3,2,infeasible,,,1,0,0.0001,0,1,0,1,0,0,"[1, 1, 0, 0, 0, 0, 0, 0, 0, 0]",Infeasible,0.0,match,
random,1008,RND47,3,4,1,optimal,41.5,41.5,1,3,0.0001,1,0,0,0,0,0,"[0, 0, 0, 0, 0, 0, 0, 0, 0, 0]",Optimal,41.5,match,
random,1008,RND48,8,4,3,infeasible,,,1,0,0.0002,0,1,0,1,0,0,"[1, 1, 0, 0, 0, 0, 0, 0, 0, 0]",Infeasible,0.0,match,
random,1008,RND49,8,9,5,optimal,31.375,31.375,7,12,0.0006,9,1,0,1,3,0,"[1, 1, 0, 0, 0, 0, 0, 0, 3, 0]",Optimal,31.375,match,
random,1008,RND50,8,6,3,optimal,18.789473684210527,18.789473684210527,5,15,0.0005,5,0,0,0,2,0,"[0, 0, 0, 0, 0, 0, 0, 0, 2, 0]",Optimal,18.789473684210527,match,
random,1008,RND51,3,12,6,optimal,167.4,167.4,1,5,0.0002,2,0,0,0,0,0,"[0, 0, 0, 0, 0, 0, 0, 0, 0, 0]",Optimal,167.4,match,
random,1008,RND52,4,12,9,optimal,-122,-122,11,19,0.0007,17,0,0,0,8,0,"[0, 0, 0, 0, 0, 0, 0, 0, 8, 0]",Optimal,-122.0,match,
random,1008,RND53,7,4,3,optimal,-16,-16,1,3,0.0002,1,0,0,0,0,0,"[0, 0, 0, 0, 0, 0, 0, 0, 0, 0]",Optimal,-16.0,match,
random,1008,RND54,5,3,1,infeasible,,,1,0,0.0002,1,0,0,0,0,0,"[0, 0, 0, 0, 0, 0, 0, 0, 0, 0]",Infeasible,0.0,match,
random,1008,RND55,8,6,5,optimal,110,110,11,27,0.0011,7,1,0,1,4,0,"[1, 1, 0, 0, 0, 0, 0, 0, 4, 0]",Optimal,110.00000000000001,match,
random,1008,RND56,3,5,4,optimal,-70,-70,1,2,0.0002,4,0,0,0,0,0,"[0, 0, 0, 0, 0, 0, 0, 0, 0, 0]",Optimal,-70.0,match,
random,1008,RND57,4,5,4,infeasible,,,1,0,0.0002,0,1,0,1,0,0,"[1, 1, 0, 0, 0, 0, 0, 0, 0, 0]",Infeasible,0.0,match,
random,1008,RND58,4,8,5,optimal,79,79,3,6,0.0003,0,0,0,0,0,0,"[0, 0, 0, 0, 0, 0, 0, 0, 0, 0]",Optimal,79.0,match,
random,1008,RND59,2,5,4,optimal,17,17,1,1,0.0002,0,0,0,0,0,0,"[0, 0, 0, 0, 0, 0, 0, 0, 0, 0]",Optimal,17.0,match,
random,1008,RND60,2,11,6,optimal,-28.8,-28.8,1,5,0.0002,1,0,0,0,0,0,"[0, 0, 0, 0, 0, 0, 0, 0, 0, 0]",Optimal,-28.8,match,
random,1008,RND61,5,5,3,optimal,73.33333333333333,73.33333333333333,1,2,0.0002,3,0,0,0,0,0,"[0, 0, 0, 0, 0, 0, 0, 0, 0, 0]",Optimal,73.33333333333333,match,
random,1008,RND62,8,9,7,optimal,-18.75,-18.75,6,15,0.0008,4,0,0,0,4,0,"[0, 0, 0, 0, 0, 0, 0, 0, 4, 0]",Optimal,-18.75,match,
random,1008,RND63,4,4,2,optimal,-1.5,-1.5,7,7,0.0004,7,0,0,0,0,0,"[0, 0, 0, 0, 0, 0, 0, 0, 0, 0]",Optimal,-1.5,match,
random,1008,RND64,2,5,3,optimal,-42,-42,1,2,0.0001,0,0,0,0,0,0,"[0, 0, 0, 0, 0, 0, 0, 0, 0, 0]",Optimal,-42.0,match,
random,1008,RND65,8,8,6,optimal,-84,-84,5,16,0.0045,15,0,0,0,0,0,"[0, 0, 0, 0, 0, 0, 0, 0, 0, 0]",Optimal,-84.0,match,
random,1008,RND66,8,10,7,optimal,0.33333333333333304,0.33333333333333304,5,8,0.0004,8,0,0,0,0,0,"[0, 0, 0, 0, 0, 0, 0, 0, 0, 0]",Optimal,0.33333333333333304,match,
random,1008,RND67,5,10,5,optimal,129.73333333333335,129.73333333333335,1,7,0.0003,2,0,0,0,0,0,"[0, 0, 0, 0, 0, 0, 0, 0, 0, 0]",Optimal,129.73333333333332,match,
random,1008,RND68,2,6,3,optimal,-68,-68,1,2,0.0002,1,0,0,0,0,0,"[0, 0, 0, 0, 0, 0, 0, 0, 0, 0]",Optimal,-68.0,match,
random,1008,RND69,7,4,2,optimal,-14.666666666666666,-14.666666666666666,1,2,0.0002,2,0,0,0,0,0,"[0, 0, 0, 0, 0, 0, 0, 0, 0, 0]",Optimal,-14.666666666666666,match,
random,1008,RND70,7,10,7,optimal,15.857142857142858,15.857142857142858,3,8,0.0005,4,0,0,0,6,0,"[0, 0, 0, 0, 0, 0, 0, 0, 6, 0]",Optimal,15.857142857142858,match,
random,1008,RND71,5,10,6,optimal,47,47,11,16,0.0005,13,0,0,0,11,0,"[0, 0, 0, 0, 0, 0, 0, 0, 11, 0]",Optimal,47.0,match,
random,1008,RND72,5,7,4,optimal,9.685714285714285,9.685714285714285,5,7,0.0044,5,0,0,0,0,0,"[0, 0, 0, 0, 0, 0, 0, 0, 0, 0]",Optimal,9.685714285714282,match,
random,1008,RND73,6,5,3,optimal,12,12,1,3,0.0002,2,0,0,0,0,0,"[0, 0, 0, 0, 0, 0, 0, 0, 0, 0]",Optimal,12.0,match,
random,1008,RND74,2,12,8,optimal,164.22222222222223,164.22222222222223,9,16,0.0006,11,1,0,1,15,0,"[1, 1, 0, 0, 0, 0, 0, 0, 15, 0]",Optimal,164.22222222222223,match,
random,1008,RND75,3,12,10,optimal,-108.875,-108.875,1,9,0.0002,2,0,0,0,0,0,"[0, 0, 0, 0, 0, 0, 0, 0, 0, 0]",Optimal,-108.875,match,
random,1008,RND76,8,4,4,infeasible,,,1,0,0.0002,0,1,0,1,0,0,"[1, 1, 0, 0, 0, 0, 0, 0, 0, 0]",Infeasible,0.0,match,
random,1008,RND77,5,9,5,optimal,70.28571428571428,70.28571428571428,6,16,0.0004,7,0,0,0,4,0,"[0, 0, 0, 0, 0, 0, 0, 0, 4, 0]",Optimal,70.28571428571429,match,
random,1008,RND78,2,8,7,optimal,-139.25,-139.25,1,7,0.0001,0,0,0,0,0,0,"[0, 0, 0, 0, 0, 0, 0, 0, 0, 0]",Optimal,-139.25,match,
random,1008,RND79,8,3,2,infeasible,,,1,1,0.0002,2,0,0,0,0,0,"[0, 0, 0, 0, 0, 0, 0, 0, 0, 0]",Infeasible,0.0,match,
random,1008,RND80,4,12,7,optimal,160.125,160.125,1,7,0.0003,3,0,0,0,0,0,"[0, 0, 0, 0, 0, 0, 0, 0, 0, 0]",Optimal,160.125,match,
random,1008,RND81,5,9,7,optimal,-36,-36,17,19,0.0012,24,0,0,0,16,0,"[0, 0, 0, 0, 0, 0, 0, 0, 16, 0]",Optimal,-36.0,match,
random,1008,RND82,2,5,2,optimal,0,0,1,1,0.0001,0,0,0,0,0,0,"[0, 0, 0, 0, 0, 0, 0, 0, 0, 0]",Optimal,0.0,match,
random,1008,RND83,2,11,10,optimal,-210,-210,1,8,0.0001,1,0,0,0,0,0,"[0, 0, 0, 0, 0, 0, 0, 0, 0, 0]",Optimal,-210.0,match,
random,1008,RND84,5,10,7,optimal,54,54,1,6,0.0002,4,0,0,0,0,0,"[0, 0, 0, 0, 0, 0, 0, 0, 0, 0]",Optimal,54.0,match,
random,1008,RND85,8,6,4,optimal,17,17,3,7,0.0003,3,0,0,0,1,0,"[0, 0, 0, 0, 0, 0, 0, 0, 1, 0]",Optimal,17.0,match,
random,1008,RND86,5,4,1,optimal,-16.25,-16.25,1,2,0.0002,1,0,0,0,0,0,"[0, 0, 0, 0, 0, 0, 0, 0, 0, 0]",Optimal,-16.25,match,
random,1008,RND87,8,12,8,optimal,-140,-140,11,22,0.0007,20,0,0,0,5,0,"[0, 0, 0, 0, 0, 0, 0, 0, 5, 0]",Optimal,-140.0,match,
random,1008,RND88,7,7,5,optimal,-43,-43,14,26,0.0008,9,1,0,1,8,0,"[1, 1, 0, 0, 0, 0, 0, 0, 8, 0]",Optimal,-43.0,match,
random,1008,RND89,7,12,7,optimal,-64.03225806451613,-64.03225806451613,8,27,0.0009,13,0,0,0,4,0,"[0, 0, 0, 0, 0, 0, 0, 0, 4, 0]",Optimal,-64.03225806451613,match,
random,1008,RND90,8,7,3,optimal,-33.24466019417476,-33.24466019417476,3,16,0.0004,3,0,0,0,0,0,"[0, 0, 0, 0, 0, 0, 0, 0, 0, 0]",Optimal,-33.24466019417478,match,
random,1008,RND91,8,6,5,optimal,44.85714285714286,44.85714285714286,1,9,0.0002,3,0,0,0,0,0,"[0, 0, 0, 0, 0, 0, 0, 0, 0, 0]",Optimal,44.857142857142854,match,
random,1008,RND92,5,6,5,optimal,46,46,5,8,0.0004,1,0,0,0,0,0,"[0, 0, 0, 0, 0, 0, 0, 0, 0, 0]",Optimal,46.0,match,
random,1008,RND93,4,10,6,optimal,-127,-127,3,9,0.0002,8,0,0,0,0,0,"[0, 0, 0, 0, 0, 0, 0, 0, 0, 0]",Optimal,-127.0,match,
random,1008,RND94,8,6,4,optimal,52,52,1,6,0.0002,3,0,0,0,0,0,"[0, 0, 0, 0, 0, 0, 0, 0, 0, 0]",Optimal,52.0,match,
random,1008,RND95,4,5,5,optimal,73,73,1,5,0.0001,3,0,0,0,0,0,"[0, 0, 0, 0, 0, 0, 0, 0, 0, 0]",Optimal,73.0,match,
random,1008,RND96,6,7,6,optimal,-117,-117,1,7,0.0002,2,0,0,0,0,0,"[0, 0, 0, 0, 0, 0, 0, 0, 0, 0]",Optimal,-117.0,match,
random,1008,RND97,3,5,4,optimal,-4,-4,1,1,0.0002,3,0,0,0,0,0,"[0, 0, 0, 0, 0, 0, 0, 0, 0, 0]",Optimal,-4.0,match,
random,1008,RND98,7,11,8,optimal,49.5,49.5,19,34,0.002,10,0,0,0,16,0,"[0, 0, 0, 0, 0, 0, 0, 0, 16, 0]",Optimal,49.500001,match,
random,1008,RND99,2,4,3,optimal,-36,-36,1,1,0.0002,0,0,0,0,0,0,"[0, 0, 0, 0, 0, 0, 0, 0, 0, 0]",Optimal,-36.0,match,
random,1009,RND0,2,5,3,optimal,39,39,1,2,0.0002,2,0,0,0,0,0,"[0, 0, 0, 0, 0, 0, 0, 0, 0, 0]",Optimal,39.0,match,
random,1009,RND1,4,8,7,optimal,76,76,1,10,0.0003,5,0,0,0,0,0,"[0, 0, 0, 0, 0, 0, 0, 0, 0, 0]",Optimal,76.0,match,
random,1009,RND2,8,12,11,optimal,-120,-120,10,20,0.0017,18,1,0,1,12,0,"[1, 0, 1, 0, 1, 0, 0, 0, 12, 0]",Optimal,-120.0,match,
random,1009,RND3,7,8,5,optimal,-126.66666666666666,-126.66666666666666,12,24,0.0005,8,0,0,0,0,0,"[0, 0, 0, 0, 0, 0, 0, 0, 0, 0]",Optimal,-126.66666666666666,match,
random,1009,RND4,3,5,2,optimal,131.57142857142858,131.57142857142858,3,10,0.0002,1,0,0,0,1,0,"[0, 0, 0, 0, 0, 0, 0, 0, 1, 0]",Optimal,131.57142857142858,match,
random,1009,RND5,4,9,7,optimal,-124,-124,1,5,0.0002,2,0,0,0,0,0,"[0, 0, 0, 0, 0, 0, 0, 0, 0, 0]",Optimal,-124.0,match,
random,1009,RND6,3,11,9,optimal,-66.5,-66.5,47,54,0.001,2,0,0,0,14,0,"[0, 0, 0, 0, 0, 0, 0, 0, 14, 0]",Optimal,-66.5,match,
random,1009,RND7,5,8,5,optimal,-32.95833333333333,-32.95833333333333,1,7,0.0002,3,0,0,0,0,0,"[0, 0, 0, 0, 0, 0, 0, 0, 0, 0]",Optimal,-32.958333333333336,match,
random,1009,RND8,6,4,1,optimal,44.6,44.6,3,6,0.0002,1,0,0,0,0,0,"[0, 0, 0, 0, 0, 0, 0, 0, 0, 0]",Optimal,44.6,match,
random,1009,RND9,3,4,2,optimal,-65,-65,1,6,0.0043,0,0,0,0,0,0,"[0, 0, 0, 0, 0, 0, 0, 0, 0, 0]",Optimal,-65.0,match,
random,1009,RND10,5,8,5,optimal,-29,-29,3,7,0.0002,8,0,0,0,0,0,"[0, 0, 0, 0, 0, 0, 0, 0, 0, 0]",Optimal,-29.0,match,
random,1009,RND11,4,4,2,optimal,-24,-24,3,4,0.0002,1,0,0,0,0,0,"[0, 0, 0, 0, 0, 0, 0, 0, 0, 0]",Optimal,-24.0,match,
random,1009,RND12,8,12,7,optimal,-57.72727272727273,-57.72727272727273,7,21,0.0009,3,0,0,0,8,0,"[0, 0, 0, 0, 0, 0, 0, 0, 8, 0]",Optimal,-57.72727272727273,match,
random,1009,RND13,4,11,7,optimal,141,141,1,14,0.0002,1,0,0,0,0,0,"[0, 0, 0, 0, 0, 0, 0, 0, 0, 0]",Optimal,141.0,match,
random,1009,RND14,4,4,2,optimal,17.96,17.96,1,2,0.0002,2,0,0,0,0,0,"[0, 0, 0, 0, 0, 0, 0, 0, 0, 0]",Optimal,17.96,match,
random,1009,RND15,2,4,2,optimal,0,0,1,0,0.0001,2,0,0,0,0,0,"[0, 0, 0, 0, 0, 0, 0, 0, 0, 0]",Optimal,-0.0,match,
random,1009,RND16,7,8,6,optimal,18,18,13,20,0.0008,13,2,0,2,7,0,"[2, 2, 0, 0, 0, 0, 0, 0, 7, 0]",Optimal,18.0,match,
random,1009,RND17,6,9,6,optimal,-111.77777777777777,-111.77777777777777,7,13,0.0004,9,0,0,0,0,0,"[0, 0, 0, 0, 0, 0, 0, 0, 0, 0]",Optimal,-111.77777777777777,match,
random,1009,RND18,8,8,5,optimal,-24.166666666666668,-24.166666666666668,7,14,0.0006,12,0,0,0,4,0,"[0, 0, 0, 0, 0, 0, 0, 0, 4, 0]",Optimal,-24.16666666666667,match,
random,1009,RND19,8,12,8,optimal,-42.41666666666667,-42.41666666666667,7,14,0.0008,9,0,0,0,11,0,"[0, 0, 0, 0, 0, 0, 0, 0, 11, 0]",Optimal,-42.416666666666686,match,
random,1009,RND20,2,10,6,optimal,170,170,3,7,0.0003,1,0,0,0,5,0,"[0, 0, 0, 0, 0, 0, 0, 0, 5, 0]",Optimal,170.0,match,
random,1009,RND21,3,4,3,optimal,-48.888888888888886,-48.888888888888886,4,8,0.0002,3,0,0,0,2,0,"[0, 0, 0, 0, 0, 0, 0, 0, 2, 0]",Optimal,-48.888888888888886,match,
random,1009,RND22,6,9,9,optimal,55,55,30,63,0.0016,34,3,0,3,33,0,"[3, 3, 0, 0, 0, 0, 0, 0, 33, 0]",Optimal,55.0,match,
random,1009,RND23,4,5,2,optimal,-0.5,-0.5,1,3,0.0002,1,0,0,0,0,0,"[0, 0, 0, 0, 0, 0, 0, 0, 0, 0]",Optimal,-0.5,match,
random,1009,RND24,5,12,9,optimal,-40.25,-40.25,7,12,0.0005,7,1,0,1,9,0,"[1, 1, 0, 0, 0, 0, 0, 0, 9, 0]",Optimal,-40.25,match,
random,1009,RND25,6,9,5,optimal,46.125,46.125,1,2,0.0003,2,0,0,0,0,0,"[0, 0, 0, 0, 0, 0, 0, 0, 0, 0]",Optimal,46.125,match,
random,1009,RND26,2,11,8,optimal,128,128,1,5,0.0003,3,0,0,0,0,0,"[0, 0, 0, 0, 0, 0, 0, 0, 0, 0]",Optimal,128.0,match,
random,1009,RND27,3,7,6,optimal,16,16,3,3,0.0004,4,1,0,1,3,0,"[1, 1, 0, 0, 0, 0, 0, 0, 3, 0]",Optimal,16.0,match,
random,1009,RND28,2,3,2,optimal,-45,-45,1,1,0.0002,1,0,0,0,0,0,"[0, 0, 0, 0, 0, 0, 0, 0, 0, 0]",Optimal,-45.0,match,
random,1009,RND29,8,4,2,optimal,4.5,4.5,3,3,0.0002,0,0,0,0,0,0,"[0, 0, 0, 0, 0, 0, 0, 0, 0, 0]",Optimal,4.5,match,
random,1009,RND30,8,4,3,optimal,16.714285714285715,16.714285714285715,1,2,0.0002,3,0,0,0,0,0,"[0, 0, 0, 0, 0, 0, 0, 0, 0, 0]",Optimal,16.714285714285715,match,
random,1009,RND31,5,12,7,optimal,84.28571428571428,84.28571428571429,3,16,0.0004,7,0,0,0,5,0,"[0, 0, 0, 0, 0, 0, 0, 0, 5, 0]",Optimal,84.28571428571428,match,
random,1009,RND32,5,7,6,optimal,57,57,13,18,0.0007,8,1,0,1,11,0,"[1, 1, 0, 0, 0, 0, 0, 0, 11, 0]",Optimal,57.0,match,
random,1009,RND33,4,4,1,optimal,-72,-72,1,2,0.0002,1,0,0,0,0,0,"[0, 0, 0, 0, 0, 0, 0, 0, 0, 0]",Optimal,-72.0,match,
random,1009,RND34,7,5,2,infeasible,,,1,6,0.0002,2,0,0,0,0,0,"[0, 0, 0, 0, 0, 0, 0, 0, 0, 0]",Infeasible,0.0,match,
random,1009,RND35,3,5,3,optimal,-45,-45,1,3,0.0001,3,0,0,0,0,0,"[0, 0, 0, 0, 0, 0, 0, 0, 0, 0]",Optimal,-45.0,match,
random,1009,RND36,6,3,0,infeasible,,,,2,0.0001,,,,,,,,Infeasible,0.0,match,
random,1009,RND37,8,11,6,optimal,-92,-92,5,16,0.0005,6,0,0,0,6,0,"[0, 0, 0, 0, 0, 0, 0, 0, 6, 0]",Optimal,-92.0,match,
random,1009,RND38,7,12,7,optimal,-19.814814814814817,-19.814814814814817,3,9,0.0004,0,0,0,0,6,0,"[0, 0, 0, 0, 0, 0, 0, 0, 6, 0]",Optimal,-19.814814814814817,match,
random,1009,RND39,7,4,3,infeasible,,,1,1,0.0002,3,0,0,0,0,0,"[0, 0, 0, 0, 0, 0, 0, 0, 0, 0]",Infeasible,0.0,match,
random,1009,RND40,7,8,3,optimal,-33.697674418604656,-33.697674418604656,1,9,0.0003,2,0,0,0,0,0,"[0, 0, 0, 0, 0, 0, 0, 0, 0, 0]",Optimal,-33.697674418604656,match,
random,1009,RND41,2,8,8,optimal,-44,-44,3,5,0.0003,6,1,0,1,6,0,"[1, 1, 0, 0, 0, 0, 0, 0, 6, 0]",Optimal,-44.0,match,
random,1009,RND42,6,4,3,optimal,27,27,3,6,0.0002,2,1,0,1,2,0,"[1, 1, 0, 0, 0, 0, 0, 0, 2, 0]",Optimal,27.0,match,
random,1009,RND43,4,5,2,optimal,0,0,1,0,0.0001,1,0,0,0,0,0,"[0, 0, 0, 0, 0, 0, 0, 0, 0, 0]",Optimal,0.0,match,
random,1009,RND44,2,5,4,optimal,-61,-61,1,4,0.0002,0,0,0,0,0,0,"[0, 0, 0, 0, 0, 0, 0, 0, 0, 0]",Optimal,-61.0,match,
random,1009,RND45,8,8,7,optimal,-36,-36,11,18,0.0009,5,1,0,1,10,0,"[1, 1, 0, 0, 0, 0, 0, 0, 10, 0]",Optimal,-36.0,match,
random,1009,RND46,8,11,11,optimal,89,89,10,28,0.0009,20,1,0,1,16,0,"[1, 1, 0, 0, 0, 0, 0, 0, 16, 0]",Optimal,89.00000000000006,match,
random,1009,RND47,2,7,7,optimal,144,144,1,2,0.0001,3,0,0,0,0,0,"[0, 0, 0, 0, 0, 0, 0, 0, 0, 0]",Optimal,144.0,match,
random,1009,RND48,5,5,5,optimal,-1,-1,3,6,0.0003,9,1,0,1,0,0,"[1, 1, 0, 0, 0, 0, 0, 0, 0, 0]",Optimal,-1.0,match,
random,1009,RND49,5,9,6,optimal,128,128,1,5,0.0003,3,0,0,0,0,0,"[0, 0, 0, 0, 0, 0, 0, 0, 0, 0]",Optimal,128.0,match,
random,1009,RND50,7,10,6,optimal,16.625,16.625,11,24,0.0012,9,0,0,0,5,0,"[0, 0, 0, 0, 0, 0, 0, 0, 5, 0]",Optimal,16.625,match,
random,1009,RND51,8,10,7,optimal,-91,-91,18,32,0.0014,12,0,0,0,6,0,"[0, 0, 0, 0, 0, 0, 0, 0, 6, 0]",Optimal,-91.0,match,
random,1009,RND52,3,8,7,optimal,115,115,11,15,0.0006,4,1,0,1,9,0,"[1, 1, 0, 0, 0, 0, 0, 0, 9, 0]",Optimal,115.0,match,
random,1009,RND53,5,9,4,optimal,56.375,56.375,7,15,0.0008,3,1,0,1,3,0,"[1, 1, 0, 0, 0, 0, 0, 0, 3, 0]",Optimal,56.375,match,
random,1009,RND54,4,9,8,optimal,-34,-34,12,18,0.0007,25,0,0,0,8,0,"[0, 0, 0, 0, 0, 0, 0, 0, 8, 0]",Optimal,-34.0,match,
random,1009,RND55,3,11,8,optimal,35,35,1,7,0.0003,5,0,0,0,0,0,"[0, 0, 0, 0, 0, 0, 0, 0, 0, 0]",Optimal,35.0,match,
random,1009,RND56,2,11,8,optimal,188,188,1,7,0.0002,1,0,0,0,0,0,"[0, 0, 0, 0, 0, 0, 0, 0, 0, 0]",Optimal,188.0,match,
random,1009,RND57,3,7,3,optimal,16,16,2,4,0.0003,3,0,0,0,0,0,"[0, 0, 0, 0, 0, 0, 0, 0, 0, 0]",Optimal,16.0,match,
random,1009,RND58,3,10,6,optimal,-126.42857142857143,-126.42857142857143,1,6,0.0002,0,0,0,0,0,0,"[0, 0, 0, 0, 0, 0, 0, 0, 0, 0]",Optimal,-126.42857142857143,match,
random,1009,RND59,2,11,6,optimal,147,147,7,9,0.0004,7,0,0,0,6,0,"[0, 0, 0, 0, 0, 0, 0, 0, 6, 0]",Optimal,147.0,match,
random,1009,RND60,3,8,4,optimal,-6,-6,1,5,0.0002,0,0,0,0,0,0,"[0, 0, 0, 0, 0, 0, 0, 0, 0, 0]",Optimal,-6.0,match,
random,1009,RND61,3,5,4,optimal,4,4,1,1,0.0002,3,0,0,0,0,0,"[0, 0, 0, 0, 0, 0, 0, 0, 0, 0]",Optimal,4.0,match,
random,1009,RND62,4,9,6,optimal,-73,-73,3,5,0.0003,4,1,0,1,5,0,"[1, 1, 0, 0, 0, 0, 0, 0, 5, 0]",Optimal,-73.0,match,
random,1009,RND63,6,5,4,optimal,18.285714285714285,18.285714285714285,6,8,0.0004,3,0,0,0,3,0,"[0, 0, 0, 0, 0, 0, 0, 0, 3, 0]",Optimal,18.285714285714285,match,
random,1009,RND64,8,4,3,infeasible,,,1,0,0.0004,0,1,0,1,0,0,"[1, 1, 0, 0, 0, 0, 0, 0, 0, 0]",Infeasible,0.0,match,
random,1009,RND65,8,9,6,optimal,14,14,3,13,0.0004,9,0,0,0,0,0,"[0, 0, 0, 0, 0, 0, 0, 0, 0, 0]",Optimal,14.0,match,
random,1009,RND66,4,8,6,optimal,-16,-16,3,5,0.0003,1,1,0,1,5,0,"[1, 1, 0, 0, 0, 0, 0, 0, 5, 0]",Optimal,-16.0,match,
random,1009,RND67,8,5,4,optimal,176,176,1,9,0.0002,0,0,0,0,0,0,"[0, 0, 0, 0, 0, 0, 0, 0, 0, 0]",Optimal,176.0,match,
random,1009,RND68,6,8,6,optimal,29,29,1,4,0.0002,2,0,0,0,0,0,"[0, 0, 0, 0, 0, 0, 0, 0, 0, 0]",Optimal,29.0,match,
random,1009,RND69,4,12,10,optimal,40.66666666666667,40.66666666666667,13,19,0.0008,15,1,0,1,10,0,"[1, 1, 0, 0, 0, 0, 0, 0, 10, 0]",Optimal,40.666666666666664,match,
random,1009,RND70,4,5,4,infeasible,,,1,0,0.0004,0,1,0,1,0,0,"[1, 0, 1, 0, 1, 0, 0, 0, 0, 0]",Infeasible,0.0,match,
random,1009,RND71,3,7,4,optimal,-54,-54,3,4,0.0003,1,0,0,0,0,0,"[0, 0, 0, 0, 0, 0, 0, 0, 0, 0]",Optimal,-54.0,match,
random,1009,RND72,5,4,4,infeasible,,,1,0,0.0002,0,1,0,1,0,0,"[1, 1, 0, 0, 0, 0, 0, 0, 0, 0]",Infeasible,0.0,match,
random,1009,RND73,2,6,4,optimal,-37,-37,3,8,0.0002,5,0,0,0,0,0,"[0, 0, 0, 0, 0, 0, 0, 0, 0, 0]",Optimal,-37.0,match,
random,1009,RND74,6,9,9,optimal,-50,-50,1,8,0.0002,2,0,0,0,0,0,"[0, 0, 0, 0, 0, 0, 0, 0, 0, 0]",Optimal,-50.0,match,
random,1009,RND75,7,3,3,optimal,-8,-8,3,8,0.0002,5,0,0,0,0,0,"[0, 0, 0, 0, 0, 0, 0, 0, 0, 0]",Optimal,-8.0,match,
random,1009,RND76,3,11,7,optimal,178,178,1,6,0.0002,5,0,0,0,0,0,"[0, 0, 0, 0, 0, 0, 0, 0, 0, 0]",Optimal,178.0,match,
random,1009,RND77,4,9,7,optimal,165.55555555555554,165.55555555555554,1,12,0.0002,0,0,0,0,0,0,"[0, 0, 0, 0, 0, 0, 0, 0, 0, 0]",Optimal,165.55555555555554,match,
random,1009,RND78,3,7,6,optimal,-96,-96,1,4,0.0004,3,0,0,0,0,0,"[0, 0, 0, 0, 0, 0, 0, 0, 0, 0]",Optimal,-96.0,match,
random,1009,RND79,4,7,5,optimal,73,73,6,12,0.0003,7,0,0,0,4,0,"[0, 0, 0, 0, 0, 0, 0, 0, 4, 0]",Optimal,73.0,match,
random,1009,RND80,7,7,7,optimal,36,36,11,22,0.0008,17,1,0,1,9,0,"[1, 1, 0, 0, 0, 0, 0, 0, 9, 0]",Optimal,36.0,match,
random,1009,RND81,2,3,2,optimal,-32,-32,1,2,0.0002,2,0,0,0,0,0,"[0, 0, 0, 0, 0, 0, 0, 0, 0, 0]",Optimal,-32.0,match,
random,1009,RND82,7,12,9,optimal,-47.333333333333336,-47.333333333333336,14,21,0.001,17,1,0,1,6,0,"[1, 1, 0, 0, 0, 0, 0, 0, 6, 0]",Optimal,-47.333333333333336,match,
random,1009,RND83,7,4,3,optimal,4,4,1,2,0.0002,2,0,0,0,0,0,"[0, 0, 0, 0, 0, 0, 0, 0, 0, 0]",Optimal,4.0,match,
random,1009,RND84,5,11,8,optimal,-30.666666666666664,-30.666666666666664,3,7,0.0005,1,1,0,1,7,0,"[1, 1, 0, 0, 0, 0, 0, 0, 7, 0]",Optimal,-30.666666666666668,match,
random,1009,RND85,5,11,9,optimal,14,14,14,23,0.0008,42,0,0,0,4,0,"[0, 0, 0, 0, 0, 0, 0, 0, 4, 0]",Optimal,14.0,match,
random,1009,RND86,2,12,9,optimal,-95.57142857142857,-95.57142857142857,1,7,0.0003,2,0,0,0,0,0,"[0, 0, 0, 0, 0, 0, 0, 0, 0, 0]",Optimal,-95.57142857142857,match,
random,1009,RND87,8,4,4,infeasible,,,1,0,0.0002,0,1,0,1,0,0,"[1, 1, 0, 0, 0, 0, 0, 0, 0, 0]",Infeasible,0.0,match,
random,1009,RND88,4,4,3,optimal,119,119,1,6,0.0002,1,0,0,0,0,0,"[0, 0, 0, 0, 0, 0, 0, 0, 0, 0]",Optimal,119.0,match,
random,1009,RND89,4,12,8,optimal,-50.4,-50.4,5,11,0.0005,15,0,0,0,0,0,"[0, 0, 0, 0, 0, 0, 0, 0, 0, 0]",Optimal,-50.400000000000006,match,
random,1009,RND90,2,7,1,optimal,124.66666666666667,124.66666666666667,1,5,0.0003,1,0,0,0,0,0,"[0, 0, 0, 0, 0, 0, 0, 0, 0, 0]",Optimal,124.66666666666667,match,
random,1009,RND91,7,8,6,optimal,71,71,21,34,0.0022,17,0,0,0,15,0,"[0, 0, 0, 0, 0, 0, 0, 0, 15, 0]",Optimal,71.00000000000001,match,
random,1009,RND92,3,5,4,optimal,-45,-45,1,4,0.0002,1,0,0,0,0,0,"[0, 0, 0, 0, 0, 0, 0, 0, 0, 0]",Optimal,-45.0,match,
random,1009,RND93,5,5,3,optimal,4.8,4.8,1,7,0.0003,2,0,0,0,0,0,"[0, 0, 0, 0, 0, 0, 0, 0, 0, 0]",Optimal,4.8,match,
random,1009,RND94,5,11,9,optimal,58,58,5,21,0.0005,9,0,0,0,8,0,"[0, 0, 0, 0, 0, 0, 0, 0, 8, 0]",Optimal,58.0,match,
random,1009,RND95,7,11,8,optimal,-44.08888888888889,-44.08888888888889,17,38,0.0012,8,0,0,0,7,0,"[0, 0, 0, 0, 0, 0, 0, 0, 7, 0]",Optimal,-44.08888888888896,match,
random,1009,RND96,3,7,6,optimal,-29,-29,4,6,0.0003,6,0,0,0,5,0,"[0, 0, 0, 0, 0, 0, 0, 0, 5, 0]",Optimal,-29.0,match,
random,1009,RND97,4,4,1,optimal,-58.666666666666664,-58.666666666666664,1,4,0.0002,0,0,0,0,0,0,"[0, 0, 0, 0, 0, 0, 0, 0, 0, 0]",Optimal,-58.666666666666664,match,
random,1009,RND98,8,3,3,optimal,14,14,3,6,0.0003,6,0,0,0,0,0,"[0, 0, 0, 0, 0, 0, 0, 0, 0, 0]",Optimal,14.0,match,
random,1009,RND99,3,4,3,optimal,24,24,1,1,0.0002,2,0,0,0,0,0,"[0, 0, 0, 0, 0, 0, 0, 0, 0, 0]",Optimal,24.0,match,
random,1010,RND0,8,12,8,optimal,46.9047619047619,46.9047619047619,12,32,0.0013,13,0,0,0,19,0,"[0, 0, 0, 0, 0, 0, 0, 0, 19, 0]",Optimal,46.90476190476192,match,
random,1010,RND1,8,4,4,optimal,-20,-20,3,8,0.0003,5,1,0,1,2,0,"[1, 1, 0, 0, 0, 0, 0, 0, 2, 0]",Optimal,-20.0,match,
random,1010,RND2,6,3,2,optimal,4.666666666666667,4.666666666666667,1,2,0.0002,2,0,0,0,0,0,"[0, 0, 0, 0, 0, 0, 0, 0, 0, 0]",Optimal,4.666666666666667,match,
random,1010,RND3,2,11,8,optimal,-99.33333333333334,-99.33333333333334,1,6,0.0002,3,0,0,0,0,0,"[0, 0, 0, 0, 0, 0, 0, 0, 0, 0]",Optimal,-99.33333333333333,match,
random,1010,RND4,2,8,5,optimal,174,174,5,10,0.0003,0,0,0,0,5,0,"[0, 0, 0, 0, 0, 0, 0, 0, 5, 0]",Optimal,174.0,match,
random,1010,RND5,5,3,2,optimal,-21,-21,1,4,0.0002,1,0,0,0,0,0,"[0, 0, 0, 0, 0, 0, 0, 0, 0, 0]",Optimal,-21.0,match,
random,1010,RND6,8,3,3,optimal,-5,-5,1,2,0.0002,3,0,0,0,0,0,"[0, 0, 0, 0, 0, 0, 0, 0, 0, 0]",Optimal,-5.0,match,
random,1010,RND7,4,3,2,optimal,9,9,3,3,0.0003,1,0,0,0,0,0,"[0, 0, 0, 0, 0, 0, 0, 0, 0, 0]",Optimal,9.0,match,
random,1010,RND8,8,11,5,optimal,-40.25,-40.25,2,10,0.0005,2,0,0,0,4,0,"[0, 0, 0, 0, 0, 0, 0, 0, 4, 0]",Optimal,-40.25,match,
random,1010,RND9,5,6,4,optimal,172,172,3,10,0.0003,3,0,0,0,2,0,"[0, 0, 0, 0, 0, 0, 0, 0, 2, 0]",Optimal,172.0,match,
random,1010,RND10,5,6,6,optimal,25,25,1,7,0.0002,4,0,0,0,0,0,"[0, 0, 0, 0, 0, 0, 0, 0, 0, 0]",Optimal,25.0,match,
random,1010,RND11,7,9,7,optimal,9,9,5,10,0.0003,8,0,0,0,0,0,"[0, 0, 0, 0, 0, 0, 0, 0, 0, 0]",Optimal,9.0,match,
random,1010,RND12,3,12,7,optimal,196,196,1,8,0.0002,2,0,0,0,0,0,"[0, 0, 0, 0, 0, 0, 0, 0, 0, 0]",Optimal,196.0,match,
random,1010,RND13,5,11,6,optimal,40.60714285714286,40.60714285714286,3,11,0.0002,3,0,0,0,0,0,"[0, 0, 0, 0, 0, 0, 0, 0, 0, 0]",Optimal,40.60714285714286,match,
random,1010,RND14,4,6,1,optimal,-21,-21,1,7,0.0002,1,0,0,0,0,0,"[0, 0, 0, 0, 0, 0, 0, 0, 0, 0]",Optimal,-21.0,match,
random,1010,RND15,8,9,5,optimal,-45,-45,1,13,0.0003,4,0,0,0,0,0,"[0, 0, 0, 0, 0, 0, 0, 0, 0, 0]",Optimal,-45.0,match,
random,1010,RND16,2,10,8,optimal,-165,-165,8,15,0.0003,4,0,0,0,13,0,"[0, 0, 0, 0, 0, 0, 0, 0, 13, 0]",Optimal,-165.0,match,
random,1010,RND17,3,5,2,optimal,32,32,1,1,0.0001,2,0,0,0,0,0,"[0, 0, 0, 0, 0, 0, 0, 0, 0, 0]",Optimal,32.0,match,
random,1010,RND18,8,10,7,optimal,18.333333333333332,18.333333333333332,3,9,0.0004,4,0,0,0,6,0,"[0, 0, 0, 0, 0, 0, 0, 0, 6, 0]",Optimal,18.333333333333336,match,
random,1010,RND19,5,10,8,optimal,-98,-98,8,17,0.0006,1,0,0,0,14,0,"[0, 0, 0, 0, 0, 0, 0, 0, 14, 0]",Optimal,-98.0,match,
random,1010,RND20,3,10,8,optimal,-144,-144,5,10,0.0003,11,0,0,0,7,0,"[0, 0, 0, 0, 0, 0, 0, 0, 7, 0]",Optimal,-144.0,match,
random,1010,RND21,8,6,4,optimal,92,92,7,21,0.0004,5,0,0,0,0,0,"[0, 0, 0, 0, 0, 0, 0, 0, 0, 0]",Optimal,92.00000000000001,match,
random,1010,RND22,7,10,7,optimal,-50.6865671641791,-50.6865671641791,3,10,0.0003,8,0,0,0,0,0,"[0, 0, 0, 0, 0, 0, 0, 0, 0, 0]",Optimal,-50.68656716417911,match,
random,1010,RND23,2,7,5,optimal,31.666666666666668,31.666666666666668,1,3,0.0002,3,0,0,0,0,0,"[0, 0, 0, 0, 0, 0, 0, 0, 0, 0]",Optimal,31.666666666666668,match,
random,1010,RND24,5,7,6,optimal,63,63,7,17,0.0004,1,0,0,0,4,0,"[0, 0, 0, 0, 0, 0, 0, 0, 4, 0]",Optimal,63.0,match,
random,1010,RND25,3,10,7,optimal,-69.33333333333333,-69.33333333333333,3,9,0.0002,5,0,0,0,0,0,"[0, 0, 0, 0, 0, 0, 0, 0, 0, 0]",Optimal,-69.33333333333333,match,
random,1010,RND26,8,3,2,infeasible,,,1,0,0.0002,0,1,0,1,0,0,"[1, 1, 0, 0, 0, 0, 0, 0, 0, 0]",Infeasible,0.0,match,
random,1010,RND27,3,3,2,optimal,-21.599999999999998,-21.599999999999998,1,3,0.0001,1,0,0,0,0,0,"[0, 0, 0, 0, 0, 0, 0, 0, 0, 0]",Optimal,-21.599999999999998,match,
random,1010,RND28,2,6,5,optimal,139,139,3,6,0.0002,4,0,0,0,0,0,"[0, 0, 0, 0, 0, 0, 0, 0, 0, 0]",Optimal,139.0,match,
random,1010,RND29,6,11,8,optimal,-50.8,-50.8,12,22,0.0006,21,0,0,0,6,0,"[0, 0, 0, 0, 0, 0, 0, 0, 6, 0]",Optimal,-50.8,match,
random,1010,RND30,5,5,2,optimal,-46,-46,1,6,0.0002,1,0,0,0,0,0,"[0, 0, 0, 0, 0, 0, 0, 0, 0, 0]",Optimal,-46.0,match,
random,1010,RND31,4,9,7,optimal,299,299,3,15,0.0004,2,0,0,0,5,0,"[0, 0, 0, 0, 0, 0, 0, 0, 5, 0]",Optimal,299.0,match,
random,1010,RND32,5,10,7,optimal,50.72,50.72,5,9,0.0004,5,1,0,1,6,0,"[1, 1, 0, 0, 0, 0, 0, 0, 6, 0]",Optimal,50.72,match,
random,1010,RND33,4,3,2,optimal,48,48,1,7,0.0002,1,0,0,0,0,0,"[0, 0, 0, 0, 0, 0, 0, 0, 0, 0]",Optimal,48.0,match,
random,1010,RND34,7,8,7,optimal,-19,-19,5,13,0.0005,9,0,0,0,5,0,"[0, 0, 0, 0, 0, 0, 0, 0, 5, 0]",Optimal,-19.0,match,
random,1010,RND35,2,12,10,optimal,394,394,1,11,0.0002,0,0,0,0,0,0,"[0, 0, 0, 0, 0, 0, 0, 0, 0, 0]",Optimal,394.0,match,
random,1010,RND36,7,3,3,optimal,5,5,3,3,0.0002,3,0,0,0,0,0,"[0, 0, 0, 0, 0, 0, 0, 0, 0, 0]",Optimal,5.0,match,
random,1010,RND37,4,11,9,optimal,107,107,1,4,0.0002,2,0,0,0,0,0,"[0, 0, 0, 0, 0, 0, 0, 0, 0, 0]",Optimal,107.0,match,
random,1010,RND38,4,7,5,optimal,36,36,1,3,0.0001,2,0,0,0,0,0,"[0, 0, 0, 0, 0, 0, 0, 0, 0, 0]",Optimal,36.0,match,
random,1010,RND39,6,4,2,optimal,10.428571428571429,10.428571428571429,1,2,0.0001,1,0,0,0,0,0,"[0, 0, 0, 0, 0, 0, 0, 0, 0, 0]",Optimal,10.428571428571429,match,
random,1010,RND40,7,5,4,optimal,45,45,8,11,0.0004,6,1,0,1,4,0,"[1, 1, 0, 0, 0, 0, 0, 0, 4, 0]",Optimal,45.0,match,
random,1010,RND41,4,6,4,optimal,48,48,3,8,0.0002,4,0,0,0,0,0,"[0, 0, 0, 0, 0, 0, 0, 0, 0, 0]",Optimal,48.0,match,
random,1010,RND42,8,12,8,optimal,49.75,49.75,5,10,0.0005,11,0,0,0,0,0,"[0, 0, 0, 0, 0, 0, 0, 0, 0, 0]",Optimal,49.75,match,
random,1010,RND43,5,11,10,optimal,39,39,6,17,0.0006,19,0,0,0,6,0,"[0, 0, 0, 0, 0, 0, 0, 0, 6, 0]",Optimal,39.0,match,
random,1010,RND44,8,5,4,infeasible,,,1,0,0.0002,0,1,0,1,0,0,"[1, 1, 0, 0, 0, 0, 0, 0, 0, 0]",Infeasible,0.0,match,
random,1010,RND45,5,4,2,optimal,-58.45614035087719,-58.45614035087719,3,6,0.0002,2,0,0,0,1,0,"[0, 0, 0, 0, 0, 0, 0, 0, 1, 0]",Optimal,-58.45614035087719,match,
random,1010,RND46,6,12,9,optimal,98.96296296296298,98.96296296296298,11,22,0.0007,25,0,0,0,7,0,"[0, 0, 0, 0, 0, 0, 0, 0, 7, 0]",Optimal,98.96296296296296,match,
random,1010,RND47,4,8,8,optimal,-39,-39,13,23,0.0006,29,2,0,2,6,0,"[2, 2, 0, 0, 0, 0, 0, 0, 6, 0]",Optimal,-39.0,match,
random,1010,RND48,6,3,2,optimal,11,11,3,4,0.0002,1,0,0,0,0,0,"[0, 0, 0, 0, 0, 0, 0, 0, 0, 0]",Optimal,11.0,match,
random,1010,RND49,8,3,3,optimal,-22,-22,1,4,0.0002,1,0,0,0,0,0,"[0, 0, 0, 0, 0, 0, 0, 0, 0, 0]",Optimal,-22.0,match,
random,1010,RND50,7,11,4,optimal,42.25,42.25,1,14,0.0002,0,0,0,0,0,0,"[0, 0, 0, 0, 0, 0, 0, 0, 0, 0]",Optimal,42.25,match,
random,1010,RND51,6,4,4,optimal,-69,-69,1,5,0.0001,2,0,0,0,0,0,"[0, 0, 0, 0, 0, 0, 0, 0, 0, 0]",Optimal,-69.0,match,
random,1010,RND52,5,12,9,optimal,78.33333333333333,78.33333333333333,11,16,0.0007,14,1,0,1,10,0,"[1, 1, 0, 0, 0, 0, 0, 0, 10, 0]",Optimal,78.33333433333333,match,
random,1010,RND53,4,7,4,optimal,-62,-62,1,8,0.0002,1,0,0,0,0,0,"[0, 0, 0, 0, 0, 0, 0, 0, 0, 0]",Optimal,-62.0,match,
random,1010,RND54,8,8,5,optimal,92,92,7,19,0.0005,10,0,0,0,3,0,"[0, 0, 0, 0, 0, 0, 0, 0, 3, 0]",Optimal,92.0,match,
random,1010,RND55,5,11,10,optimal,86,86,16,25,0.0008,45,1,0,1,17,0,"[1, 1, 0, 0, 0, 0, 0, 0, 17, 0]",Optimal,86.0,match,
random,1010,RND56,3,5,3,optimal,-3,-3,1,3,0.0001,2,0,0,0,0,0,"[0, 0, 0, 0, 0, 0, 0, 0, 0, 0]",Optimal,-3.0,match,
random,1010,RND57,2,6,2,optimal,-9,-9,3,3,0.0002,2,1,0,1,1,0,"[1, 1, 0, 0, 0, 0, 0, 0, 1, 0]",Optimal,-9.0,match,
random,1010,RND58,3,10,7,optimal,-153,-153,5,15,0.0003,10,0,0,0,0,0,"[0, 0, 0, 0, 0, 0, 0, 0, 0, 0]",Optimal,-153.0,match,
random,1010,RND59,2,12,9,optimal,84,84,1,4,0.0002,2,0,0,0,0,0,"[0, 0, 0, 0, 0, 0, 0, 0, 0, 0]",Optimal,84.0,match,
random,1010,RND60,2,8,6,optimal,87,87,1,3,0.0001,3,0,0,0,0,0,"[0, 0, 0, 0, 0, 0, 0, 0, 0, 0]",Optimal,87.0,match,
random,1010,RND61,2,10,6,optimal,65,65,5,9,0.0003,6,1,0,1,5,0,"[1, 1, 0, 0, 0, 0, 0, 0, 5, 0]",Optimal,65.0,match,
random,1010,RND62,6,4,2,optimal,36,36,1,3,0.0001,2,0,0,0,0,0,"[0, 0, 0, 0, 0, 0, 0, 0, 0, 0]",Optimal,36.0,match,
random,1010,RND63,2,10,10,optimal,-60,-60,4,9,0.0006,7,0,0,0,8,0,"[0, 0, 0, 0, 0, 0, 0, 0, 8, 0]",Optimal,-60.0,match,
random,1010,RND64,7,8,5,optimal,21.125,21.125,3,11,0.0003,2,0,0,0,0,0,"[0, 0, 0, 0, 0, 0, 0, 0, 0, 0]",Optimal,21.125,match,
random,1010,RND65,5,9,8,optimal,-5,-5,7,19,0.0004,17,0,0,0,1,0,"[0, 0, 0, 0, 0, 0, 0, 0, 1, 0]",Optimal,-4.999999999999997,match,
random,1010,RND66,2,12,8,optimal,210,210,1,8,0.0002,0,0,0,0,0,0,"[0, 0, 0, 0, 0, 0, 0, 0, 0, 0]",Optimal,210.0,match,
random,1010,RND67,2,3,3,optimal,-32,-32,3,3,0.0002,2,1,0,1,2,0,"[1, 1, 0, 0, 0, 0, 0, 0, 2, 0]",Optimal,-32.0,match,
random,1010,RND68,4,9,5,optimal,-187.11111111111111,-187.11111111111111,3,12,0.0002,1,0,0,0,0,0,"[0, 0, 0, 0, 0, 0, 0, 0, 0, 0]",Optimal,-187.11111111111111,match,
random,1010,RND69,3,5,5,optimal,36,36,4,4,0.0002,4,0,0,0,4,0,"[0, 0, 0, 0, 0, 0, 0, 0, 4, 0]",Optimal,36.0,match,
random,1010,RND70,4,12,6,optimal,64,64,15,21,0.0007,9,0,0,0,14,0,"[0, 0, 0, 0, 0, 0, 0, 0, 14, 0]",Optimal,64.0,match,
random,1010,RND71,5,9,5,optimal,64.4,64.4,12,23,0.0006,7,1,0,1,3,0,"[1, 1, 0, 0, 0, 0, 0, 0, 3, 0]",Optimal,64.40000000000003,match,
random,1010,RND72,3,12,9,optimal,-72,-72,3,6,0.0002,8,0,0,0,0,0,"[0, 0, 0, 0, 0, 0, 0, 0, 0, 0]",Optimal,-72.0,match,
random,1010,RND73,2,4,3,optimal,117,117,1,6,0.0001,0,0,0,0,0,0,"[0, 0, 0, 0, 0, 0, 0, 0, 0, 0]",Optimal,117.0,match,
random,1010,RND74,8,11,2,optimal,38,38,1,15,0.0002,1,0,0,0,0,0,"[0, 0, 0, 0, 0, 0, 0, 0, 0, 0]",Optimal,38.0,match,
random,1010,RND75,3,11,7,optimal,249,249,3,11,0.0002,1,0,0,0,0,0,"[0, 0, 0, 0, 0, 0, 0, 0, 0, 0]",Optimal,249.0,match,
random,1010,RND76,7,9,6,optimal,64,64,8,15,0.0006,12,0,0,0,5,0,"[0, 0, 0, 0, 0, 0, 0, 0, 5, 0]",Optimal,64.0,match,
random,1010,RND77,7,12,10,optimal,-37,-37,7,17,0.0008,17,0,0,0,16,0,"[0, 0, 0, 0, 0, 0, 0, 0, 16, 0]",Optimal,-37.0,match,
random,1010,RND78,5,6,4,optimal,-18,-18,1,3,0.0002,2,0,0,0,0,0,"[0, 0, 0, 0, 0, 0, 0, 0, 0, 0]",Optimal,-18.0,match,
random,1010,RND79,5,11,6,optimal,-56.22857142857143,-56.22857142857143,5,9,0.0004,3,1,0,1,5,0,"[1, 1, 0, 0, 0, 0, 0, 0, 5, 0]",Optimal,-56.22857142857143,match,
random,1010,RND80,7,5,5,optimal,-62,-62,3,12,0.0003,7,0,0,0,3,0,"[0, 0, 0, 0, 0, 0, 0, 0, 3, 0]",Optimal,-62.0,match,
random,1010,RND81,8,9,6,optimal,-33,-33,8,12,0.0007,13,2,0,2,8,0,"[2, 2, 0, 0, 0, 0, 0, 0, 8, 0]",Optimal,-33.0,match,
random,1010,RND82,5,5,4,infeasible,,,1,0,0.0002,0,1,0,1,0,0,"[1, 1, 0, 0, 0, 0, 0, 0, 0, 0]",Infeasible,0.0,match,
random,1010,RND83,8,12,8,optimal,-90.5,-90.5,3,16,0.0004,6,0,0,0,0,0,"[0, 0, 0, 0, 0, 0, 0, 0, 0, 0]",Optimal,-90.5,match,
random,1010,RND84,8,3,2,optimal,-1,-1,1,2,0.0002,2,0,0,0,0,0,"[0, 0, 0, 0, 0, 0, 0, 0, 0, 0]",Optimal,-1.0,match,
random,1010,RND85,2,7,5,optimal,45,45,1,4,0.0001,2,0,0,0,0,0,"[0, 0, 0, 0, 0, 0, 0, 0, 0, 0]",Optimal,45.0,match,
random,1010,RND86,7,3,2,optimal,3.5,3.5,3,4,0.0003,3,0,0,0,0,0,"[0, 0, 0, 0, 0, 0, 0, 0, 0, 0]",Optimal,3.5,match,
random,1010,RND87,5,12,8,optimal,23,23,3,6,0.0002,14,0,0,0,0,0,"[0, 0, 0, 0, 0, 0, 0, 0, 0, 0]",Optimal,23.0,match,
random,1010,RND88,6,7,4,optimal,31,31,4,12,0.0003,5,0,0,0,0,0,"[0, 0, 0, 0, 0, 0, 0, 0, 0, 0]",Optimal,31.0,match,
random,1010,RND89,4,12,8,optimal,-146.75,-146.75,7,13,0.0003,7,0,0,0,0,0,"[0, 0, 0, 0, 0, 0, 0, 0, 0, 0]",Optimal,-146.75,match,
random,1010,RND90,7,7,6,optimal,-8,-8,1,5,0.0002,6,0,0,0,0,0,"[0, 0, 0, 0, 0, 0, 0, 0, 0, 0]",Optimal,-8.0,match,
random,1010,RND91,4,4,3,optimal,-55,-55,3,6,0.0002,1,1,0,1,2,0,"[1, 1, 0, 0, 0, 0, 0, 0, 2, 0]",Optimal,-55.0,match,
random,1010,RND92,7,12,5,optimal,39,39,7,16,0.0006,4,0,0,0,4,0,"[0, 0, 0, 0, 0, 0, 0, 0, 4, 0]",Optimal,39.0,match,
random,1010,RND93,8,3,2,optimal,-8.5,-8.5,1,1,0.0002,2,0,0,0,0,0,"[0, 0, 0, 0, 0, 0, 0, 0, 0, 0]",Optimal,-8.5,match,
random,1010,RND94,2,3,2,optimal,-8.142857142857142,-8.142857142857142,1,2,0.0001,1,0,0,0,0,0,"[0, 0, 0, 0, 0, 0, 0, 0, 0, 0]",Optimal,-8.142857142857142,match,
random,1010,RND95,5,11,9,optimal,-148,-148,10,24,0.0006,10,0,0,0,6,0,"[0, 0, 0, 0, 0, 0, 0, 0, 6, 0]",Optimal,-148.0,match,
random,1010,RND96,6,4,3,optimal,6,6,5,10,0.0004,8,0,0,0,0,0,"[0, 0, 0, 0, 0, 0, 0, 0, 0, 0]",Optimal,6.0,match,
random,1010,RND97,8,5,4,optimal,74,74,4,10,0.0003,2,0,0,0,3,0,"[0, 0, 0, 0, 0, 0, 0, 0, 3, 0]",Optimal,74.0,match,
random,1010,RND98,6,4,2,optimal,7.5,7.5,1,4,0.0001,1,0,0,0,0,0,"[0, 0, 0, 0, 0, 0, 0, 0, 0, 0]",Optimal,7.5,match,
random,1010,RND99,2,4,4,optimal,0,0,1,0,0.0001,4,0,0,0,0,0,"[0, 0, 0, 0, 0, 0, 0, 0, 0, 0]",Optimal,-0.0,match,
random,1011,RND0,4,8,7,optimal,-192,-192,5,13,0.0004,3,0,0,0,7,0,"[0, 0, 0, 0, 0, 0, 0, 0, 7, 0]",Optimal,-192.0,match,
random,1011,RND1,6,8,5,optimal,-12.333333333333334,-12.333333333333334,7,12,0.0005,7,0,0,0,3,0,"[0, 0, 0, 0, 0, 0, 0, 0, 3, 0]",Optimal,-12.333333333333334,match,
random,1011,RND2,8,12,9,optimal,48.4,48.4,21,32,0.0022,28,2,0,2,24,0,"[2, 2, 0, 0, 0, 0, 0, 0, 24, 0]",Optimal,48.40000000000021,match,
random,1011,RND3,3,3,1,optimal,29,29,3,7,0.0002,0,0,0,0,0,0,"[0, 0, 0, 0, 0, 0, 0, 0, 0, 0]",Optimal,29.0,match,
random,1011,RND4,8,5,3,optimal,52.333333333333336,52.333333333333336,3,8,0.0003,1,0,0,0,0,0,"[0, 0, 0, 0, 0, 0, 0, 0, 0, 0]",Optimal,52.33333333333334,match,
random,1011,RND5,6,3,1,optimal,-17.111111111111114,-17.111111111111114,1,5,0.0002,1,0,0,0,0,0,"[0, 0, 0, 0, 0, 0, 0, 0, 0, 0]",Optimal,-17.111111111111114,match,
random,1011,RND6,3,10,9,optimal,-23,-23,7,14,0.0007,6,0,0,0,9,0,"[0, 0, 0, 0, 0, 0, 0, 0, 9, 0]",Optimal,-23.0,match,
random,1011,RND7,7,7,6,optimal,18.333333333333336,18.333333333333336,16,29,0.0011,18,0,0,0,7,0,"[0, 0, 0, 0, 0, 0, 0, 0, 7, 0]",Optimal,18.333333333333332,match,
random,1011,RND8,4,9,4,optimal,150.28571428571428,150.28571428571428,1,11,0.0002,0,0,0,0,0,0,"[0, 0, 0, 0, 0, 0, 0, 0, 0, 0]",Optimal,150.28571428571428,match,
random,1011,RND9,6,6,3,optimal,117,117,1,8,0.0002,1,0,0,0,0,0,"[0, 0, 0, 0, 0, 0, 0, 0, 0, 0]",Optimal,117.0,match,
random,1011,RND10,5,3,2,optimal,-5,-5,1,0,0.0002,2,0,0,0,0,0,"[0, 0, 0, 0, 0, 0, 0, 0, 0, 0]",Optimal,-5.0,match,
random,1011,RND11,2,6,4,optimal,44,44,3,4,0.0003,5,0,0,0,3,0,"[0, 0, 0, 0, 0, 0, 0, 0, 3, 0]",Optimal,44.0,match,
random,1011,RND12,8,5,4,optimal,1,1,3,4,0.0002,7,0,0,0,0,0,"[0, 0, 0, 0, 0, 0, 0, 0, 0, 0]",Optimal,1.0,match,
random,1011,RND13,6,11,10,optimal,64,64,4,9,0.0004,10,0,0,0,0,0,"[0, 0, 0, 0, 0, 0, 0, 0, 0, 0]",Optimal,64.0,match,
random,1011,RND14,2,5,4,optimal,37.333333333333336,37.333333333333336,3,5,0.0002,2,0,0,0,3,0,"[0, 0, 0, 0, 0, 0, 0, 0, 3, 0]",Optimal,37.333333333333336,match,
random,1011,RND15,4,6,4,optimal,32,32,1,3,0.0001,3,0,0,0,0,0,"[0, 0, 0, 0, 0, 0, 0, 0, 0, 0]",Optimal,32.0,match,
random,1011,RND16,6,11,7,optimal,22,22,7,13,0.0008,7,0,0,0,9,0,"[0, 0, 0, 0, 0, 0, 0, 0, 9, 0]",Optimal,22.0,match,
random,1011,RND17,5,8,4,optimal,126.66666666666666,126.66666666666666,3,15,0.0002,7,0,0,0,0,0,"[0, 0, 0, 0, 0, 0, 0, 0, 0, 0]",Optimal,126.66666666666667,match,
random,1011,RND18,2,9,6,optimal,-183,-183,5,11,0.0003,3,2,0,2,7,0,"[2, 2, 0, 0, 0, 0, 0, 0, 7, 0]",Optimal,-183.0,match,
random,1011,RND19,7,9,7,optimal,23.476190476190474,23.476190476190474,4,8,0.0003,5,0,0,0,0,0,"[0, 0, 0, 0, 0, 0, 0, 0, 0, 0]",Optimal,23.476190476190474,match,
random,1011,RND20,5,3,1,optimal,-13,-13,1,4,0.0001,0,0,0,0,0,0,"[0, 0, 0, 0, 0, 0, 0, 0, 0, 0]",Optimal,-13.0,match,
random,1011,RND21,5,9,7,optimal,114,114,3,16,0.0004,2,0,0,0,6,0,"[0, 0, 0, 0, 0, 0, 0, 0, 6, 0]",Optimal,114.0,match,
random,1011,RND22,4,6,5,optimal,-24,-24,1,2,0.0002,3,0,0,0,0,0,"[0, 0, 0, 0, 0, 0, 0, 0, 0, 0]",Optimal,-24.0,match,
random,1011,RND23,2,4,3,infeasible,,,1,0,0.0002,0,0,0,0,0,0,"[0, 0, 0, 0, 0, 0, 0, 0, 0, 0]",Infeasible,0.0,match,
random,1011,RND24,6,4,3,optimal,-42,-42,3,3,0.0004,2,1,0,1,2,0,"[1, 1, 0, 0, 0, 0, 0, 0, 2, 0]",Optimal,-42.0,match,
random,1011,RND25,6,7,5,optimal,-18,-18,5,13,0.0006,8,0,0,0,2,0,"[0, 0, 0, 0, 0, 0, 0, 0, 2, 0]",Optimal,-18.0,match,
random,1011,RND26,3,10,5,optimal,-146.66666666666666,-146.66666666666666,5,6,0.0005,2,0,0,0,4,0,"[0, 0, 0, 0, 0, 0, 0, 0, 4, 0]",Optimal,-146.66666666666666,match,
random,1011,RND27,4,10,6,optimal,62.525,62.525,1,6,0.0003,2,0,0,0,0,0,"[0, 0, 0, 0, 0, 0, 0, 0, 0, 0]",Optimal,62.525,match,
random,1011,RND28,5,3,2,optimal,-30.333333333333332,-30.333333333333332,1,3,0.0003,1,0,0,0,0,0,"[0, 0, 0, 0, 0, 0, 0, 0, 0, 0]",Optimal,-30.333333333333332,match,
random,1011,RND29,6,6,4,optimal,28.333333333333336,28.333333333333336,3,6,0.0004,5,0,0,0,0,0,"[0, 0, 0, 0, 0, 0, 0, 0, 0, 0]",Optimal,28.333333333333336,match,
random,1011,RND30,7,7,3,optimal,-17.583333333333332,-17.583333333333332,3,9,0.0005,4,0,0,0,0,0,"[0, 0, 0, 0, 0, 0, 0, 0, 0, 0]",Optimal,-17.583333333333332,match,
random,1011,RND31,2,3,0,infeasible,,,,1,0.0002,,,,,,,,Infeasible,0.0,match,
random,1011,RND32,2,9,6,optimal,-86.66666666666666,-86.66666666666667,15,19,0.0008,8,0,0,0,12,0,"[0, 0, 0, 0, 0, 0, 0, 0, 12, 0]",Optimal,-86.66666666666666,match,
random,1011,RND33,2,8,5,optimal,-136,-136,3,9,0.0003,4,0,0,0,0,0,"[0, 0, 0, 0, 0, 0, 0, 0, 0, 0]",Optimal,-136.0,match,
random,1011,RND34,8,3,3,optimal,-3,-3,1,0,0.0002,3,0,0,0,0,0,"[0, 0, 0, 0, 0, 0, 0, 0, 0, 0]",Optimal,-3.0,match,
random,1011,RND35,3,5,5,optimal,126,126,1,6,0.0002,2,0,0,0,0,0,"[0, 0, 0, 0, 0, 0, 0, 0, 0, 0]",Optimal,126.0,match,
random,1011,RND36,5,9,8,optimal,-113,-113,20,31,0.0022,31,3,0,3,24,0,"[3, 3, 0, 0, 0, 0, 0, 0, 24, 0]",Optimal,-113.0,match,
random,1011,RND37,8,4,4,infeasible,,,1,0,0.0002,0,1,0,1,0,0,"[1, 1, 0, 0, 0, 0, 0, 0, 0, 0]",Infeasible,0.0,match,
random,1011,RND38,5,8,7,optimal,-111,-111,1,6,0.0002,0,0,0,0,0,0,"[0, 0, 0, 0, 0, 0, 0, 0, 0, 0]",Optimal,-111.0,match,
random,1011,RND39,4,9,7,optimal,-3,-3,3,6,0.0002,9,0,0,0,0,0,"[0, 0, 0, 0, 0, 0, 0, 0, 0, 0]",Optimal,-3.0,match,
random,1011,RND40,4,9,6,optimal,51.8,51.8,1,4,0.0002,5,0,0,0,0,0,"[0, 0, 0, 0, 0, 0, 0, 0, 0, 0]",Optimal,51.8,match,
random,1011,RND41,8,10,6,optimal,-13.5,-13.5,5,14,0.0004,12,0,0,0,0,0,"[0, 0, 0, 0, 0, 0, 0, 0, 0, 0]",Optimal,-13.5,match,
random,1011,RND42,5,7,2,optimal,-78.45,-78.45,3,12,0.0002,1,0,0,0,0,0,"[0, 0, 0, 0, 0, 0, 0, 0, 0, 0]",Optimal,-78.45,match,
random,1011,RND43,2,6,4,optimal,-23.333333333333336,-23.333333333333336,1,1,0.0002,3,0,0,0,0,0,"[0, 0, 0, 0, 0, 0, 0, 0, 0, 0]",Optimal,-23.333333333333332,match,
random,1011,RND44,3,7,5,optimal,83,83,1,2,0.0001,3,0,0,0,0,0,"[0, 0, 0, 0, 0, 0, 0, 0, 0, 0]",Optimal,83.0,match,
random,1011,RND45,6,3,3,infeasible,,,1,0,0.0002,0,1,0,1,0,0,"[1, 1, 0, 0, 0, 0, 0, 0, 0, 0]",Infeasible,0.0,match,
random,1011,RND46,7,10,8,optimal,19,19,8,15,0.0007,20,0,0,0,0,0,"[0, 0, 0, 0, 0, 0, 0, 0, 0, 0]",Optimal,19.0,match,
random,1011,RND47,4,4,3,optimal,21,21,3,4,0.0002,2,1,0,1,2,0,"[1, 1, 0, 0, 0, 0, 0, 0, 2, 0]",Optimal,21.0,match,
random,1011,RND48,5,9,5,optimal,52.285714285714285,52.285714285714285,6,9,0.0003,10,0,0,0,0,0,"[0, 0, 0, 0, 0, 0, 0, 0, 0, 0]",Optimal,52.28571428571428,match,
random,1011,RND49,3,6,4,optimal,69,69,11,17,0.0006,10,2,0,2,5,0,"[2, 2, 0, 0, 0, 0, 0, 0, 5, 0]",Optimal,69.0,match,
random,1011,RND50,8,9,6,optimal,-144.79999999999998,-144.79999999999998,3,11,0.0003,5,0,0,0,0,0,"[0, 0, 0, 0, 0, 0, 0, 0, 0, 0]",Optimal,-144.8,match,
random,1011,RND51,6,12,7,optimal,-113,-113,1,5,0.0002,3,0,0,0,0,0,"[0, 0, 0, 0, 0, 0, 0, 0, 0, 0]",Optimal,-113.0,match,
random,1011,RND52,8,5,5,optimal,-8,-8,5,7,0.0003,4,2,0,2,0,0,"[2, 2, 0, 0, 0, 0, 0, 0, 0, 0]",Optimal,-8.0,match,
random,1011,RND53,3,10,8,optimal,-7,-7,3,5,0.0002,6,0,0,0,6,0,"[0, 0, 0, 0, 0, 0, 0, 0, 6, 0]",Optimal,-7.0,match,
random,1011,RND54,4,6,5,optimal,120,120,3,7,0.0002,2,1,0,1,4,0,"[1, 1, 0, 0, 0, 0, 0, 0, 4, 0]",Optimal,120.0,match,
random,1011,RND55,7,5,5,optimal,-36,-36,1,4,0.0002,4,0,0,0,0,0,"[0, 0, 0, 0, 0, 0, 0, 0, 0, 0]",Optimal,-36.0,match,
random,1011,RND56,3,3,1,optimal,-6,-6,1,1,0.0001,1,0,0,0,0,0,"[0, 0, 0, 0, 0, 0, 0, 0, 0, 0]",Optimal,-6.0,match,
random,1011,RND57,3,3,3,infeasible,,,1,0,0.0001,0,1,0,1,0,0,"[1, 1, 0, 0, 0, 0, 0, 0, 0, 0]",Infeasible,0.0,match,
random,1011,RND58,6,9,5,optimal,15,15,1,1,0.0002,3,0,0,0,0,0,"[0, 0, 0, 0, 0, 0, 0, 0, 0, 0]",Optimal,15.0,match,
random,1011,RND59,6,3,1,infeasible,,,1,0,0.0001,0,1,0,1,0,0,"[1, 1, 0, 0, 0, 0, 0, 0, 0, 0]",Infeasible,0.0,match,
random,1011,RND60,8,10,6,optimal,-43.95238095238095,-43.952380952380956,8,20,0.0007,8,0,0,0,4,0,"[0, 0, 0, 0, 0, 0, 0, 0, 4, 0]",Optimal,-43.95238095238095,match,
random,1011,RND61,7,3,1,optimal,-9.75,-9.75,1,3,0.0001,1,0,0,0,0,0,"[0, 0, 0, 0, 0, 0, 0, 0, 0, 0]",Optimal,-9.75,match,
random,1011,RND62,5,12,7,optimal,-36.5,-36.5,3,13,0.0004,2,0,0,0,6,0,"[0, 0, 0, 0, 0, 0, 0, 0, 6, 0]",Optimal,-36.5,match,
random,1011,RND63,4,6,4,optimal,34,34,3,6,0.0002,4,0,0,0,0,0,"[0, 0, 0, 0, 0, 0, 0, 0, 0, 0]",Optimal,34.0,match,
random,1011,RND64,5,3,1,infeasible,,,1,3,0.0002,1,0,0,0,0,0,"[0, 0, 0, 0, 0, 0, 0, 0, 0, 0]",Infeasible,0.0,match,
random,1011,RND65,4,8,4,optimal,22.2,22.2,1,4,0.0001,2,0,0,0,0,0,"[0, 0, 0, 0, 0, 0, 0, 0, 0, 0]",Optimal,22.2,match,
random,1011,RND66,6,12,10,optimal,137.2857142857143,137.2857142857143,17,40,0.001,9,0,0,0,8,0,"[0, 0, 0, 0, 0, 0, 0, 0, 8, 0]",Optimal,137.28571428571433,match,
random,1011,RND67,4,5,5,optimal,-38,-38,8,11,0.0004,10,2,0,2,9,0,"[2, 2, 0, 0, 0, 0, 0, 0, 9, 0]",Optimal,-38.0,match,
random,1011,RND68,4,3,3,optimal,-54,-54,3,3,0.0002,3,1,0,1,2,0,"[1, 1, 0, 0, 0, 0, 0, 0, 2, 0]",Optimal,-54.0,match,
random,1011,RND69,2,6,5,optimal,-80.28571428571428,-80.28571428571428,3,6,0.0002,2,0,0,0,0,0,"[0, 0, 0, 0, 0, 0, 0, 0, 0, 0]",Optimal,-80.28571428571429,match,
random,1011,RND70,5,12,8,optimal,-26,-26,1,5,0.0003,5,0,0,0,0,0,"[0, 0, 0, 0, 0, 0, 0, 0, 0, 0]",Optimal,-26.0,match,
random,1011,RND71,5,6,4,optimal,-11,-11,1,4,0.0002,3,0,0,0,0,0,"[0, 0, 0, 0, 0, 0, 0, 0, 0, 0]",Optimal,-11.0,match,
random,1011,RND72,2,4,3,optimal,-45,-45,1,1,0.0002,1,0,0,0,0,0,"[0, 0, 0, 0, 0, 0, 0, 0, 0, 0]",Optimal,-45.0,match,
random,1011,RND73,8,10,9,optimal,-50,-50,23,34,0.0026,38,0,0,0,25,0,"[0, 0, 0, 0, 0, 0, 0, 0, 25, 0]",Optimal,-50.0,match,
random,1011,RND74,5,12,9,optimal,92.28571428571428,92.28571428571428,3,9,0.0004,11,0,0,0,0,0,"[0, 0, 0, 0, 0, 0, 0, 0, 0, 0]",Optimal,92.28571428571429,match,
random,1011,RND75,3,8,6,optimal,36,36,3,7,0.0003,3,0,0,0,0,0,"[0, 0, 0, 0, 0, 0, 0, 0, 0, 0]",Optimal,36.0,match,
random,1011,RND76,8,11,10,optimal,-15,-15,3,8,0.0005,9,0,0,0,0,0,"[0, 0, 0, 0, 0, 0, 0, 0, 0, 0]",Optimal,-15.0,match,
random,1011,RND77,3,11,9,optimal,152.28571428571428,152.28571428571428,6,9,0.0005,15,1,0,1,15,0,"[1, 1, 0, 0, 0, 0, 0, 0, 15, 0]",Optimal,152.28571428571428,match,
random,1011,RND78,6,10,5,optimal,-46.875,-46.875,1,4,0.0004,1,0,0,0,0,0,"[0, 0, 0, 0, 0, 0, 0, 0, 0, 0]",Optimal,-46.875,match,
random,1011,RND79,6,10,9,optimal,54,54,3,17,0.0007,7,0,0,0,6,0,"[0, 0, 0, 0, 0, 0, 0, 0, 6, 0]",Optimal,54.0,match,
random,1011,RND80,5,9,7,optimal,-36,-36,1,5,0.0003,2,0,0,0,0,0,"[0, 0, 0, 0, 0, 0, 0, 0, 0, 0]",Optimal,-36.0,match,
random,1011,RND81,2,3,3,optimal,0,0,1,0,0.0002,1,0,0,0,0,0,"[0, 0, 0, 0, 0, 0, 0, 0, 0, 0]",Optimal,0.0,match,
random,1011,RND82,3,7,6,optimal,64,64,3,9,0.0003,6,0,0,0,0,0,"[0, 0, 0, 0, 0, 0, 0, 0, 0, 0]",Optimal,64.0,match,
random,1011,RND83,8,8,6,optimal,-12,-12,1,5,0.0003,6,0,0,0,0,0,"[0, 0, 0, 0, 0, 0, 0, 0, 0, 0]",Optimal,-12.0,match,
random,1011,RND84,3,8,6,optimal,-100,-100,3,7,0.0002,6,0,0,0,0,0,"[0, 0, 0, 0, 0, 0, 0, 0, 0, 0]",Optimal,-100.0,match,
random,1011,RND85,6,12,10,optimal,-35.333333333333336,-35.333333333333336,16,25,0.0012,30,1,0,1,13,0,"[1, 1, 0, 0, 0, 0, 0, 0, 13, 0]",Optimal,-35.333333333333336,match,
random,1011,RND86,4,7,6,optimal,30.333333333333332,30.333333333333332,9,9,0.0004,8,0,0,0,4,0,"[0, 0, 0, 0, 0, 0, 0, 0, 4, 0]",Optimal,30.333333333333336,match,
random,1011,RND87,5,6,3,optimal,109.77777777777777,109.77777777777777,1,5,0.0002,1,0,0,0,0,0,"[0, 0, 0, 0, 0, 0, 0, 0, 0, 0]",Optimal,109.77777777777777,match,
random,1011,RND88,6,6,6,optimal,-48,-48,5,12,0.0003,6,1,0,1,3,0,"[1, 1, 0, 0, 0, 0, 0, 0, 3, 0]",Optimal,-48.0,match,
random,1011,RND89,8,12,7,optimal,-29.6,-29.6,8,19,0.0008,9,0,0,0,5,0,"[0, 0, 0, 0, 0, 0, 0, 0, 5, 0]",Optimal,-29.6,match,
random,1011,RND90,5,9,6,optimal,-69.5,-69.5,7,13,0.0004,7,0,0,0,0,0,"[0, 0, 0, 0, 0, 0, 0, 0, 0, 0]",Optimal,-69.5,match,
random,1011,RND91,3,7,6,optimal,19,19,13,17,0.0004,18,0,0,0,7,0,"[0, 0, 0, 0, 0, 0, 0, 0, 7, 0]",Optimal,19.0,match,
random,1011,RND92,7,10,7,optimal,269,269,1,11,0.0002,1,0,0,0,0,0,"[0, 0, 0, 0, 0, 0, 0, 0, 0, 0]",Optimal,269.0,match,
random,1011,RND93,3,7,5,optimal,121,121,3,6,0.0002,5,0,0,0,0,0,"[0, 0, 0, 0, 0, 0, 0, 0, 0, 0]",Optimal,121.0,match,
random,1011,RND94,2,12,9,optimal,-199.375,-199.375,3,11,0.0003,4,0,0,0,8,0,"[0, 0, 0, 0, 0, 0, 0, 0, 8, 0]",Optimal,-199.375,match,
random,1011,RND95,2,7,7,optimal,-147,-147,9,12,0.0002,11,0,0,0,0,0,"[0, 0, 0, 0, 0, 0, 0, 0, 0, 0]",Optimal,-147.0,match,
random,1011,RND96,7,9,9,optimal,24,24,22,40,0.0026,13,4,0,4,5,0,"[4, 2, 2, 0, 2, 0, 0, 0, 5, 0]",Optimal,24.0,match,
random,1011,RND97,3,12,8,optimal,75,75,1,8,0.0003,1,0,0,0,0,0,"[0, 0, 0, 0, 0, 0, 0, 0, 0, 0]",Optimal,75.0,match,
random,1011,RND98,8,5,1,optimal,-5,-5,1,3,0.0002,1,0,0,0,0,0,"[0, 0, 0, 0, 0, 0, 0, 0, 0, 0]",Optimal,-5.0,match,
random,1011,RND99,5,12,8,optimal,13,13,1,3,0.0002,1,0,0,0,0,0,"[0, 0, 0, 0, 0, 0, 0, 0, 0, 0]",Optimal,13.0,match,
random,1012,RND0,3,8,7,optimal,150,150,1,12,0.0002,0,0,0,0,0,0,"[0, 0, 0, 0, 0, 0, 0, 0, 0, 0]",Optimal,150.0,match,
random,1012,RND1,8,4,3,infeasible,,,1,0,0.0002,0,1,0,1,0,0,"[1, 1, 0, 0, 0, 0, 0, 0, 0, 0]",Infeasible,0.0,match,
random,1012,RND2,8,8,6,infeasible,,,1,0,0.0002,0,1,0,1,0,0,"[1, 1, 0, 0, 0, 0, 0, 0, 0, 0]",Infeasible,0.0,match,
random,1012,RND3,6,7,6,optimal,36,36,12,14,0.0006,18,3,0,3,11,0,"[3, 3, 0, 0, 0, 0, 0, 0, 11, 0]",Optimal,36.0,match,
random,1012,RND4,2,5,4,optimal,-47,-47,1,4,0.0002,2,0,0,0,0,0,"[0, 0, 0, 0, 0, 0, 0, 0, 0, 0]",Optimal,-47.0,match,
random,1012,RND5,3,10,8,optimal,44.857142857142854,44.857142857142854,1,5,0.0003,4,0,0,0,0,0,"[0, 0, 0, 0, 0, 0, 0, 0, 0, 0]",Optimal,44.85714285714286,match,
random,1012,RND6,8,7,5,optimal,-84,-84,1,8,0.0002,4,0,0,0,0,0,"[0, 0, 0, 0, 0, 0, 0, 0, 0, 0]",Optimal,-84.0,match,
random,1012,RND7,6,8,6,optimal,23.47222222222222,23.47222222222222,13,19,0.0008,17,2,0,2,8,0,"[2, 2, 0, 0, 0, 0, 0, 0, 8, 0]",Optimal,23.47222222222222,match,
random,1012,RND8,2,9,4,optimal,-101.66666666666667,-101.66666666666667,3,6,0.0002,0,0,0,0,3,0,"[0, 0, 0, 0, 0, 0, 0, 0, 3, 0]",Optimal,-101.66666666666667,match,
random,1012,RND9,7,7,4,optimal,-27,-27,3,11,0.0009,4,0,0,0,2,0,"[0, 0, 0, 0, 0, 0, 0, 0, 2, 0]",Optimal,-27.0,match,
random,1012,RND10,7,12,8,optimal,-30.666666666666668,-30.666666666666668,3,8,0.0003,11,0,0,0,0,0,"[0, 0, 0, 0, 0, 0, 0, 0, 0, 0]",Optimal,-30.666666666666668,match,
random,1012,RND11,6,4,3,optimal,-48.5,-48.5,3,5,0.0002,5,0,0,0,0,0,"[0, 0, 0, 0, 0, 0, 0, 0, 0, 0]",Optimal,-48.5,match,
random,1012,RND12,8,3,2,infeasible,,,1,2,0.0002,2,0,0,0,0,0,"[0, 0, 0, 0, 0, 0, 0, 0, 0, 0]",Infeasible,0.0,match,
random,1012,RND13,4,4,3,optimal,-9,-9,3,5,0.0002,5,0,0,0,0,0,"[0, 0, 0, 0, 0, 0, 0, 0, 0, 0]",Optimal,-9.0,match,
random,1012,RND14,8,5,5,optimal,10,10,5,12,0.0003,10,1,0,1,2,0,"[1, 1, 0, 0, 0, 0, 0, 0, 2, 0]",Optimal,10.0,match,
random,1012,RND15,8,12,9,optimal,87.25925925925927,87.25925925925927,30,62,0.0023,60,2,0,2,16,0,"[2, 2, 0, 0, 0, 0, 0, 0, 16, 0]",Optimal,87.25925925925927,match,
random,1012,RND16,3,10,8,optimal,111,111,3,10,0.0003,3,0,0,0,6,0,"[0, 0, 0, 0, 0, 0, 0, 0, 6, 0]",Optimal,111.0,match,
random,1012,RND17,4,11,8,optimal,-88,-88,1,7,0.0002,1,0,0,0,0,0,"[0, 0, 0, 0, 0, 0, 0, 0, 0, 0]",Optimal,-88.0,match,
random,1012,RND18,3,12,6,optimal,75.33333333333333,75.33333333333333,1,2,0.0002,4,0,0,0,0,0,"[0, 0, 0, 0, 0, 0, 0, 0, 0, 0]",Optimal,75.33333333333333,match,
random,1012,RND19,8,3,1,optimal,9.190476190476192,9.190476190476192,1,5,0.0002,1,0,0,0,0,0,"[0, 0, 0, 0, 0, 0, 0, 0, 0, 0]",Optimal,9.190476190476192,match,
random,1012,RND20,2,11,9,optimal,23.333333333333336,23.333333333333336,7,10,0.0004,7,1,0,1,9,0,"[1, 1, 0, 0, 0, 0, 0, 0, 9, 0]",Optimal,23.333333333333336,match,
random,1012,RND21,5,5,3,optimal,75,75,1,4,0.0002,2,0,0,0,0,0,"[0, 0, 0, 0, 0, 0, 0, 0, 0, 0]",Optimal,75.0,match,
random,1012,RND22,8,8,5,optimal,-178,-178,3,13,0.0003,1,1,0,1,4,0,"[1, 1, 0, 0, 0, 0, 0, 0, 4, 0]",Optimal,-178.0,match,
random,1012,RND23,6,12,8,optimal,94.57738095238095,94.57738095238095,3,15,0.0003,7,0,0,0,0,0,"[0, 0, 0, 0, 0, 0, 0, 0, 0, 0]",Optimal,94.57738095238095,match,
random,1012,RND24,7,11,8,optimal,-38.33333333333333,-38.333333333333336,7,13,0.0004,14,0,0,0,0,0,"[0, 0, 0, 0, 0, 0, 0, 0, 0, 0]",Optimal,-38.33333333333333,match,
random,1012,RND25,5,11,9,optimal,-44.75,-44.75,1,8,0.0002,5,0,0,0,0,0,"[0, 0, 0, 0, 0, 0, 0, 0, 0, 0]",Optimal,-44.75,match,
random,1012,RND26,8,3,3,optimal,-66,-66,5,7,0.0003,5,0,0,0,1,0,"[0, 0, 0, 0, 0, 0, 0, 0, 1, 0]",Optimal,-66.0,match,
random,1012,RND27,8,4,3,optimal,26.6,26.6,7,12,0.0003,5,0,0,0,0,0,"[0, 0, 0, 0, 0, 0, 0, 0, 0, 0]",Optimal,26.60000055357143,match,
random,1012,RND28,4,6,4,optimal,-55,-55,3,9,0.0003,2,0,0,0,3,0,"[0, 0, 0, 0, 0, 0, 0, 0, 3, 0]",Optimal,-55.0,match,
random,1012,RND29,5,3,3,optimal,0,0,1,0,0.0001,3,0,0,0,0,0,"[0, 0, 0, 0, 0, 0, 0, 0, 0, 0]",Optimal,0.0,match,
random,1012,RND30,2,12,10,optimal,152,152,7,14,0.0003,0,0,0,0,8,0,"[0, 0, 0, 0, 0, 0, 0, 0, 8, 0]",Optimal,152.0,match,
random,1012,RND31,7,10,7,optimal,-42.666666666666664,-42.666666666666664,7,14,0.0006,7,1,0,1,5,0,"[1, 1, 0, 0, 0, 0, 0, 0, 5, 0]",Optimal,-42.66666666666667,match,
random,1012,RND32,3,3,2,optimal,6,6,3,2,0.0002,1,1,0,1,1,0,"[1, 1, 0, 0, 0, 0, 0, 0, 1, 0]",Optimal,6.0,match,
random,1012,RND33,3,6,5,optimal,24,24,1,1,0.0001,3,0,0,0,0,0,"[0, 0, 0, 0, 0, 0, 0, 0, 0, 0]",Optimal,24.0,match,
random,1012,RND34,5,9,4,optimal,38.625,38.625,3,6,0.0004,4,0,0,0,0,0,"[0, 0, 0, 0, 0, 0, 0, 0, 0, 0]",Optimal,38.625,match,
random,1012,RND35,3,11,10,optimal,-116,-116,3,5,0.0003,4,1,0,1,9,0,"[1, 1, 0, 0, 0, 0, 0, 0, 9, 0]",Optimal,-116.0,match,
random,1012,RND36,7,12,9,optimal,-98.83333333333334,-98.83333333333334,9,19,0.0007,13,1,0,1,7,0,"[1, 1, 0, 0, 0, 0, 0, 0, 7, 0]",Optimal,-98.83333333333333,match,
random,1012,RND37,6,6,3,optimal,23.857142857142858,23.857142857142858,7,14,0.0004,1,0,0,0,0,0,"[0, 0, 0, 0, 0, 0, 0, 0, 0, 0]",Optimal,23.85714285714286,match,
random,1012,RND38,2,8,7,optimal,105,105,1,4,0.0001,1,0,0,0,0,0,"[0, 0, 0, 0, 0, 0, 0, 0, 0, 0]",Optimal,105.0,match,
random,1012,RND39,2,4,3,optimal,44,44,1,2,0.0001,0,0,0,0,0,0,"[0, 0, 0, 0, 0, 0, 0, 0, 0, 0]",Optimal,44.0,match,
random,1012,RND40,3,5,2,optimal,43.44444444444444,43.44444444444444,1,4,0.0002,2,0,0,0,0,0,"[0, 0, 0, 0, 0, 0, 0, 0, 0, 0]",Optimal,43.44444444444444,match,
random,1012,RND41,6,9,7,optimal,-132,-132,3,14,0.0003,7,0,0,0,0,0,"[0, 0, 0, 0, 0, 0, 0, 0, 0, 0]",Optimal,-132.0,match,
random,1012,RND42,6,7,5,optimal,-12.333333333333332,-12.333333333333332,5,11,0.0003,7,0,0,0,1,0,"[0, 0, 0, 0, 0, 0, 0, 0, 1, 0]",Optimal,-12.333333333333334,match,
random,1012,RND43,4,11,8,optimal,53,53,3,7,0.0005,6,1,0,1,7,0,"[1, 1, 0, 0, 0, 0, 0, 0, 7, 0]",Optimal,53.0,match,
random,1012,RND44,5,3,2,optimal,6,6,1,1,0.0002,1,0,0,0,0,0,"[0, 0, 0, 0, 0, 0, 0, 0, 0, 0]",Optimal,6.0,match,
random,1012,RND45,8,8,4,optimal,18,18,1,6,0.0003,1,0,0,0,0,0,"[0, 0, 0, 0, 0, 0, 0, 0, 0, 0]",Optimal,18.0,match,
random,1012,RND46,3,3,2,infeasible,,,1,0,0.0002,0,1,0,1,0,0,"[1, 1, 0, 0, 0, 0, 0, 0, 0, 0]",Infeasible,0.0,match,
random,1012,RND47,3,12,7,optimal,-44.5,-44.5,5,8,0.0004,10,0,0,0,0,0,"[0, 0, 0, 0, 0, 0, 0, 0, 0, 0]",Optimal,-44.5,match,
random,1012,RND48,6,7,3,optimal,3,3,3,4,0.0004,3,0,0,0,2,0,"[0, 0, 0, 0, 0, 0, 0, 0, 2, 0]",Optimal,3.0,match,
random,1012,RND49,3,9,6,optimal,-89.28571428571429,-89.28571428571429,7,11,0.0005,3,1,0,1,6,0,"[1, 1, 0, 0, 0, 0, 0, 0, 6, 0]",Optimal,-89.28571428571429,match,
random,1012,RND50,8,6,4,optimal,-6.285714285714286,-6.285714285714286,5,7,0.0006,3,1,0,1,3,0,"[1, 1, 0, 0, 0, 0, 0, 0, 3, 0]",Optimal,-6.285714285714286,match,
random,1012,RND51,7,8,7,optimal,45,45,10,20,0.0009,12,2,0,2,0,0,"[2, 2, 0, 0, 0, 0, 0, 0, 0, 0]",Optimal,45.0,match,
random,1012,RND52,7,11,8,optimal,28,28,11,21,0.0013,12,2,0,2,11,0,"[2, 2, 0, 0, 0, 0, 0, 0, 11, 0]",Optimal,28.000001,match,
random,1012,RND53,5,11,9,optimal,-211.66666666666666,-211.66666666666666,4,18,0.0005,5,0,0,0,8,0,"[0, 0, 0, 0, 0, 0, 0, 0, 8, 0]",Optimal,-211.66666666666666,match,
random,1012,RND54,8,4,1,infeasible,,,1,0,0.0002,0,1,0,1,0,0,"[1, 1, 0, 0, 0, 0, 0, 0, 0, 0]",Infeasible,0.0,match,
random,1012,RND55,4,9,7,optimal,-40,-40,8,13,0.0005,18,0,0,0,3,0,"[0, 0, 0, 0, 0, 0, 0, 0, 3, 0]",Optimal,-40.0,match,
random,1012,RND56,2,12,7,optimal,-225,-225,1,10,0.0002,0,0,0,0,0,0,"[0, 0, 0, 0, 0, 0, 0, 0, 0, 0]",Optimal,-225.0,match,
random,1012,RND57,5,8,4,optimal,37,37,1,3,0.0002,1,0,0,0,0,0,"[0, 0, 0, 0, 0, 0, 0, 0, 0, 0]",Optimal,37.0,match,
random,1012,RND58,5,4,3,optimal,58,58,1,5,0.0001,0,0,0,0,0,0,"[0, 0, 0, 0, 0, 0, 0, 0, 0, 0]",Optimal,58.0,match,
random,1012,RND59,7,6,5,optimal,-16,-16,8,10,0.0004,10,0,0,0,7,0,"[0, 0, 0, 0, 0, 0, 0, 0, 7, 0]",Optimal,-16.0,match,
random,1012,RND60,2,8,6,optimal,-82,-82,1,3,0.0002,1,0,0,0,0,0,"[0, 0, 0, 0, 0, 0, 0, 0, 0, 0]",Optimal,-82.0,match,
random,1012,RND61,4,11,9,optimal,-129,-129,1,7,0.0002,1,0,0,0,0,0,"[0, 0, 0, 0, 0, 0, 0, 0, 0, 0]",Optimal,-129.0,match,
random,1012,RND62,3,3,1,optimal,60,60,1,3,0.0001,0,0,0,0,0,0,"[0, 0, 0, 0, 0, 0, 0, 0, 0, 0]",Optimal,60.0,match,
random,1012,RND63,5,6,4,optimal,24.5,24.5,1,6,0.0002,2,0,0,0,0,0,"[0, 0, 0, 0, 0, 0, 0, 0, 0, 0]",Optimal,24.5,match,
random,1012,RND64,4,3,3,optimal,12,12,1,0,0.0002,3,0,0,0,0,0,"[0, 0, 0, 0, 0, 0, 0, 0, 0, 0]",Optimal,12.0,match,
random,1012,RND65,7,11,8,optimal,55.714285714285715,55.714285714285715,1,10,0.0002,3,0,0,0,0,0,"[0, 0, 0, 0, 0, 0, 0, 0, 0, 0]",Optimal,55.714285714285715,match,
random,1012,RND66,4,5,4,optimal,-147,-147,1,7,0.0001,1,0,0,0,0,0,"[0, 0, 0, 0, 0, 0, 0, 0, 0, 0]",Optimal,-147.0,match,
random,1012,RND67,3,3,2,optimal,6,6,1,1,0.0001,2,0,0,0,0,0,"[0, 0, 0, 0, 0, 0, 0, 0, 0, 0]",Optimal,6.0,match,
random,1012,RND68,7,9,6,optimal,-56,-56,1,6,0.0002,5,0,0,0,0,0,"[0, 0, 0, 0, 0, 0, 0, 0, 0, 0]",Optimal,-56.0,match,
random,1012,RND69,5,4,3,infeasible,,,1,0,0.0002,0,1,0,1,0,0,"[1, 1, 0, 0, 0, 0, 0, 0, 0, 0]",Infeasible,0.0,match,
random,1012,RND70,7,12,9,optimal,18.666666666666668,18.666666666666668,5,12,0.0004,21,0,0,0,0,0,"[0, 0, 0, 0, 0, 0, 0, 0, 0, 0]",Optimal,18.666666666666668,match,
random,1012,RND71,4,9,6,optimal,23.45762711864407,23.45762711864407,3,6,0.0002,6,0,0,0,0,0,"[0, 0, 0, 0, 0, 0, 0, 0, 0, 0]",Optimal,23.45762711864407,match,
random,1012,RND72,4,4,4,optimal,38,38,1,9,0.0002,0,0,0,0,0,0,"[0, 0, 0, 0, 0, 0, 0, 0, 0, 0]",Optimal,38.0,match,
random,1012,RND73,3,7,6,optimal,102,102,5,8,0.0004,12,0,0,0,3,0,"[0, 0, 0, 0, 0, 0, 0, 0, 3, 0]",Optimal,102.0,match,
random,1012,RND74,7,5,3,optimal,-15,-15,5,12,0.0004,6,0,0,0,0,0,"[0, 0, 0, 0, 0, 0, 0, 0, 0, 0]",Optimal,-15.0,match,
random,1012,RND75,2,9,7,optimal,96,96,1,5,0.0002,0,0,0,0,0,0,"[0, 0, 0, 0, 0, 0, 0, 0, 0, 0]",Optimal,96.0,match,
random,1012,RND76,8,10,4,optimal,-25.82926829268293,-25.82926829268293,7,12,0.0006,11,0,0,0,4,0,"[0, 0, 0, 0, 0, 0, 0, 0, 4, 0]",Optimal,-25.829268292682926,match,
random,1012,RND77,2,9,6,optimal,-95,-95,1,5,0.0002,3,0,0,0,0,0,"[0, 0, 0, 0, 0, 0, 0, 0, 0, 0]",Optimal,-95.0,match,
random,1012,RND78,3,6,4,optimal,-27,-27,1,3,0.0001,2,0,0,0,0,0,"[0, 0, 0, 0, 0, 0, 0, 0, 0, 0]",Optimal,-27.0,match,
random,1012,RND79,8,9,6,optimal,-17.925925925925924,-17.925925925925924,8,19,0.0006,10,0,0,0,4,0,"[0, 0, 0, 0, 0, 0, 0, 0, 4, 0]",Optimal,-17.92592592592593,match,
random,1012,RND80,7,9,7,optimal,-76,-76,5,17,0.0006,5,0,0,0,6,0,"[0, 0, 0, 0, 0, 0, 0, 0, 6, 0]",Optimal,-76.0,match,
random,1012,RND81,7,6,4,optimal,35,35,1,4,0.0002,2,0,0,0,0,0,"[0, 0, 0, 0, 0, 0, 0, 0, 0, 0]",Optimal,35.0,match,
random,1012,RND82,5,6,3,optimal,-5,-5,7,9,0.0003,6,0,0,0,0,0,"[0, 0, 0, 0, 0, 0, 0, 0, 0, 0]",Optimal,-5.000000000000001,match,
random,1012,RND83,5,12,10,optimal,4.999999999999999,5.000000000000003,25,43,0.0019,36,1,0,1,25,0,"[1, 1, 0, 0, 0, 0, 0, 0, 25, 0]",Optimal,5.000000000000003,match,
random,1012,RND84,4,10,6,optimal,48.5,48.5,3,9,0.0003,0,0,0,0,5,0,"[0, 0, 0, 0, 0, 0, 0, 0, 5, 0]",Optimal,48.5,match,
random,1012,RND85,8,5,2,optimal,-6,-6,1,4,0.0002,2,0,0,0,0,0,"[0, 0, 0, 0, 0, 0, 0, 0, 0, 0]",Optimal,-6.0,match,
random,1012,RND86,5,6,3,optimal,-93.25,-93.25,1,4,0.0001,2,0,0,0,0,0,"[0, 0, 0, 0, 0, 0, 0, 0, 0, 0]",Optimal,-93.25,match,
random,1012,RND87,2,3,1,optimal,3,3,1,1,0.0001,1,0,0,0,0,0,"[0, 0, 0, 0, 0, 0, 0, 0, 0, 0]",Optimal,3.0,match,
random,1012,RND88,3,7,2,optimal,-24.6,-24.6,1,4,0.0002,2,0,0,0,0,0,"[0, 0, 0, 0, 0, 0, 0, 0, 0, 0]",Optimal,-24.6,match,
random,1012,RND89,7,10,8,optimal,25,25,5,12,0.0003,15,0,0,0,0,0,"[0, 0, 0, 0, 0, 0, 0, 0, 0, 0]",Optimal,25.0,match,
random,1012,RND90,2,3,1,optimal,0,0,1,0,0.0001,1,0,0,0,0,0,"[0, 0, 0, 0, 0, 0, 0, 0, 0, 0]",Optimal,-0.0,match,
random,1012,RND91,8,5,4,optimal,12.555555555555555,12.555555555555555,7,9,0.0004,3,1,0,1,1,0,"[1, 1, 0, 0, 0, 0, 0, 0, 1, 0]",Optimal,12.555555555555555,match,
random,1012,RND92,2,7,6,optimal,58,58,1,5,0.0001,1,0,0,0,0,0,"[0, 0, 0, 0, 0, 0, 0, 0, 0, 0]",Optimal,58.0,match,
random,1012,RND93,3,8,5,optimal,216,216,1,6,0.0003,0,0,0,0,0,0,"[0, 0, 0, 0, 0, 0, 0, 0, 0, 0]",Optimal,216.0,match,
random,1012,RND94,4,10,8,optimal,-150,-150,7,13,0.0004,9,1,0,1,7,0,"[1, 1, 0, 0, 0, 0, 0, 0, 7, 0]",Optimal,-150.0,match,
random,1012,RND95,8,11,6,optimal,29.514285714285712,29.514285714285712,14,22,0.001,6,0,0,0,11,0,"[0, 0, 0, 0, 0, 0, 0, 0, 11, 0]",Optimal,29.514285714285716,match,
random,1012,RND96,5,5,3,optimal,-36,-36,3,5,0.0003,1,0,0,0,2,0,"[0, 0, 0, 0, 0, 0, 0, 0, 2, 0]",Optimal,-36.0,match,
random,1012,RND97,6,9,5,optimal,-119.30434782608695,-119.30434782608695,3,11,0.0004,5,0,0,0,0,0,"[0, 0, 0, 0, 0, 0, 0, 0, 0, 0]",Optimal,-119.30434782608695,match,
random,1012,RND98,4,11,5,optimal,-61.87755102040816,-61.87755102040816,7,11,0.0004,2,0,0,0,4,0,"[0, 0, 0, 0, 0, 0, 0, 0, 4, 0]",Optimal,-61.87755102040816,match,
random,1012,RND99,3,5,4,optimal,-51,-51,1,4,0.0001,0,0,0,0,0,0,"[0, 0, 0, 0, 0, 0, 0, 0, 0, 0]",Optimal,-51.0,match,
random,1013,RND0,8,10,5,optimal,-100.66666666666667,-100.66666666666667,3,16,0.0007,2,0,0,0,4,0,"[0, 0, 0, 0, 0, 0, 0, 0, 4, 0]",Optimal,-100.66666666666667,match,
random,1013,RND1,6,8,5,optimal,57.81481481481482,57.81481481481482,5,12,0.0004,3,0,0,0,5,0,"[0, 0, 0, 0, 0, 0, 0, 0, 5, 0]",Optimal,57.81481481481482,match,
random,1013,RND2,2,7,7,optimal,-165,-165,1,4,0.0001,0,0,0,0,0,0,"[0, 0, 0, 0, 0, 0, 0, 0, 0, 0]",Optimal,-165.0,match,
random,1013,RND3,8,12,10,optimal,0.625,0.625,9,10,0.0005,23,0,0,0,0,0,"[0, 0, 0, 0, 0, 0, 0, 0, 0, 0]",Optimal,0.625,match,
random,1013,RND4,5,12,8,optimal,-32.13559322033898,-32.13559322033898,3,7,0.0003,5,0,0,0,0,0,"[0, 0, 0, 0, 0, 0, 0, 0, 0, 0]",Optimal,-32.135593220338976,match,
random,1013,RND5,4,8,6,optimal,38.14285714285714,38.14285714285714,12,19,0.0005,19,0,0,0,8,0,"[0, 0, 0, 0, 0, 0, 0, 0, 8, 0]",Optimal,38.142857142857146,match,
random,1013,RND6,2,6,2,optimal,-17.25531914893617,-17.25531914893617,3,5,0.0002,1,0,0,0,0,0,"[0, 0, 0, 0, 0, 0, 0, 0, 0, 0]",Optimal,-17.25531914893617,match,
random,1013,RND7,4,10,8,optimal,-21,-21,1,4,0.0002,3,0,0,0,0,0,"[0, 0, 0, 0, 0, 0, 0, 0, 0, 0]",Optimal,-21.0,match,
random,1013,RND8,4,12,9,optimal,96,96,1,6,0.0002,2,0,0,0,0,0,"[0, 0, 0, 0, 0, 0, 0, 0, 0, 0]",Optimal,96.0,match,
random,1013,RND9,8,11,10,optimal,-17,-17,7,14,0.0009,16,2,0,2,10,0,"[2, 2, 0, 0, 0, 0, 0, 0, 10, 0]",Optimal,-17.0,match,
random,1013,RND10,3,3,3,optimal,65,65,3,4,0.0003,2,1,0,1,2,0,"[1, 1, 0, 0, 0, 0, 0, 0, 2, 0]",Optimal,65.0,match,
random,1013,RND11,8,6,5,optimal,13,13,5,16,0.0004,8,0,0,0,3,0,"[0, 0, 0, 0, 0, 0, 0, 0, 3, 0]",Optimal,13.0,match,
random,1013,RND12,4,3,1,infeasible,,,1,0,0.0002,0,1,0,1,0,0,"[1, 1, 0, 0, 0, 0, 0, 0, 0, 0]",Infeasible,0.0,match,
random,1013,RND13,2,6,4,optimal,75,75,5,8,0.0002,3,0,0,0,2,0,"[0, 0, 0, 0, 0, 0, 0, 0, 2, 0]",Optimal,75.0,match,
random,1013,RND14,4,7,5,optimal,-41,-41,8,13,0.0004,6,0,0,0,6,0,"[0, 0, 0, 0, 0, 0, 0, 0, 6, 0]",Optimal,-41.0,match,
random,1013,RND15,6,9,6,optimal,44,44,11,21,0.0005,21,0,0,0,2,0,"[0, 0, 0, 0, 0, 0, 0, 0, 2, 0]",Optimal,44.0,match,
random,1013,RND16,8,3,2,optimal,9,9,1,2,0.0002,2,0,0,0,0,0,"[0, 0, 0, 0, 0, 0, 0, 0, 0, 0]",Optimal,9.0,match,
random,1013,RND17,6,8,5,optimal,76.67567567567568,76.67567567567568,9,19,0.0006,11,1,0,1,2,0,"[1, 1, 0, 0, 0, 0, 0, 0, 2, 0]",Optimal,76.67567567567568,match,
random,1013,RND18,4,5,4,optimal,44,44,3,8,0.0002,2,0,0,0,0,0,"[0, 0, 0, 0, 0, 0, 0, 0, 0, 0]",Optimal,44.0,match,
random,1013,RND19,7,6,4,optimal,-27,-27,1,4,0.0002,4,0,0,0,0,0,"[0, 0, 0, 0, 0, 0, 0, 0, 0, 0]",Optimal,-27.0,match,
random,1013,RND20,6,12,6,optimal,73.28571428571428,73.28571428571428,11,22,0.001,7,1,0,1,9,0,"[1, 1, 0, 0, 0, 0, 0, 0, 9, 0]",Optimal,73.28571428571429,match,
random,1013,RND21,5,11,6,optimal,140.65217391304347,140.65217391304347,8,20,0.0006,2,0,0,0,9,0,"[0, 0, 0, 0, 0, 0, 0, 0, 9, 0]",Optimal,140.65217391304347,match,
random,1013,RND22,5,5,3,optimal,-41.22222222222222,-41.22222222222222,1,2,0.0001,2,0,0,0,0,0,"[0, 0, 0, 0, 0, 0, 0, 0, 0, 0]",Optimal,-41.22222222222222,match,
random,1013,RND23,6,12,8,optimal,92.6,92.6,7,16,0.0005,8,0,0,0,0,0,"[0, 0, 0, 0, 0, 0, 0, 0, 0, 0]",Optimal,92.6,match,
random,1013,RND24,6,7,5,optimal,-14,-14,9,16,0.0005,11,1,0,1,4,0,"[1, 1, 0, 0, 0, 0, 0, 0, 4, 0]",Optimal,-14.0,match,
random,1013,RND25,7,12,10,optimal,45.375,45.375,11,14,0.0008,26,1,0,1,9,0,"[1, 1, 0, 0, 0, 0, 0, 0, 9, 0]",Optimal,45.375,match,
random,1013,RND26,4,10,9,optimal,38,38,5,7,0.0004,4,1,0,1,8,0,"[1, 1, 0, 0, 0, 0, 0, 0, 8, 0]",Optimal,38.0,match,
random,1013,RND27,7,12,8,optimal,51.4,51.4,11,22,0.0013,16,0,0,0,6,0,"[0, 0, 0, 0, 0, 0, 0, 0, 6, 0]",Optimal,51.39999999999999,match,
random,1013,RND28,3,12,8,optimal,155,155,1,12,0.0003,3,0,0,0,0,0,"[0, 0, 0, 0, 0, 0, 0, 0, 0, 0]",Optimal,155.0,match,
random,1013,RND29,2,10,7,optimal,91.6,91.6,1,4,0.0002,6,0,0,0,0,0,"[0, 0, 0, 0, 0, 0, 0, 0, 0, 0]",Optimal,91.6,match,
random,1013,RND30,5,5,5,optimal,112,112,5,10,0.0005,3,0,0,0,3,0,"[0, 0, 0, 0, 0, 0, 0, 0, 3, 0]",Optimal,112.0,match,
random,1013,RND31,5,7,6,optimal,7,7,6,13,0.0005,11,0,0,0,0,0,"[0, 0, 0, 0, 0, 0, 0, 0, 0, 0]",Optimal,7.0,match,
random,1013,RND32,8,11,8,optimal,20,20,1,9,0.0004,4,0,0,0,0,0,"[0, 0, 0, 0, 0, 0, 0, 0, 0, 0]",Optimal,20.0,match,
random,1013,RND33,8,5,4,optimal,29,29,1,8,0.0003,4,0,0,0,0,0,"[0, 0, 0, 0, 0, 0, 0, 0, 0, 0]",Optimal,29.0,match,
random,1013,RND34,6,3,3,infeasible,,,1,0,0.0001,0,1,0,1,0,0,"[1, 1, 0, 0, 0, 0, 0, 0, 0, 0]",Infeasible,0.0,match,
random,1013,RND35,2,4,4,optimal,7,7,1,1,0.0002,2,0,0,0,0,0,"[0, 0, 0, 0, 0, 0, 0, 0, 0, 0]",Optimal,7.0,match,
random,1013,RND36,3,3,2,optimal,20,20,1,1,0.0001,1,0,0,0,0,0,"[0, 0, 0, 0, 0, 0, 0, 0, 0, 0]",Optimal,20.0,match,
random,1013,RND37,7,12,8,optimal,48.4,48.4,3,11,0.0003,6,0,0,0,0,0,"[0, 0, 0, 0, 0, 0, 0, 0, 0, 0]",Optimal,48.4,match,
random,1013,RND38,6,5,4,optimal,50,50,1,5,0.0001,3,0,0,0,0,0,"[0, 0, 0, 0, 0, 0, 0, 0, 0, 0]",Optimal,50.0,match,
random,1013,RND39,8,6,4,infeasible,,,1,0,0.0002,0,1,0,1,0,0,"[1, 1, 0, 0, 0, 0, 0, 0, 0, 0]",Infeasible,0.0,match,
random,1013,RND40,8,7,3,optimal,-56.94285714285714,-56.94285714285714,1,8,0.0002,0,0,0,0,0,0,"[0, 0, 0, 0, 0, 0, 0, 0, 0, 0]",Optimal,-56.94285714285714,match,
random,1013,RND41,2,3,2,infeasible,,,1,0,0.0002,0,1,0,1,0,0,"[1, 1, 0, 0, 0, 0, 0, 0, 0, 0]",Infeasible,0.0,match,
random,1013,RND42,2,12,9,optimal,55,55,1,3,0.0002,4,0,0,0,0,0,"[0, 0, 0, 0, 0, 0, 0, 0, 0, 0]",Optimal,55.0,match,
random,1013,RND43,5,3,3,infeasible,,,1,0,0.0001,0,1,0,1,0,0,"[1, 1, 0, 0, 0, 0, 0, 0, 0, 0]",Infeasible,0.0,match,
random,1013,RND44,3,6,5,optimal,-69,-69,1,6,0.0001,1,0,0,0,0,0,"[0, 0, 0, 0, 0, 0, 0, 0, 0, 0]",Optimal,-69.0,match,
random,1013,RND45,7,4,3,optimal,-21.5,-21.5,3,6,0.0002,1,1,0,1,2,0,"[1, 1, 0, 0, 0, 0, 0, 0, 2, 0]",Optimal,-21.5,match,
random,1013,RND46,8,4,3,infeasible,,,1,0,0.0004,0,1,0,1,0,0,"[1, 0, 1, 0, 1, 0, 0, 0, 0, 0]",Infeasible,0.0,match,
random,1013,RND47,4,6,3,optimal,-7,-7,1,4,0.0002,2,0,0,0,0,0,"[0, 0, 0, 0, 0, 0, 0, 0, 0, 0]",Optimal,-7.0,match,
random,1013,RND48,5,5,3,optimal,-18,-18,1,5,0.0002,1,0,0,0,0,0,"[0, 0, 0, 0, 0, 0, 0, 0, 0, 0]",Optimal,-18.0,match,
random,1013,RND49,4,11,8,optimal,-116,-116,14,23,0.0006,9,0,0,0,6,0,"[0, 0, 0, 0, 0, 0, 0, 0, 6, 0]",Optimal,-116.0,match,
random,1013,RND50,6,4,3,optimal,-9,-9,1,1,0.0001,0,0,0,0,0,0,"[0, 0, 0, 0, 0, 0, 0, 0, 0, 0]",Optimal,-9.0,match,
random,1013,RND51,5,9,6,optimal,128,128,7,10,0.0004,7,0,0,0,6,0,"[0, 0, 0, 0, 0, 0, 0, 0, 6, 0]",Optimal,128.0,match,
random,1013,RND52,2,4,2,optimal,18,18,1,1,0.0001,1,0,0,0,0,0,"[0, 0, 0, 0, 0, 0, 0, 0, 0, 0]",Optimal,18.0,match,
random,1013,RND53,6,12,9,optimal,-65.84444444444445,-65.84444444444445,12,18,0.0007,16,0,0,0,7,0,"[0, 0, 0, 0, 0, 0, 0, 0, 7, 0]",Optimal,-65.84444444444445,match,
random,1013,RND54,4,11,10,optimal,-20,-20,3,3,0.0003,2,1,0,1,9,0,"[1, 1, 0, 0, 0, 0, 0, 0, 9, 0]",Optimal,-20.0,match,
random,1013,RND55,6,9,9,optimal,-24,-24,7,14,0.0005,25,1,0,1,1,0,"[1, 1, 0, 0, 0, 0, 0, 0, 1, 0]",Optimal,-24.0,match,
random,1013,RND56,2,3,1,optimal,-24,-24,1,3,0.0001,1,0,0,0,0,0,"[0, 0, 0, 0, 0, 0, 0, 0, 0, 0]",Optimal,-24.0,match,
random,1013,RND57,3,3,2,optimal,2.5,2.5,1,2,0.0001,2,0,0,0,0,0,"[0, 0, 0, 0, 0, 0, 0, 0, 0, 0]",Optimal,2.5,match,
random,1013,RND58,4,7,6,optimal,83.25,83.25,1,11,0.0002,2,0,0,0,0,0,"[0, 0, 0, 0, 0, 0, 0, 0, 0, 0]",Optimal,83.25,match,
random,1013,RND59,5,9,6,optimal,-44,-44,3,8,0.0003,1,0,0,0,5,0,"[0, 0, 0, 0, 0, 0, 0, 0, 5, 0]",Optimal,-44.0,match,
random,1013,RND60,5,10,9,optimal,-110,-110,7,14,0.0006,7,0,0,0,15,0,"[0, 0, 0, 0, 0, 0, 0, 0, 15, 0]",Optimal,-110.0,match,
random,1013,RND61,7,12,9,optimal,-4.888888888888889,-4.888888888888889,36,68,0.0025,61,0,0,0,37,0,"[0, 0, 0, 0, 0, 0, 0, 0, 37, 0]",Optimal,-4.888888888888891,match,
random,1013,RND62,2,9,7,optimal,76.125,76.125,7,11,0.0003,5,1,0,1,5,0,"[1, 1, 0, 0, 0, 0, 0, 0, 5, 0]",Optimal,76.125,match,
random,1013,RND63,6,10,9,optimal,56,56,3,11,0.0006,16,1,0,1,3,0,"[1, 1, 0, 0, 0, 0, 0, 0, 3, 0]",Optimal,56.0,match,
random,1013,RND64,7,7,6,optimal,70,70,3,14,0.0004,10,0,0,0,3,0,"[0, 0, 0, 0, 0, 0, 0, 0, 3, 0]",Optimal,70.0,match,
random,1013,RND65,6,9,6,optimal,-47.625,-47.625,7,13,0.0004,15,0,0,0,0,0,"[0, 0, 0, 0, 0, 0, 0, 0, 0, 0]",Optimal,-47.62500000000001,match,
random,1013,RND66,3,10,6,optimal,21,21,3,6,0.0003,5,0,0,0,4,0,"[0, 0, 0, 0, 0, 0, 0, 0, 4, 0]",Optimal,21.0,match,
random,1013,RND67,3,12,7,optimal,85,85,1,5,0.0003,4,0,0,0,0,0,"[0, 0, 0, 0, 0, 0, 0, 0, 0, 0]",Optimal,85.0,match,
random,1013,RND68,2,12,9,optimal,-85,-85,1,4,0.0002,2,0,0,0,0,0,"[0, 0, 0, 0, 0, 0, 0, 0, 0, 0]",Optimal,-85.0,match,
random,1013,RND69,8,5,3,optimal,37.25,37.25,1,5,0.0002,1,0,0,0,0,0,"[0, 0, 0, 0, 0, 0, 0, 0, 0, 0]",Optimal,37.25,match,
random,1013,RND70,6,4,3,optimal,-29,-29,1,4,0.0001,2,0,0,0,0,0,"[0, 0, 0, 0, 0, 0, 0, 0, 0, 0]",Optimal,-29.0,match,
random,1013,RND71,5,12,10,optimal,-63,-63,17,27,0.0009,32,0,0,0,20,0,"[0, 0, 0, 0, 0, 0, 0, 0, 20, 0]",Optimal,-63.0,match,
random,1013,RND72,7,5,4,optimal,-26,-26,1,3,0.0001,4,0,0,0,0,0,"[0, 0, 0, 0, 0, 0, 0, 0, 0, 0]",Optimal,-26.0,match,
random,1013,RND73,7,8,6,optimal,38,38,9,16,0.0005,11,0,0,0,3,0,"[0, 0, 0, 0, 0, 0, 0, 0, 3, 0]",Optimal,38.0,match,
random,1013,RND74,5,4,4,optimal,34,34,3,3,0.0002,4,1,0,1,3,0,"[1, 1, 0, 0, 0, 0, 0, 0, 3, 0]",Optimal,34.0,match,
random,1013,RND75,3,11,10,optimal,147,147,3,9,0.0002,4,0,0,0,0,0,"[0, 0, 0, 0, 0, 0, 0, 0, 0, 0]",Optimal,147.0,match,
random,1013,RND76,7,9,9,optimal,163,163,3,13,0.0003,4,0,0,0,0,0,"[0, 0, 0, 0, 0, 0, 0, 0, 0, 0]",Optimal,163.0,match,
random,1013,RND77,5,3,2,optimal,42,42,1,3,0.0002,0,0,0,0,0,0,"[0, 0, 0, 0, 0, 0, 0, 0, 0, 0]",Optimal,42.0,match,
random,1013,RND78,8,12,9,optimal,-18.5,-18.5,4,8,0.0005,13,0,0,0,4,0,"[0, 0, 0, 0, 0, 0, 0, 0, 4, 0]",Optimal,-18.5,match,
random,1013,RND79,5,9,8,optimal,135,135,3,4,0.0003,5,1,0,1,5,0,"[1, 1, 0, 0, 0, 0, 0, 0, 5, 0]",Optimal,135.0,match,
random,1013,RND80,2,8,6,optimal,-134,-134,1,7,0.0002,5,0,0,0,0,0,"[0, 0, 0, 0, 0, 0, 0, 0, 0, 0]",Optimal,-134.0,match,
random,1013,RND81,6,4,2,infeasible,,,3,8,0.0002,4,0,0,0,0,0,"[0, 0, 0, 0, 0, 0, 0, 0, 0, 0]",Infeasible,0.0,match,
random,1013,RND82,3,4,2,infeasible,,,1,0,0.0001,0,1,0,1,0,0,"[1, 1, 0, 0, 0, 0, 0, 0, 0, 0]",Infeasible,0.0,match,
random,1013,RND83,5,10,8,optimal,40,40,11,18,0.0007,19,1,0,1,13,0,"[1, 1, 0, 0, 0, 0, 0, 0, 13, 0]",Optimal,40.0,match,
random,1013,RND84,6,3,3,optimal,-5,-5,1,1,0.0002,3,0,0,0,0,0,"[0, 0, 0, 0, 0, 0, 0, 0, 0, 0]",Optimal,-5.0,match,
random,1013,RND85,6,6,4,infeasible,,,1,3,0.0002,4,0,0,0,0,0,"[0, 0, 0, 0, 0, 0, 0, 0, 0, 0]",Infeasible,0.0,match,
random,1013,RND86,7,5,3,optimal,22,22,2,3,0.0002,3,0,0,0,0,0,"[0, 0, 0, 0, 0, 0, 0, 0, 0, 0]",Optimal,22.0,match,
random,1013,RND87,6,11,7,optimal,72.75,72.75,3,11,0.0003,9,0,0,0,0,0,"[0, 0, 0, 0, 0, 0, 0, 0, 0, 0]",Optimal,72.74999999999997,match,
random,1013,RND88,3,10,5,optimal,-96,-96,3,9,0.0002,3,0,0,0,0,0,"[0, 0, 0, 0, 0, 0, 0, 0, 0, 0]",Optimal,-96.0,match,
random,1013,RND89,3,7,5,optimal,-44,-44,3,6,0.0003,1,0,0,0,0,0,"[0, 0, 0, 0, 0, 0, 0, 0, 0, 0]",Optimal,-44.0,match,
random,1013,RND90,7,4,2,infeasible,,,1,6,0.0002,1,0,0,0,0,0,"[0, 0, 0, 0, 0, 0, 0, 0, 0, 0]",Infeasible,0.0,match,
random,1013,RND91,8,5,2,optimal,-15,-15,3,10,0.0003,1,0,0,0,0,0,"[0, 0, 0, 0, 0, 0, 0, 0, 0, 0]",Optimal,-15.0,match,
random,1013,RND92,5,5,2,optimal,13,13,1,4,0.0001,0,0,0,0,0,0,"[0, 0, 0, 0, 0, 0, 0, 0, 0, 0]",Optimal,13.0,match,
random,1013,RND93,7,6,5,optimal,-38,-38,1,9,0.0002,2,0,0,0,0,0,"[0, 0, 0, 0, 0, 0, 0, 0, 0, 0]",Optimal,-38.0,match,
random,1013,RND94,7,5,3,optimal,33.5,33.5,1,6,0.0002,2,0,0,0,0,0,"[0, 0, 0, 0, 0, 0, 0, 0, 0, 0]",Optimal,33.5,match,
random,1013,RND95,8,4,3,optimal,15.714285714285714,15.714285714285714,1,6,0.0002,1,0,0,0,0,0,"[0, 0, 0, 0, 0, 0, 0, 0, 0, 0]",Optimal,15.714285714285714,match,
random,1013,RND96,7,3,3,optimal,21,21,1,0,0.0001,3,0,0,0,0,0,"[0, 0, 0, 0, 0, 0, 0, 0, 0, 0]",Optimal,21.0,match,
random,1013,RND97,2,6,5,optimal,-21.714285714285715,-21.714285714285715,1,1,0.0003,3,0,0,0,0,0,"[0, 0, 0, 0, 0, 0, 0, 0, 0, 0]",Optimal,-21.714285714285715,match,
random,1013,RND98,5,4,3,optimal,-48,-48,1,5,0.0002,1,0,0,0,0,0,"[0, 0, 0, 0, 0, 0, 0, 0, 0, 0]",Optimal,-48.0,match,
random,1013,RND99,5,4,3,optimal,4,4,1,3,0.0001,2,0,0,0,0,0,"[0, 0, 0, 0, 0, 0, 0, 0, 0, 0]",Optimal,4.0,match,
random,1014,RND0,2,11,9,optimal,-225,-225,1,9,0.0002,2,0,0,0,0,0,"[0, 0, 0, 0, 0, 0, 0, 0, 0, 0]",Optimal,-225.0,match,
random,1014,RND1,8,5,4,optimal,19,19,1,3,0.0002,4,0,0,0,0,0,"[0, 0, 0, 0, 0, 0, 0, 0, 0, 0]",Optimal,19.0,match,
random,1014,RND2,7,8,6,optimal,-23.25,-23.25,3,16,0.0004,5,0,0,0,4,0,"[0, 0, 0, 0, 0, 0, 0, 0, 4, 0]",Optimal,-23.25,match,
random,1014,RND3,6,3,3,infeasible,,,1,0,0.0003,0,1,0,1,0,0,"[1, 0, 1, 0, 1, 0, 0, 0, 0, 0]",Infeasible,0.0,match,
random,1014,RND4,4,9,6,optimal,-70,-70,1,5,0.0002,4,0,0,0,0,0,"[0, 0, 0, 0, 0, 0, 0, 0, 0, 0]",Optimal,-70.0,match,
random,1014,RND5,5,3,2,optimal,-6,-6,1,4,0.0001,0,0,0,0,0,0,"[0, 0, 0, 0, 0, 0, 0, 0, 0, 0]",Optimal,-6.0,match,
random,1014,RND6,4,4,3,optimal,-43,-43,3,5,0.0002,2,1,0,1,2,0,"[1, 1, 0, 0, 0, 0, 0, 0, 2, 0]",Optimal,-43.0,match,
random,1014,RND7,6,3,3,optimal,69,69,3,4,0.0002,3,0,0,0,0,0,"[0, 0, 0, 0, 0, 0, 0, 0, 0, 0]",Optimal,69.0,match,
random,1014,RND8,5,12,7,optimal,-92.33333333333334,-92.33333333333334,3,13,0.0003,2,0,0,0,0,0,"[0, 0, 0, 0, 0, 0, 0, 0, 0, 0]",Optimal,-92.33333333333334,match,
random,1014,RND9,3,10,7,optimal,-162,-162,1,6,0.0002,0,0,0,0,0,0,"[0, 0, 0, 0, 0, 0, 0, 0, 0, 0]",Optimal,-162.0,match,
random,1014,RND10,4,3,2,optimal,-16,-16,1,3,0.0001,2,0,0,0,0,0,"[0, 0, 0, 0, 0, 0, 0, 0, 0, 0]",Optimal,-16.0,match,
random,1014,RND11,2,6,4,optimal,-142,-142,1,4,0.0002,1,0,0,0,0,0,"[0, 0, 0, 0, 0, 0, 0, 0, 0, 0]",Optimal,-142.0,match,
random,1014,RND12,3,10,8,optimal,-64,-64,7,14,0.0006,14,0,0,0,11,0,"[0, 0, 0, 0, 0, 0, 0, 0, 11, 0]",Optimal,-64.0,match,
random,1014,RND13,7,8,6,optimal,15,15,3,7,0.0004,6,0,0,0,0,0,"[0, 0, 0, 0, 0, 0, 0, 0, 0, 0]",Optimal,14.999999999999998,match,
random,1014,RND14,8,4,2,optimal,-0.4444444444444444,-0.4444444444444444,1,1,0.0002,1,0,0,0,0,0,"[0, 0, 0, 0, 0, 0, 0, 0, 0, 0]",Optimal,-0.4444444444444444,match,
random,1014,RND15,4,3,3,optimal,28,28,1,1,0.0002,3,0,0,0,0,0,"[0, 0, 0, 0, 0, 0, 0, 0, 0, 0]",Optimal,28.0,match,
random,1014,RND16,5,10,4,optimal,141,141,1,6,0.0002,1,0,0,0,0,0,"[0, 0, 0, 0, 0, 0, 0, 0, 0, 0]",Optimal,141.0,match,
random,1014,RND17,2,9,6,optimal,63,63,4,7,0.0002,0,0,0,0,0,0,"[0, 0, 0, 0, 0, 0, 0, 0, 0, 0]",Optimal,63.0,match,
random,1014,RND18,8,10,8,optimal,-24.666666666666664,-24.666666666666664,5,13,0.0005,15,0,0,0,0,0,"[0, 0, 0, 0, 0, 0, 0, 0, 0, 0]",Optimal,-24.66666666666667,match,
random,1014,RND19,3,6,5,optimal,-72,-72,1,4,0.0002,1,0,0,0,0,0,"[0, 0, 0, 0, 0, 0, 0, 0, 0, 0]",Optimal,-72.0,match,
random,1014,RND20,5,5,4,optimal,4.666666666666667,4.666666666666667,1,1,0.0003,4,0,0,0,0,0,"[0, 0, 0, 0, 0, 0, 0, 0, 0, 0]",Optimal,4.666666666666667,match,
random,1014,RND21,2,7,6,optimal,21,21,1,1,0.0002,3,0,0,0,0,0,"[0, 0, 0, 0, 0, 0, 0, 0, 0, 0]",Optimal,21.0,match,
random,1014,RND22,7,9,4,optimal,22.8,22.8,1,6,0.0003,4,0,0,0,0,0,"[0, 0, 0, 0, 0, 0, 0, 0, 0, 0]",Optimal,22.8,match,
random,1014,RND23,5,7,4,optimal,116,116,1,4,0.0002,1,0,0,0,0,0,"[0, 0, 0, 0, 0, 0, 0, 0, 0, 0]",Optimal,116.0,match,
random,1014,RND24,2,7,7,optimal,-33,-33,3,4,0.0002,8,0,0,0,6,0,"[0, 0, 0, 0, 0, 0, 0, 0, 6, 0]",Optimal,-33.0,match,
random,1014,RND25,3,6,4,optimal,35.42857142857143,35.42857142857143,1,1,0.0001,1,0,0,0,0,0,"[0, 0, 0, 0, 0, 0, 0, 0, 0, 0]",Optimal,35.42857142857143,match,
random,1014,RND26,6,8,5,optimal,23.571428571428573,23.571428571428573,3,7,0.0003,5,1,0,1,4,0,"[1, 1, 0, 0, 0, 0, 0, 0, 4, 0]",Optimal,23.571428571428573,match,
random,1014,RND27,7,6,5,optimal,17.625,17.625,11,13,0.0005,9,0,0,0,2,0,"[0, 0, 0, 0, 0, 0, 0, 0, 2, 0]",Optimal,17.625,match,
random,1014,RND28,6,8,3,optimal,104,104,3,12,0.0004,2,0,0,0,2,0,"[0, 0, 0, 0, 0, 0, 0, 0, 2, 0]",Optimal,104.0,match,
random,1014,RND29,7,4,1,optimal,8.146341463414634,8.146341463414634,1,4,0.0002,1,0,0,0,0,0,"[0, 0, 0, 0, 0, 0, 0, 0, 0, 0]",Optimal,8.146341463414634,match,
random,1014,RND30,3,10,7,optimal,165.75,165.75,1,10,0.0002,4,0,0,0,0,0,"[0, 0, 0, 0, 0, 0, 0, 0, 0, 0]",Optimal,165.75,match,
random,1014,RND31,5,3,2,optimal,-13,-13,1,1,0.0001,2,0,0,0,0,0,"[0, 0, 0, 0, 0, 0, 0, 0, 0, 0]",Optimal,-13.0,match,
random,1014,RND32,8,7,7,optimal,0,0,1,0,0.0002,7,0,0,0,0,0,"[0, 0, 0, 0, 0, 0, 0, 0, 0, 0]",Optimal,0.0,match,
random,1014,RND33,3,9,6,optimal,18.444444444444443,18.444444444444443,19,21,0.0005,12,0,0,0,4,0,"[0, 0, 0, 0, 0, 0, 0, 0, 4, 0]",Optimal,18.444444444444443,match,
random,1014,RND34,6,3,2,optimal,-26,-26,1,6,0.0002,2,0,0,0,0,0,"[0, 0, 0, 0, 0, 0, 0, 0, 0, 0]",Optimal,-26.0,match,
random,1014,RND35,4,4,3,optimal,-12,-12,3,7,0.0002,2,0,0,0,0,0,"[0, 0, 0, 0, 0, 0, 0, 0, 0, 0]",Optimal,-12.0,match,
random,1014,RND36,6,8,6,optimal,1,1,12,25,0.0009,16,0,0,0,10,0,"[0, 0, 0, 0, 0, 0, 0, 0, 10, 0]",Optimal,1.0,match,
random,1014,RND37,6,10,8,optimal,27,27,8,11,0.0006,17,1,0,1,0,0,"[1, 1, 0, 0, 0, 0, 0, 0, 0, 0]",Optimal,27.0,match,
random,1014,RND38,2,12,10,optimal,-94.4,-94.4,7,14,0.001,4,0,0,0,0,0,"[0, 0, 0, 0, 0, 0, 0, 0, 0, 0]",Optimal,-94.4,match,
random,1014,RND39,3,5,3,optimal,-11,-11,3,6,0.0002,2,0,0,0,0,0,"[0, 0, 0, 0, 0, 0, 0, 0, 0, 0]",Optimal,-11.0,match,
random,1014,RND40,7,4,1,optimal,-12,-12,1,4,0.0002,0,0,0,0,0,0,"[0, 0, 0, 0, 0, 0, 0, 0, 0, 0]",Optimal,-12.0,match,
random,1014,RND41,7,8,2,optimal,28.666666666666664,28.666666666666664,1,6,0.0002,1,0,0,0,0,0,"[0, 0, 0, 0, 0, 0, 0, 0, 0, 0]",Optimal,28.666666666666664,match,
random,1014,RND42,2,4,3,optimal,35,35,3,4,0.0002,3,0,0,0,0,0,"[0, 0, 0, 0, 0, 0, 0, 0, 0, 0]",Optimal,35.0,match,
random,1014,RND43,3,6,3,optimal,-104.25,-104.25,1,6,0.0002,1,0,0,0,0,0,"[0, 0, 0, 0, 0, 0, 0, 0, 0, 0]",Optimal,-104.25,match,
random,1014,RND44,5,5,4,optimal,32,32,5,8,0.0004,5,0,0,0,3,0,"[0, 0, 0, 0, 0, 0, 0, 0, 3, 0]",Optimal,32.00000033333333,match,
random,1014,RND45,6,4,3,optimal,-3.8888888888888893,-3.8888888888888893,1,2,0.0002,3,0,0,0,0,0,"[0, 0, 0, 0, 0, 0, 0, 0, 0, 0]",Optimal,-3.888888888888889,match,
random,1014,RND46,5,4,3,optimal,119,119,1,4,0.0001,2,0,0,0,0,0,"[0, 0, 0, 0, 0, 0, 0, 0, 0, 0]",Optimal,119.0,match,
random,1014,RND47,3,6,5,optimal,204,204,1,7,0.0002,2,0,0,0,0,0,"[0, 0, 0, 0, 0, 0, 0, 0, 0, 0]",Optimal,204.0,match,
random,1014,RND48,8,12,7,optimal,18.625,18.625,13,24,0.0011,6,0,0,0,9,0,"[0, 0, 0, 0, 0, 0, 0, 0, 9, 0]",Optimal,18.62500000000002,match,
random,1014,RND49,7,10,6,optimal,24.986486486486488,24.986486486486488,3,9,0.0003,9,0,0,0,0,0,"[0, 0, 0, 0, 0, 0, 0, 0, 0, 0]",Optimal,24.986486486486488,match,
random,1014,RND50,8,4,3,optimal,-9,-9,3,3,0.0002,3,0,0,0,0,0,"[0, 0, 0, 0, 0, 0, 0, 0, 0, 0]",Optimal,-9.0,match,
random,1014,RND51,2,6,5,optimal,-124,-124,6,10,0.0002,2,0,0,0,3,0,"[0, 0, 0, 0, 0, 0, 0, 0, 3, 0]",Optimal,-124.0,match,
random,1014,RND52,3,8,6,optimal,-77,-77,3,8,0.0003,7,0,0,0,4,0,"[0, 0, 0, 0, 0, 0, 0, 0, 4, 0]",Optimal,-77.0,match,
random,1014,RND53,4,9,4,optimal,56,56,5,6,0.0003,8,0,0,0,1,0,"[0, 0, 0, 0, 0, 0, 0, 0, 1, 0]",Optimal,56.0,match,
random,1014,RND54,8,5,2,optimal,49.85714285714286,49.85714285714286,3,12,0.0003,1,0,0,0,0,0,"[0, 0, 0, 0, 0, 0, 0, 0, 0, 0]",Optimal,49.857142857142854,match,
random,1014,RND55,3,4,3,optimal,114,114,1,2,0.0001,1,0,0,0,0,0,"[0, 0, 0, 0, 0, 0, 0, 0, 0, 0]",Optimal,114.0,match,
random,1014,RND56,2,4,2,optimal,0,0,1,0,0.0002,1,0,0,0,0,0,"[0, 0, 0, 0, 0, 0, 0, 0, 0, 0]",Optimal,0.0,match,
random,1014,RND57,8,11,9,optimal,-20,-20,9,18,0.0009,16,0,0,0,12,0,"[0, 0, 0, 0, 0, 0, 0, 0, 12, 0]",Optimal,-20.0,match,
random,1014,RND58,5,11,7,optimal,-52,-52,7,12,0.0004,5,0,0,0,4,0,"[0, 0, 0, 0, 0, 0, 0, 0, 4, 0]",Optimal,-52.00000000000001,match,
random,1014,RND59,5,4,2,optimal,23.625,23.625,1,1,0.0002,2,0,0,0,0,0,"[0, 0, 0, 0, 0, 0, 0, 0, 0, 0]",Optimal,23.625,match,
random,1014,RND60,2,12,8,optimal,64,64,1,4,0.0002,2,0,0,0,0,0,"[0, 0, 0, 0, 0, 0, 0, 0, 0, 0]",Optimal,64.0,match,
random,1014,RND61,2,6,5,optimal,61,61,1,2,0.0002,3,0,0,0,0,0,"[0, 0, 0, 0, 0, 0, 0, 0, 0, 0]",Optimal,61.0,match,
random,1014,RND62,3,6,2,optimal,53.875,53.875,7,9,0.0002,1,0,0,0,0,0,"[0, 0, 0, 0, 0, 0, 0, 0, 0, 0]",Optimal,53.875,match,
random,1014,RND63,5,8,7,optimal,-27.599999999999998,-27.599999999999998,3,6,0.0002,9,0,0,0,0,0,"[0, 0, 0, 0, 0, 0, 0, 0, 0, 0]",Optimal,-27.599999999999998,match,
random,1014,RND64,4,6,3,optimal,-2,-2,3,6,0.0002,3,0,0,0,0,0,"[0, 0, 0, 0, 0, 0, 0, 0, 0, 0]",Optimal,-2.0,match,
random,1014,RND65,2,12,6,optimal,225.6,225.6,1,7,0.0002,1,0,0,0,0,0,"[0, 0, 0, 0, 0, 0, 0, 0, 0, 0]",Optimal,225.6,match,
random,1014,RND66,4,12,8,optimal,-120,-120,1,12,0.0002,5,0,0,0,0,0,"[0, 0, 0, 0, 0, 0, 0, 0, 0, 0]",Optimal,-120.0,match,
random,1014,RND67,6,10,7,optimal,72.23809523809524,72.23809523809524,17,22,0.0008,8,0,0,0,9,0,"[0, 0, 0, 0, 0, 0, 0, 0, 9, 0]",Optimal,72.23809523809524,match,
random,1014,RND68,7,5,2,optimal,19.5,19.5,1,3,0.0002,1,0,0,0,0,0,"[0, 0, 0, 0, 0, 0, 0, 0, 0, 0]",Optimal,19.5,match,
random,1014,RND69,6,9,6,optimal,-51.857142857142854,-51.857142857142854,1,4,0.0002,5,0,0,0,0,0,"[0, 0, 0, 0, 0, 0, 0, 0, 0, 0]",Optimal,-51.85714285714286,match,
random,1014,RND70,5,8,5,optimal,25,25,3,5,0.0003,9,0,0,0,0,0,"[0, 0, 0, 0, 0, 0, 0, 0, 0, 0]",Optimal,25.0,match,
random,1014,RND71,2,7,6,optimal,-102,-102,1,4,0.0002,1,0,0,0,0,0,"[0, 0, 0, 0, 0, 0, 0, 0, 0, 0]",Optimal,-102.0,match,
random,1014,RND72,4,11,7,optimal,34,34,10,16,0.0006,11,1,0,1,11,0,"[1, 1, 0, 0, 0, 0, 0, 0, 11, 0]",Optimal,34.0,match,
random,1014,RND73,8,12,7,optimal,-40.111111111111114,-40.111111111111114,7,14,0.001,5,0,0,0,6,0,"[0, 0, 0, 0, 0, 0, 0, 0, 6, 0]",Optimal,-40.111111111111114,match,
random,1014,RND74,5,6,3,optimal,37.25,37.25,1,4,0.0003,0,0,0,0,0,0,"[0, 0, 0, 0, 0, 0, 0, 0, 0, 0]",Optimal,37.25,match,
random,1014,RND75,7,8,4,optimal,-33.61728395061728,-33.617283950617285,5,13,0.0005,7,0,0,0,0,0,"[0, 0, 0, 0, 0, 0, 0, 0, 0, 0]",Optimal,-33.617283950617285,match,
random,1014,RND76,8,3,1,optimal,5.5,5.5,1,4,0.0002,0,0,0,0,0,0,"[0, 0, 0, 0, 0, 0, 0, 0, 0, 0]",Optimal,5.5,match,
random,1014,RND77,4,9,6,optimal,-169,-169,3,10,0.0003,1,1,0,1,5,0,"[1, 1, 0, 0, 0, 0, 0, 0, 5, 0]",Optimal,-169.0,match,
random,1014,RND78,4,12,6,optimal,153,153,3,11,0.0004,3,1,0,1,5,0,"[1, 1, 0, 0, 0, 0, 0, 0, 5, 0]",Optimal,153.0,match,
random,1014,RND79,8,9,4,optimal,82.66666666666667,82.66666666666667,3,15,0.0006,1,0,0,0,3,0,"[0, 0, 0, 0, 0, 0, 0, 0, 3, 0]",Optimal,82.66666666666667,match,
random,1014,RND80,7,3,1,optimal,36.24444444444445,36.24444444444445,1,4,0.0002,1,0,0,0,0,0,"[0, 0, 0, 0, 0, 0, 0, 0, 0, 0]",Optimal,36.24444444444445,match,
random,1014,RND81,8,3,1,optimal,20.333333333333336,20.333333333333336,1,2,0.0002,1,0,0,0,0,0,"[0, 0, 0, 0, 0, 0, 0, 0, 0, 0]",Optimal,20.333333333333336,match,
random,1014,RND82,2,9,6,optimal,-64.66666666666667,-64.66666666666667,1,3,0.0003,4,0,0,0,0,0,"[0, 0, 0, 0, 0, 0, 0, 0, 0, 0]",Optimal,-64.66666666666667,match,
random,1014,RND83,2,6,4,optimal,-54,-54,1,1,0.0002,1,0,0,0,0,0,"[0, 0, 0, 0, 0, 0, 0, 0, 0, 0]",Optimal,-54.0,match,
random,1014,RND84,4,11,5,optimal,-130.79999999999998,-130.79999999999998,3,7,0.0003,3,0,0,0,0,0,"[0, 0, 0, 0, 0, 0, 0, 0, 0, 0]",Optimal,-130.8,match,
random,1014,RND85,7,8,7,optimal,10,10,5,11,0.0008,6,1,0,1,6,0,"[1, 1, 0, 0, 0, 0, 0, 0, 6, 0]",Optimal,10.0,match,
random,1014,RND86,5,5,3,optimal,-34,-34,1,4,0.0002,2,0,0,0,0,0,"[0, 0, 0, 0, 0, 0, 0, 0, 0, 0]",Optimal,-34.0,match,
random,1014,RND87,2,8,4,infeasible,,,1,0,0.0002,0,1,0,1,0,0,"[1, 1, 0, 0, 0, 0, 0, 0, 0, 0]",Infeasible,0.0,match,
random,1014,RND88,7,9,6,optimal,-44.666666666666664,-44.666666666666664,9,21,0.001,12,0,0,0,5,0,"[0, 0, 0, 0, 0, 0, 0, 0, 5, 0]",Optimal,-44.66666666666667,match,
random,1014,RND89,5,6,5,optimal,-21,-21,9,18,0.0004,15,0,0,0,3,0,"[0, 0, 0, 0, 0, 0, 0, 0, 3, 0]",Optimal,-21.0,match,
random,1014,RND90,2,8,4,optimal,-147,-147,3,10,0.0002,2,0,0,0,0,0,"[0, 0, 0, 0, 0, 0, 0, 0, 0, 0]",Optimal,-147.0,match,
random,1014,RND91,7,4,4,optimal,6,6,1,3,0.0002,4,0,0,0,0,0,"[0, 0, 0, 0, 0, 0, 0, 0, 0, 0]",Optimal,6.0,match,
random,1014,RND92,4,7,3,optimal,-41.67857142857143,-41.67857142857143,3,8,0.0002,3,0,0,0,0,0,"[0, 0, 0, 0, 0, 0, 0, 0, 0, 0]",Optimal,-41.67857142857143,match,
random,1014,RND93,8,7,4,optimal,19.666666666666668,19.666666666666668,3,8,0.0006,2,0,0,0,3,0,"[0, 0, 0, 0, 0, 0, 0, 0, 3, 0]",Optimal,19.666666666666668,match,
random,1014,RND94,5,10,7,optimal,-102,-102,5,15,0.0007,3,0,0,0,6,0,"[0, 0, 0, 0, 0, 0, 0, 0, 6, 0]",Optimal,-102.0,match,
random,1014,RND95,6,4,4,infeasible,,,1,0,0.0002,0,1,0,1,0,0,"[1, 1, 0, 0, 0, 0, 0, 0, 0, 0]",Infeasible,0.0,match,
random,1014,RND96,5,7,5,optimal,-38,-38,1,8,0.0003,1,0,0,0,0,0,"[0, 0, 0, 0, 0, 0, 0, 0, 0, 0]",Optimal,-38.0,match,
random,1014,RND97,4,3,3,infeasible,,,1,0,0.0002,0,1,0,1,0,0,"[1, 1, 0, 0, 0, 0, 0, 0, 0, 0]",Infeasible,0.0,match,
random,1014,RND98,4,10,9,optimal,34,34,1,6,0.0002,3,0,0,0,0,0,"[0, 0, 0, 0, 0, 0, 0, 0, 0, 0]",Optimal,34.0,match,
random,1014,RND99,5,5,4,optimal,-110.25,-110.25,1,8,0.0003,1,0,0,0,0,0,"[0, 0, 0, 0, 0, 0, 0, 0, 0, 0]",Optimal,-110.25,match,
random,1015,RND0,8,4,2,infeasible,,,1,0,0.0002,0,1,0,1,0,0,"[1, 1, 0, 0, 0, 0, 0, 0, 0, 0]",Infeasible,0.0,match,
random,1015,RND1,6,3,3,infeasible,,,1,0,0.0002,0,1,0,1,0,0,"[1, 1, 0, 0, 0, 0, 0, 0, 0, 0]",Infeasible,0.0,match,
random,1015,RND2,5,12,10,optimal,40,40,3,7,0.0004,11,0,0,0,0,0,"[0, 0, 0, 0, 0, 0, 0, 0, 0, 0]",Optimal,40.0,match,
random,1015,RND3,6,12,7,optimal,-107.6,-107.6,8,14,0.0008,5,0,0,0,5,0,"[0, 0, 0, 0, 0, 0, 0, 0, 5, 0]",Optimal,-107.6,match,
random,1015,RND4,6,8,6,optimal,-160,-160,1,10,0.0002,3,0,0,0,0,0,"[0, 0, 0, 0, 0, 0, 0, 0, 0, 0]",Optimal,-160.0,match,
random,1015,RND5,7,8,4,optimal,-40,-40,1,6,0.0002,4,0,0,0,0,0,"[0, 0, 0, 0, 0, 0, 0, 0, 0, 0]",Optimal,-40.0,match,
random,1015,RND6,4,6,4,optimal,62,62,5,9,0.0004,3,0,0,0,3,0,"[0, 0, 0, 0, 0, 0, 0, 0, 3, 0]",Optimal,62.0,match,
random,1015,RND7,7,9,5,infeasible,,,1,4,0.0003,5,0,0,0,0,0,"[0, 0, 0, 0, 0, 0, 0, 0, 0, 0]",Infeasible,0.0,match,
random,1015,RND8,8,8,6,optimal,81,81,3,17,0.0004,5,0,0,0,0,0,"[0, 0, 0, 0, 0, 0, 0, 0, 0, 0]",Optimal,81.00000025,match,
random,1015,RND9,4,6,5,optimal,-96.4,-96.4,3,4,0.0003,2,0,0,0,4,0,"[0, 0, 0, 0, 0, 0, 0, 0, 4, 0]",Optimal,-96.4,match,
random,1015,RND10,3,11,7,optimal,-43.875,-43.875,1,4,0.0002,4,0,0,0,0,0,"[0, 0, 0, 0, 0, 0, 0, 0, 0, 0]",Optimal,-43.875,match,
random,1015,RND11,4,5,3,optimal,34.714285714285715,34.714285714285715,3,3,0.0003,2,0,0,0,2,0,"[0, 0, 0, 0, 0, 0, 0, 0, 2, 0]",Optimal,34.714285714285715,match,
random,1015,RND12,2,12,9,optimal,310,310,7,18,0.0003,0,0,0,0,10,0,"[0, 0, 0, 0, 0, 0, 0, 0, 10, 0]",Optimal,309.99999999999994,match,
random,1015,RND13,5,7,3,optimal,-66,-66,4,11,0.0003,0,0,0,0,0,0,"[0, 0, 0, 0, 0, 0, 0, 0, 0, 0]",Optimal,-66.0,match,
random,1015,RND14,2,3,2,optimal,-168,-168,1,4,0.0001,0,0,0,0,0,0,"[0, 0, 0, 0, 0, 0, 0, 0, 0, 0]",Optimal,-168.0,match,
random,1015,RND15,5,11,8,optimal,116,116,6,17,0.0003,4,0,0,0,0,0,"[0, 0, 0, 0, 0, 0, 0, 0, 0, 0]",Optimal,116.0,match,
random,1015,RND16,8,7,7,optimal,-42,-42,10,21,0.0007,25,0,0,0,5,0,"[0, 0, 0, 0, 0, 0, 0, 0, 5, 0]",Optimal,-42.0,match,
random,1015,RND17,2,3,2,optimal,0,0,1,0,0.0001,2,0,0,0,0,0,"[0, 0, 0, 0, 0, 0, 0, 0, 0, 0]",Optimal,-0.0,match,
random,1015,RND18,2,8,6,optimal,-105,-105,5,5,0.0002,6,1,0,1,5,0,"[1, 1, 0, 0, 0, 0, 0, 0, 5, 0]",Optimal,-105.0,match,
random,1015,RND19,4,3,3,optimal,-48,-48,1,5,0.0001,1,0,0,0,0,0,"[0, 0, 0, 0, 0, 0, 0, 0, 0, 0]",Optimal,-48.0,match,
random,1015,RND20,6,3,2,optimal,-1,-1,1,3,0.0001,2,0,0,0,0,0,"[0, 0, 0, 0, 0, 0, 0, 0, 0, 0]",Optimal,-1.0,match,
random,1015,RND21,6,3,1,optimal,0,0,1,0,0.0001,0,0,0,0,0,0,"[0, 0, 0, 0, 0, 0, 0, 0, 0, 0]",Optimal,0.0,match,
random,1015,RND22,4,4,2,optimal,18.333333333333336,18.333333333333336,3,3,0.0002,2,0,0,0,0,0,"[0, 0, 0, 0, 0, 0, 0, 0, 0, 0]",Optimal,18.333333333333332,match,
random,1015,RND23,8,8,4,optimal,30.333333333333332,30.333333333333332,20,35,0.0014,7,0,0,0,8,0,"[0, 0, 0, 0, 0, 0, 0, 0, 8, 0]",Optimal,30.333333333333197,match,
random,1015,RND24,3,6,5,infeasible,,,1,0,0.0001,0,1,0,1,0,0,"[1, 1, 0, 0, 0, 0, 0, 0, 0, 0]",Infeasible,0.0,match,
random,1015,RND25,7,12,9,optimal,37.138888888888886,37.138888888888886,3,9,0.0006,11,0,0,0,0,0,"[0, 0, 0, 0, 0, 0, 0, 0, 0, 0]",Optimal,37.138888888888886,match,
random,1015,RND26,5,4,3,optimal,43.8,43.8,4,7,0.0002,3,0,0,0,2,0,"[0, 0, 0, 0, 0, 0, 0, 0, 2, 0]",Optimal,43.8,match,
random,1015,RND27,4,7,4,optimal,25.25,25.25,1,4,0.0002,3,0,0,0,0,0,"[0, 0, 0, 0, 0, 0, 0, 0, 0, 0]",Optimal,25.25,match,
random,1015,RND28,4,8,6,optimal,-83.6,-83.6,3,7,0.0003,3,0,0,0,5,0,"[0, 0, 0, 0, 0, 0, 0, 0, 5, 0]",Optimal,-83.6,match,
random,1015,RND29,2,12,9,optimal,133,133,7,14,0.001,13,0,0,0,13,0,"[0, 0, 0, 0, 0, 0, 0, 0, 13, 0]",Optimal,133.0,match,
random,1015,RND30,6,9,7,optimal,61,61,7,17,0.0009,9,1,0,1,9,0,"[1, 1, 0, 0, 0, 0, 0, 0, 9, 0]",Optimal,61.0,match,
random,1015,RND31,4,5,3,optimal,23.25,23.25,1,2,0.0001,2,0,0,0,0,0,"[0, 0, 0, 0, 0, 0, 0, 0, 0, 0]",Optimal,23.25,match,
random,1015,RND32,2,10,7,optimal,40.333333333333336,40.333333333333336,3,6,0.0003,1,1,0,1,6,0,"[1, 1, 0, 0, 0, 0, 0, 0, 6, 0]",Optimal,40.333333333333336,match,
random,1015,RND33,7,10,7,optimal,69.75,69.75,3,13,0.0009,6,0,0,0,4,0,"[0, 0, 0, 0, 0, 0, 0, 0, 4, 0]",Optimal,69.75,match,
random,1015,RND34,6,10,8,optimal,-78,-78,5,16,0.0004,17,0,0,0,4,0,"[0, 0, 0, 0, 0, 0, 0, 0, 4, 0]",Optimal,-78.0,match,
random,1015,RND35,5,9,4,optimal,40.95652173913043,40.95652173913043,6,10,0.0005,5,1,0,1,5,0,"[1, 1, 0, 0, 0, 0, 0, 0, 5, 0]",Optimal,40.95652173913043,match,
random,1015,RND36,2,9,5,optimal,125,125,1,5,0.0001,0,0,0,0,0,0,"[0, 0, 0, 0, 0, 0, 0, 0, 0, 0]",Optimal,125.0,match,
random,1015,RND37,7,12,10,optimal,46,46,8,20,0.0006,17,0,0,0,7,0,"[0, 0, 0, 0, 0, 0, 0, 0, 7, 0]",Optimal,46.0,match,
random,1015,RND38,3,4,4,optimal,-73,-73,3,3,0.0005,5,0,0,0,0,0,"[0, 0, 0, 0, 0, 0, 0, 0, 0, 0]",Optimal,-73.0,match,
random,1015,RND39,4,11,9,optimal,-148.4,-148.4,5,17,0.0004,8,1,0,1,8,0,"[1, 1, 0, 0, 0, 0, 0, 0, 8, 0]",Optimal,-148.4,match,
random,1015,RND40,8,11,6,optimal,-101.44444444444444,-101.44444444444444,3,15,0.0003,5,0,0,0,0,0,"[0, 0, 0, 0, 0, 0, 0, 0, 0, 0]",Optimal,-101.44444444444444,match,
random,1015,RND41,8,10,6,optimal,50.684210526315795,50.684210526315795,11,19,0.0009,14,0,0,0,5,0,"[0, 0, 0, 0, 0, 0, 0, 0, 5, 0]",Optimal,50.68421052631578,match,
random,1015,RND42,7,3,2,optimal,-0.2,-0.2,1,1,0.0002,1,0,0,0,0,0,"[0, 0, 0, 0, 0, 0, 0, 0, 0, 0]",Optimal,-0.2,match,
random,1015,RND43,4,7,5,optimal,40.375,40.375,3,8,0.0003,5,1,0,1,4,0,"[1, 1, 0, 0, 0, 0, 0, 0, 4, 0]",Optimal,40.375,match,
random,1015,RND44,2,4,3,optimal,-32,-32,1,7,0.0002,0,0,0,0,0,0,"[0, 0, 0, 0, 0, 0, 0, 0, 0, 0]",Optimal,-32.0,match,
random,1015,RND45,4,8,5,optimal,-48,-48,3,9,0.0003,2,0,0,0,3,0,"[0, 0, 0, 0, 0, 0, 0, 0, 3, 0]",Optimal,-48.0,match,
random,1015,RND46,5,8,7,optimal,0,0,19,19,0.0008,12,1,0,1,11,0,"[1, 1, 0, 0, 0, 0, 0, 0, 11, 0]",Optimal,-0.0,match,
random,1015,RND47,8,12,8,optimal,52.317460317460316,52.317460317460316,3,7,0.0003,7,0,0,0,0,0,"[0, 0, 0, 0, 0, 0, 0, 0, 0, 0]",Optimal,52.317460317460316,match,
random,1015,RND48,5,10,7,optimal,52.5,52.5,16,15,0.0007,22,3,0,3,17,0,"[3, 3, 0, 0, 0, 0, 0, 0, 17, 0]",Optimal,52.5,match,
random,1015,RND49,6,10,7,optimal,73,73,17,26,0.0009,17,2,0,2,16,0,"[2, 2, 0, 0, 0, 0, 0, 0, 16, 0]",Optimal,73.0,match,
random,1015,RND50,7,11,8,optimal,105,105,5,19,0.0007,5,0,0,0,7,0,"[0, 0, 0, 0, 0, 0, 0, 0, 7, 0]",Optimal,105.0,match,
random,1015,RND51,4,10,10,optimal,136,136,1,14,0.0002,0,0,0,0,0,0,"[0, 0, 0, 0, 0, 0, 0, 0, 0, 0]",Optimal,136.0,match,
random,1015,RND52,7,10,9,optimal,-36.66666666666667,-36.66666666666667,3,10,0.0004,7,0,0,0,8,0,"[0, 0, 0, 0, 0, 0, 0, 0, 8, 0]",Optimal,-36.666666666666664,match,
random,1015,RND53,3,8,7,optimal,-1,-1,1,0,0.0001,6,0,0,0,0,0,"[0, 0, 0, 0, 0, 0, 0, 0, 0, 0]",Optimal,-1.0,match,
random,1015,RND54,8,8,7,optimal,-151,-151,3,12,0.0004,4,1,0,1,5,0,"[1, 1, 0, 0, 0, 0, 0, 0, 5, 0]",Optimal,-151.0,match,
random,1015,RND55,6,4,3,optimal,18,18,1,4,0.0002,1,0,0,0,0,0,"[0, 0, 0, 0, 0, 0, 0, 0, 0, 0]",Optimal,18.0,match,
random,1015,RND56,3,10,5,optimal,-35.333333333333336,-35.333333333333336,1,4,0.0002,3,0,0,0,0,0,"[0, 0, 0, 0, 0, 0, 0, 0, 0, 0]",Optimal,-35.333333333333336,match,
random,1015,RND57,5,10,7,optimal,-73,-73,4,11,0.0003,12,0,0,0,0,0,"[0, 0, 0, 0, 0, 0, 0, 0, 0, 0]",Optimal,-73.0,match,
random,1015,RND58,4,8,6,optimal,-30,-30,3,7,0.0002,6,0,0,0,0,0,"[0, 0, 0, 0, 0, 0, 0, 0, 0, 0]",Optimal,-30.0,match,
random,1015,RND59,5,5,4,optimal,3.6666666666666665,3.6666666666666665,3,5,0.0002,6,0,0,0,0,0,"[0, 0, 0, 0, 0, 0, 0, 0, 0, 0]",Optimal,3.6666666666666665,match,
random,1015,RND60,5,10,9,optimal,-304,-304,1,11,0.0002,2,0,0,0,0,0,"[0, 0, 0, 0, 0, 0, 0, 0, 0, 0]",Optimal,-304.0,match,
random,1015,RND61,6,8,5,optimal,-72.66666666666667,-72.66666666666667,18,36,0.0014,16,3,0,3,9,0,"[3, 3, 0, 0, 0, 0, 0, 0, 9, 0]",Optimal,-72.66666666666667,match,
random,1015,RND62,3,6,4,optimal,-18,-18,1,2,0.0002,3,0,0,0,0,0,"[0, 0, 0, 0, 0, 0, 0, 0, 0, 0]",Optimal,-18.0,match,
random,1015,RND63,2,4,4,optimal,0,0,1,0,0.0002,1,0,0,0,0,0,"[0, 0, 0, 0, 0, 0, 0, 0, 0, 0]",Optimal,0.0,match,
random,1015,RND64,7,5,2,optimal,12,12,6,12,0.0005,3,0,0,0,0,0,"[0, 0, 0, 0, 0, 0, 0, 0, 0, 0]",Optimal,11.999999999999996,match,
random,1015,RND65,4,10,8,optimal,60,60,5,6,0.0006,7,1,0,1,7,0,"[1, 1, 0, 0, 0, 0, 0, 0, 7, 0]",Optimal,60.0,match,
random,1015,RND66,8,7,5,infeasible,,,1,2,0.0003,5,0,0,0,0,0,"[0, 0, 0, 0, 0, 0, 0, 0, 0, 0]",Infeasible,0.0,match,
random,1015,RND67,3,11,7,optimal,-94.85714285714286,-94.85714285714286,3,10,0.0005,3,0,0,0,6,0,"[0, 0, 0, 0, 0, 0, 0, 0, 6, 0]",Optimal,-94.85714285714286,match,
random,1015,RND68,2,8,4,optimal,-231,-231,1,7,0.0002,2,0,0,0,0,0,"[0, 0, 0, 0, 0, 0, 0, 0, 0, 0]",Optimal,-231.0,match,
random,1015,RND69,7,11,8,optimal,4.222222222222221,4.222222222222221,12,20,0.0013,22,0,0,0,4,0,"[0, 0, 0, 0, 0, 0, 0, 0, 4, 0]",Optimal,4.22222222222222,match,
random,1015,RND70,8,11,7,optimal,-27,-27,3,12,0.0005,7,0,0,0,5,0,"[0, 0, 0, 0, 0, 0, 0, 0, 5, 0]",Optimal,-27.0,match,
random,1015,RND71,4,8,7,optimal,-85,-85,3,6,0.0004,4,1,0,1,6,0,"[1, 1, 0, 0, 0, 0, 0, 0, 6, 0]",Optimal,-85.0,match,
random,1015,RND72,5,5,4,optimal,123,123,1,3,0.0002,2,0,0,0,0,0,"[0, 0, 0, 0, 0, 0, 0, 0, 0, 0]",Optimal,123.0,match,
random,1015,RND73,3,3,3,optimal,-40,-40,1,1,0.0001,2,0,0,0,0,0,"[0, 0, 0, 0, 0, 0, 0, 0, 0, 0]",Optimal,-40.0,match,
random,1015,RND74,5,6,4,optimal,60,60,1,7,0.0002,2,0,0,0,0,0,"[0, 0, 0, 0, 0, 0, 0, 0, 0, 0]",Optimal,60.0,match,
random,1015,RND75,8,10,7,optimal,28.428571428571427,28.428571428571427,3,9,0.0006,9,0,0,0,5,0,"[0, 0, 0, 0, 0, 0, 0, 0, 5, 0]",Optimal,28.428571428571427,match,
random,1015,RND76,8,9,8,optimal,6,6,9,23,0.0006,16,0,0,0,2,0,"[0, 0, 0, 0, 0, 0, 0, 0, 2, 0]",Optimal,5.999998999999999,match,
random,1015,RND77,8,4,4,optimal,12,12,1,1,0.0002,4,0,0,0,0,0,"[0, 0, 0, 0, 0, 0, 0, 0, 0, 0]",Optimal,12.0,match,
random,1015,RND78,6,6,2,infeasible,,,1,1,0.0003,2,0,0,0,0,0,"[0, 0, 0, 0, 0, 0, 0, 0, 0, 0]",Infeasible,0.0,match,
random,1015,RND79,8,5,3,optimal,-41,-41,3,9,0.0003,6,0,0,0,0,0,"[0, 0, 0, 0, 0, 0, 0, 0, 0, 0]",Optimal,-41.0,match,
random,1015,RND80,5,6,4,optimal,8.25,8.25,1,5,0.0002,3,0,0,0,0,0,"[0, 0, 0, 0, 0, 0, 0, 0, 0, 0]",Optimal,8.25,match,
random,1015,RND81,8,3,3,infeasible,,,1,0,0.0004,0,1,0,1,0,0,"[1, 0, 1, 0, 1, 0, 0, 0, 0, 0]",Infeasible,0.0,match,
random,1015,RND82,2,11,2,optimal,185,185,1,9,0.0002,0,0,0,0,0,0,"[0, 0, 0, 0, 0, 0, 0, 0, 0, 0]",Optimal,185.0,match,
random,1015,RND83,2,9,6,optimal,-50,-50,1,4,0.0001,1,0,0,0,0,0,"[0, 0, 0, 0, 0, 0, 0, 0, 0, 0]",Optimal,-50.0,match,
random,1015,RND84,6,4,3,optimal,-46.333333333333336,-46.333333333333336,1,4,0.0002,2,0,0,0,0,0,"[0, 0, 0, 0, 0, 0, 0, 0, 0, 0]",Optimal,-46.333333333333336,match,
random,1015,RND85,8,3,3,infeasible,,,1,2,0.0002,3,0,0,0,0,0,"[0, 0, 0, 0, 0, 0, 0, 0, 0, 0]",Infeasible,0.0,match,
random,1015,RND86,5,8,7,optimal,-97.85714285714286,-97.85714285714286,3,8,0.0004,5,0,0,0,0,0,"[0, 0, 0, 0, 0, 0, 0, 0, 0, 0]",Optimal,-97.85714285714286,match,
random,1015,RND87,3,4,3,optimal,21,21,1,2,0.0001,0,0,0,0,0,0,"[0, 0, 0, 0, 0, 0, 0, 0, 0, 0]",Optimal,21.0,match,
random,1015,RND88,7,8,6,optimal,33.2,33.2,12,23,0.0007,11,2,0,2,5,0,"[2, 2, 0, 0, 0, 0, 0, 0, 5, 0]",Optimal,33.2,match,
random,1015,RND89,8,10,8,optimal,-39.49333333333333,-39.49333333333333,3,9,0.0007,4,0,0,0,7,0,"[0, 0, 0, 0, 0, 0, 0, 0, 7, 0]",Optimal,-39.49333333333333,match,
random,1015,RND90,5,6,4,optimal,-79,-79,5,10,0.0004,3,0,0,0,3,0,"[0, 0, 0, 0, 0, 0, 0, 0, 3, 0]",Optimal,-79.0,match,
random,1015,RND91,5,3,2,optimal,0.33333333333333304,0.33333333333333304,1,2,0.0002,2,0,0,0,0,0,"[0, 0, 0, 0, 0, 0, 0, 0, 0, 0]",Optimal,0.33333333333333304,match,
random,1015,RND92,7,7,5,optimal,10,10,9,12,0.0005,8,3,0,3,6,0,"[3, 3, 0, 0, 0, 0, 0, 0, 6, 0]",Optimal,10.0,match,
random,1015,RND93,3,10,6,optimal,66.25,66.25,1,4,0.0003,3,0,0,0,0,0,"[0, 0, 0, 0, 0, 0, 0, 0, 0, 0]",Optimal,66.25,match,
random,1015,RND94,3,10,7,optimal,-104,-104,1,8,0.0002,3,0,0,0,0,0,"[0, 0, 0, 0, 0, 0, 0, 0, 0, 0]",Optimal,-104.0,match,
random,1015,RND95,2,5,3,optimal,-73,-73,1,3,0.0002,2,0,0,0,0,0,"[0, 0, 0, 0, 0, 0, 0, 0, 0, 0]",Optimal,-73.0,match,
random,1015,RND96,2,10,6,optimal,-171,-171,1,8,0.0002,1,0,0,0,0,0,"[0, 0, 0, 0, 0, 0, 0, 0, 0, 0]",Optimal,-171.0,match,
random,1015,RND97,6,12,7,optimal,-55.708333333333336,-55.708333333333336,7,16,0.0009,5,0,0,0,6,0,"[0, 0, 0, 0, 0, 0, 0, 0, 6, 0]",Optimal,-55.708333333333336,match,
random,1015,RND98,3,12,8,optimal,-29,-29,1,5,0.0002,1,0,0,0,0,0,"[0, 0, 0, 0, 0, 0, 0, 0, 0, 0]",Optimal,-29.0,match,
random,1015,RND99,8,10,5,optimal,78.66666666666667,78.66666666666667,3,13,0.0005,4,0,0,0,4,0,"[0, 0, 0, 0, 0, 0, 0, 0, 4, 0]",Optimal,78.66666666666667,match,
random,1016,RND0,7,8,8,optimal,-14,-14,18,27,0.0012,29,4,0,4,10,0,"[4, 4, 0, 0, 0, 0, 0, 0, 10, 0]",Optimal,-14.0,match,
random,1016,RND1,2,11,7,optimal,-127,-127,1,9,0.0003,0,0,0,0,0,0,"[0, 0, 0, 0, 0, 0, 0, 0, 0, 0]",Optimal,-127.0,match,
random,1016,RND2,8,3,0,optimal,-113.33333333333334,,,5,0.0001,,,,,,,,Optimal,-113.33333333333334,match,
random,1016,RND3,8,8,7,optimal,-63,-63,5,13,0.0005,4,1,0,1,6,0,"[1, 1, 0, 0, 0, 0, 0, 0, 6, 0]",Optimal,-63.0,match,
random,1016,RND4,3,7,5,optimal,54,54,1,2,0.0002,4,0,0,0,0,0,"[0, 0, 0, 0, 0, 0, 0, 0, 0, 0]",Optimal,54.0,match,
random,1016,RND5,6,11,9,optimal,104,104,10,22,0.0008,6,1,0,1,9,0,"[1, 1, 0, 0, 0, 0, 0, 0, 9, 0]",Optimal,104.0,match,
random,1016,RND6,8,12,9,optimal,-33.59649122807018,-33.59649122807018,5,18,0.0007,13,0,0,0,8,0,"[0, 0, 0, 0, 0, 0, 0, 0, 8, 0]",Optimal,-33.59649122807017,match,
random,1016,RND7,8,9,3,optimal,-0.6666666666666667,-0.6666666666666667,3,6,0.0004,2,0,0,0,2,0,"[0, 0, 0, 0, 0, 0, 0, 0, 2, 0]",Optimal,-0.6666666666666667,match,
random,1016,RND8,4,5,3,optimal,-21,-21,3,4,0.0002,3,1,0,1,2,0,"[1, 1, 0, 0, 0, 0, 0, 0, 2, 0]",Optimal,-21.0,match,
random,1016,RND9,4,8,5,optimal,4,4,8,15,0.0005,12,0,0,0,5,0,"[0, 0, 0, 0, 0, 0, 0, 0, 5, 0]",Optimal,4.0,match,
random,1016,RND10,7,10,8,optimal,111.80555555555556,111.80555555555556,7,18,0.0004,6,0,0,0,0,0,"[0, 0, 0, 0, 0, 0, 0, 0, 0, 0]",Optimal,111.80555555555554,match,
random,1016,RND11,4,7,4,optimal,111,111,3,8,0.0002,1,1,0,1,3,0,"[1, 1, 0, 0, 0, 0, 0, 0, 3, 0]",Optimal,111.0,match,
random,1016,RND12,4,5,3,optimal,60.8,60.8,3,10,0.0003,0,0,0,0,2,0,"[0, 0, 0, 0, 0, 0, 0, 0, 2, 0]",Optimal,60.8,match,
random,1016,RND13,7,10,8,optimal,41.5,41.5,9,16,0.0012,10,0,0,0,5,0,"[0, 0, 0, 0, 0, 0, 0, 0, 5, 0]",Optimal,41.5,match,
random,1016,RND14,6,12,8,optimal,29.333333333333332,29.333333333333332,6,18,0.0007,8,0,0,0,7,0,"[0, 0, 0, 0, 0, 0, 0, 0, 7, 0]",Optimal,29.333333333333332,match,
random,1016,RND15,2,8,8,optimal,136,136,3,8,0.0002,3,1,0,1,7,0,"[1, 1, 0, 0, 0, 0, 0, 0, 7, 0]",Optimal,136.0,match,
random,1016,RND16,8,7,7,optimal,36,36,3,7,0.0004,8,1,0,1,5,0,"[1, 1, 0, 0, 0, 0, 0, 0, 5, 0]",Optimal,36.0,match,
random,1016,RND17,5,12,7,optimal,106.25,106.25,5,10,0.0004,13,1,0,1,5,0,"[1, 1, 0, 0, 0, 0, 0, 0, 5, 0]",Optimal,106.25,match,
random,1016,RND18,6,4,1,optimal,2.5,2.5,1,2,0.0001,0,0,0,0,0,0,"[0, 0, 0, 0, 0, 0, 0, 0, 0, 0]",Optimal,2.5,match,
random,1016,RND19,3,8,3,optimal,-48.599999999999994,-48.599999999999994,1,2,0.0002,2,0,0,0,0,0,"[0, 0, 0, 0, 0, 0, 0, 0, 0, 0]",Optimal,-48.599999999999994,match,
random,1016,RND20,4,6,6,optimal,-151,-151,1,7,0.0002,0,0,0,0,0,0,"[0, 0, 0, 0, 0, 0, 0, 0, 0, 0]",Optimal,-151.0,match,
random,1016,RND21,4,6,3,optimal,20.75,20.75,1,3,0.0002,1,0,0,0,0,0,"[0, 0, 0, 0, 0, 0, 0, 0, 0, 0]",Optimal,20.75,match,
random,1016,RND22,6,5,3,optimal,-3,-3,3,4,0.0003,4,0,0,0,0,0,"[0, 0, 0, 0, 0, 0, 0, 0, 0, 0]",Optimal,-3.0,match,
random,1016,RND23,5,12,9,optimal,88.44444444444444,88.44444444444444,5,18,0.0004,1,0,0,0,7,0,"[0, 0, 0, 0, 0, 0, 0, 0, 7, 0]",Optimal,88.44444444444444,match,
random,1016,RND24,7,6,5,optimal,-23,-23,1,6,0.0003,3,0,0,0,0,0,"[0, 0, 0, 0, 0, 0, 0, 0, 0, 0]",Optimal,-23.0,match,
random,1016,RND25,8,6,4,optimal,3,3,3,8,0.0003,4,0,0,0,2,0,"[0, 0, 0, 0, 0, 0, 0, 0, 2, 0]",Optimal,3.0,match,
random,1016,RND26,7,11,10,optimal,-58.5,-58.5,32,55,0.0042,65,4,0,4,51,0,"[4, 4, 0, 0, 0, 0, 0, 0, 51, 0]",Optimal,-58.500001,match,
random,1016,RND27,2,8,5,infeasible,,,1,0,0.0001,1,0,0,0,0,0,"[0, 0, 0, 0, 0, 0, 0, 0, 0, 0]",Infeasible,0.0,match,
random,1016,RND28,7,12,8,optimal,114.57142857142857,114.57142857142857,17,31,0.0011,3,0,0,0,18,0,"[0, 0, 0, 0, 0, 0, 0, 0, 18, 0]",Optimal,114.57142857142857,match,
random,1016,RND29,8,3,0,infeasible,,,,3,0.0002,,,,,,,,Infeasible,0.0,match,
random,1016,RND30,7,10,4,optimal,-18.666666666666668,-18.666666666666668,3,10,0.0007,4,0,0,0,3,0,"[0, 0, 0, 0, 0, 0, 0, 0, 3, 0]",Optimal,-18.666666666666668,match,
random,1016,RND31,6,6,3,optimal,21,21,1,7,0.0002,1,0,0,0,0,0,"[0, 0, 0, 0, 0, 0, 0, 0, 0, 0]",Optimal,21.0,match,
random,1016,RND32,5,3,3,optimal,-12,-12,1,3,0.0001,1,0,0,0,0,0,"[0, 0, 0, 0, 0, 0, 0, 0, 0, 0]",Optimal,-12.0,match,
random,1016,RND33,6,9,9,optimal,-45,-45,17,30,0.0009,31,2,0,2,20,0,"[2, 2, 0, 0, 0, 0, 0, 0, 20, 0]",Optimal,-45.0,match,
random,1016,RND34,8,5,4,optimal,30,30,5,9,0.0004,5,1,0,1,2,0,"[1, 1, 0, 0, 0, 0, 0, 0, 2, 0]",Optimal,30.0,match,
random,1016,RND35,3,3,2,optimal,-94,-94,1,3,0.0002,1,0,0,0,0,0,"[0, 0, 0, 0, 0, 0, 0, 0, 0, 0]",Optimal,-94.0,match,
random,1016,RND36,5,11,8,optimal,109,109,15,25,0.0008,5,0,0,0,14,0,"[0, 0, 0, 0, 0, 0, 0, 0, 14, 0]",Optimal,109.0,match,
random,1016,RND37,2,4,3,optimal,16,16,1,2,0.0002,2,0,0,0,0,0,"[0, 0, 0, 0, 0, 0, 0, 0, 0, 0]",Optimal,16.0,match,
random,1016,RND38,4,10,9,optimal,40,40,1,5,0.0002,4,0,0,0,0,0,"[0, 0, 0, 0, 0, 0, 0, 0, 0, 0]",Optimal,40.0,match,
random,1016,RND39,6,5,4,optimal,9,9,9,17,0.0005,9,0,0,0,0,0,"[0, 0, 0, 0, 0, 0, 0, 0, 0, 0]",Optimal,9.0,match,
random,1016,RND40,7,7,5,optimal,-12.666666666666666,-12.666666666666666,1,2,0.0002,5,0,0,0,0,0,"[0, 0, 0, 0, 0, 0, 0, 0, 0, 0]",Optimal,-12.666666666666666,match,
random,1016,RND41,3,9,6,optimal,26,26,5,7,0.0003,9,0,0,0,0,0,"[0, 0, 0, 0, 0, 0, 0, 0, 0, 0]",Optimal,26.0,match,
random,1016,RND42,8,8,5,optimal,35.875,35.875,1,7,0.0002,3,0,0,0,0,0,"[0, 0, 0, 0, 0, 0, 0, 0, 0, 0]",Optimal,35.875,match,
random,1016,RND43,3,8,6,optimal,35,35,3,7,0.0002,7,0,0,0,0,0,"[0, 0, 0, 0, 0, 0, 0, 0, 0, 0]",Optimal,35.0,match,
random,1016,RND44,8,7,3,infeasible,,,1,0,0.0002,0,1,0,1,0,0,"[1, 1, 0, 0, 0, 0, 0, 0, 0, 0]",Infeasible,0.0,match,
random,1016,RND45,8,8,2,optimal,40.625,40.625,1,10,0.0002,1,0,0,0,0,0,"[0, 0, 0, 0, 0, 0, 0, 0, 0, 0]",Optimal,40.625,match,
random,1016,RND46,3,11,9,optimal,67,67,1,4,0.0002,1,0,0,0,0,0,"[0, 0, 0, 0, 0, 0, 0, 0, 0, 0]",Optimal,67.0,match,
random,1016,RND47,4,3,2,infeasible,,,1,0,0.0002,0,1,0,1,0,0,"[1, 1, 0, 0, 0, 0, 0, 0, 0, 0]",Infeasible,0.0,match,
random,1016,RND48,6,9,8,optimal,-36,-36,1,2,0.0003,6,0,0,0,0,0,"[0, 0, 0, 0, 0, 0, 0, 0, 0, 0]",Optimal,-36.0,match,
random,1016,RND49,6,10,8,optimal,-173.11111111111111,-173.11111111111111,3,15,0.0007,2,0,0,0,7,0,"[0, 0, 0, 0, 0, 0, 0, 0, 7, 0]",Optimal,-173.11111111111111,match,
random,1016,RND50,2,9,7,optimal,-88,-88,1,2,0.0003,3,0,0,0,0,0,"[0, 0, 0, 0, 0, 0, 0, 0, 0, 0]",Optimal,-88.0,match,
random,1016,RND51,3,7,4,optimal,-43,-43,1,6,0.0002,1,0,0,0,0,0,"[0, 0, 0, 0, 0, 0, 0, 0, 0, 0]",Optimal,-43.0,match,
random,1016,RND52,4,6,6,optimal,31,31,17,24,0.001,22,1,0,1,7,0,"[1, 1, 0, 0, 0, 0, 0, 0, 7, 0]",Optimal,31.0,match,
random,1016,RND53,7,6,3,optimal,4.857142857142857,4.857142857142857,5,10,0.0004,3,0,0,0,0,0,"[0, 0, 0, 0, 0, 0, 0, 0, 0, 0]",Optimal,4.857142857142857,match,
random,1016,RND54,5,11,8,optimal,101,101,3,7,0.0004,7,0,0,0,0,0,"[0, 0, 0, 0, 0, 0, 0, 0, 0, 0]",Optimal,101.0,match,
random,1016,RND55,5,7,7,optimal,-23,-23,3,9,0.0002,2,0,0,0,0,0,"[0, 0, 0, 0, 0, 0, 0, 0, 0, 0]",Optimal,-23.0,match,
random,1016,RND56,2,4,4,optimal,-33,-33,1,1,0.0002,0,0,0,0,0,0,"[0, 0, 0, 0, 0, 0, 0, 0, 0, 0]",Optimal,-33.0,match,
random,1016,RND57,2,11,6,optimal,-80,-80,3,8,0.0003,2,0,0,0,0,0,"[0, 0, 0, 0, 0, 0, 0, 0, 0, 0]",Optimal,-80.0,match,
random,1016,RND58,8,9,5,optimal,22.160714285714285,22.160714285714285,7,14,0.0007,5,0,0,0,1,0,"[0, 0, 0, 0, 0, 0, 0, 0, 1, 0]",Optimal,22.160714285714285,match,
random,1016,RND59,5,11,10,optimal,-181,-181,5,11,0.0005,7,0,0,0,0,0,"[0, 0, 0, 0, 0, 0, 0, 0, 0, 0]",Optimal,-181.0,match,
random,1016,RND60,5,11,8,optimal,31,31,10,25,0.0007,22,1,0,1,2,0,"[1, 1, 0, 0, 0, 0, 0, 0, 2, 0]",Optimal,31.00000000000002,match,
random,1016,RND61,3,9,8,optimal,-118,-118,1,9,0.0002,1,0,0,0,0,0,"[0, 0, 0, 0, 0, 0, 0, 0, 0, 0]",Optimal,-118.0,match,
random,1016,RND62,5,11,7,optimal,89,89,7,16,0.0006,4,0,0,0,11,0,"[0, 0, 0, 0, 0, 0, 0, 0, 11, 0]",Optimal,89.0,match,
random,1016,RND63,3,5,3,optimal,-72,-72,1,3,0.0003,1,0,0,0,0,0,"[0, 0, 0, 0, 0, 0, 0, 0, 0, 0]",Optimal,-72.0,match,
random,1016,RND64,2,5,2,optimal,6,6,1,0,0.0001,2,0,0,0,0,0,"[0, 0, 0, 0, 0, 0, 0, 0, 0, 0]",Optimal,6.0,match,
random,1016,RND65,5,12,9,optimal,-118.2,-118.2,3,6,0.0004,12,0,0,0,0,0,"[0, 0, 0, 0, 0, 0, 0, 0, 0, 0]",Optimal,-118.2,match,
random,1016,RND66,8,8,5,optimal,103.80000000000001,103.80000000000001,3,11,0.0003,6,0,0,0,0,0,"[0, 0, 0, 0, 0, 0, 0, 0, 0, 0]",Optimal,103.80000000000001,match,
random,1016,RND67,7,3,3,infeasible,,,1,0,0.0004,0,1,0,1,0,0,"[1, 0, 1, 0, 1, 0, 0, 0, 0, 0]",Infeasible,0.0,match,
random,1016,RND68,7,6,3,optimal,-7.6,-7.6,7,13,0.0004,1,0,0,0,0,0,"[0, 0, 0, 0, 0, 0, 0, 0, 0, 0]",Optimal,-7.6,match,
random,1016,RND69,2,9,6,optimal,45,45,7,7,0.0005,5,0,0,0,4,0,"[0, 0, 0, 0, 0, 0, 0, 0, 4, 0]",Optimal,45.0,match,
random,1016,RND70,4,4,3,optimal,7,7,1,0,0.0002,3,0,0,0,0,0,"[0, 0, 0, 0, 0, 0, 0, 0, 0, 0]",Optimal,7.0,match,
random,1016,RND71,8,8,7,optimal,19.555555555555557,19.555555555555557,30,37,0.0028,22,0,0,0,20,0,"[0, 0, 0, 0, 0, 0, 0, 0, 20, 0]",Optimal,19.555555555555557,match,
random,1016,RND72,2,11,7,optimal,-154,-154,1,10,0.0002,0,0,0,0,0,0,"[0, 0, 0, 0, 0, 0, 0, 0, 0, 0]",Optimal,-154.0,match,
random,1016,RND73,8,12,10,optimal,-27,-27,13,35,0.0011,40,1,0,1,0,0,"[1, 1, 0, 0, 0, 0, 0, 0, 0, 0]",Optimal,-27.0,match,
random,1016,RND74,2,9,6,optimal,27,27,7,8,0.0003,11,0,0,0,0,0,"[0, 0, 0, 0, 0, 0, 0, 0, 0, 0]",Optimal,27.0,match,
random,1016,RND75,3,6,4,optimal,-49,-49,1,7,0.0002,2,0,0,0,0,0,"[0, 0, 0, 0, 0, 0, 0, 0, 0, 0]",Optimal,-49.0,match,
random,1016,RND76,7,10,7,optimal,-23.657142857142855,-23.657142857142855,13,33,0.001,16,0,0,0,0,0,"[0, 0, 0, 0, 0, 0, 0, 0, 0, 0]",Optimal,-23.65714285714286,match,
random,1016,RND77,2,11,8,optimal,-55,-55,3,5,0.0004,5,1,0,1,7,0,"[1, 1, 0, 0, 0, 0, 0, 0, 7, 0]",Optimal,-55.0,match,
random,1016,RND78,7,4,4,optimal,3,3,1,1,0.0002,3,0,0,0,0,0,"[0, 0, 0, 0, 0, 0, 0, 0, 0, 0]",Optimal,3.0,match,
random,1016,RND79,2,10,6,optimal,-83,-83,1,7,0.0002,2,0,0,0,0,0,"[0, 0, 0, 0, 0, 0, 0, 0, 0, 0]",Optimal,-83.0,match,
random,1016,RND80,7,8,6,optimal,-7.5,-7.5,1,6,0.0002,4,0,0,0,0,0,"[0, 0, 0, 0, 0, 0, 0, 0, 0, 0]",Optimal,-7.5,match,
random,1016,RND81,8,8,7,optimal,40,40,3,10,0.0003,6,1,0,1,0,0,"[1, 1, 0, 0, 0, 0, 0, 0, 0, 0]",Optimal,40.0,match,
random,1016,RND82,8,7,7,optimal,-23,-23,13,24,0.0013,19,2,0,2,5,0,"[2, 2, 0, 0, 0, 0, 0, 0, 5, 0]",Optimal,-23.0,match,
random,1016,RND83,5,5,5,optimal,0,0,1,0,0.0003,5,0,0,0,0,0,"[0, 0, 0, 0, 0, 0, 0, 0, 0, 0]",Optimal,0.0,match,
random,1016,RND84,6,6,2,optimal,-2.1777777777777776,-2.1777777777777776,1,4,0.0002,1,0,0,0,0,0,"[0, 0, 0, 0, 0, 0, 0, 0, 0, 0]",Optimal,-2.1777777777777776,match,
random,1016,RND85,6,3,3,infeasible,,,1,0,0.0005,0,1,0,1,0,0,"[1, 1, 0, 0, 0, 0, 0, 0, 0, 0]",Infeasible,0.0,match,
random,1016,RND86,3,4,3,infeasible,,,1,0,0.0001,0,1,0,1,0,0,"[1, 1, 0, 0, 0, 0, 0, 0, 0, 0]",Infeasible,0.0,match,
random,1016,RND87,7,10,8,optimal,-13.375,-13.375,5,9,0.0007,11,0,0,0,4,0,"[0, 0, 0, 0, 0, 0, 0, 0, 4, 0]",Optimal,-13.375,match,
random,1016,RND88,2,3,2,optimal,0,0,1,0,0.0002,1,0,0,0,0,0,"[0, 0, 0, 0, 0, 0, 0, 0, 0, 0]",Optimal,-0.0,match,
random,1016,RND89,2,6,3,optimal,-19,-19,1,2,0.0001,0,0,0,0,0,0,"[0, 0, 0, 0, 0, 0, 0, 0, 0, 0]",Optimal,-19.0,match,
random,1016,RND90,5,7,5,optimal,17,17,17,25,0.001,22,1,0,1,4,0,"[1, 1, 0, 0, 0, 0, 0, 0, 4, 0]",Optimal,17.0,match,
random,1016,RND91,2,11,7,optimal,111.375,111.375,1,5,0.0002,2,0,0,0,0,0,"[0, 0, 0, 0, 0, 0, 0, 0, 0, 0]",Optimal,111.375,match,
random,1016,RND92,8,7,6,optimal,53.714285714285715,53.714285714285715,5,10,0.0008,6,1,0,1,5,0,"[1, 1, 0, 0, 0, 0, 0, 0, 5, 0]",Optimal,53.714285714285715,match,
random,1016,RND93,3,12,10,optimal,76,76,1,2,0.0002,2,0,0,0,0,0,"[0, 0, 0, 0, 0, 0, 0, 0, 0, 0]",Optimal,76.0,match,
random,1016,RND94,4,7,3,optimal,8.555555555555557,8.555555555555557,3,4,0.0003,2,0,0,0,0,0,"[0, 0, 0, 0, 0, 0, 0, 0, 0, 0]",Optimal,8.555555555555557,match,
random,1016,RND95,3,11,6,optimal,18,18,6,8,0.0003,13,0,0,0,4,0,"[0, 0, 0, 0, 0, 0, 0, 0, 4, 0]",Optimal,18.0,match,
random,1016,RND96,3,6,4,optimal,61,61,6,9,0.0004,9,0,0,0,2,0,"[0, 0, 0, 0, 0, 0, 0, 0, 2, 0]",Optimal,61.0,match,
random,1016,RND97,6,4,0,optimal,-39.388888888888886,,,2,0.0002,,,,,,,,Optimal,-39.388888888888886,match,
random,1016,RND98,8,8,4,optimal,-7.666666666666666,-7.666666666666666,5,13,0.0008,7,0,0,0,3,0,"[0, 0, 0, 0, 0, 0, 0, 0, 3, 0]",Optimal,-7.666666666666666,match,
random,1016,RND99,8,7,4,optimal,73.33333333333333,73.33333333333333,4,8,0.0003,3,0,0,0,0,0,"[0, 0, 0, 0, 0, 0, 0, 0, 0, 0]",Optimal,73.33333333333333,match,
random,1017,RND0,7,10,5,optimal,-5.6,-5.6,3,6,0.0004,6,0,0,0,0,0,"[0, 0, 0, 0, 0, 0, 0, 0, 0, 0]",Optimal,-5.6,match,
random,1017,RND1,4,8,6,optimal,12,12,6,5,0.0003,6,1,0,1,5,0,"[1, 1, 0, 0, 0, 0, 0, 0, 5, 0]",Optimal,12.0,match,
random,1017,RND2,5,11,7,optimal,17.625,17.625,14,28,0.0008,10,0,0,0,12,0,"[0, 0, 0, 0, 0, 0, 0, 0, 12, 0]",Optimal,17.625,match,
random,1017,RND3,5,7,6,optimal,10,10,1,4,0.0002,4,0,0,0,0,0,"[0, 0, 0, 0, 0, 0, 0, 0, 0, 0]",Optimal,10.0,match,
random,1017,RND4,6,12,7,optimal,22,22,1,7,0.0002,6,0,0,0,0,0,"[0, 0, 0, 0, 0, 0, 0, 0, 0, 0]",Optimal,22.0,match,
random,1017,RND5,3,10,8,optimal,-123.33333333333333,-123.33333333333333,1,6,0.0002,4,0,0,0,0,0,"[0, 0, 0, 0, 0, 0, 0, 0, 0, 0]",Optimal,-123.33333333333333,match,
random,1017,RND6,7,7,6,optimal,10,10,5,14,0.0005,12,0,0,0,3,0,"[0, 0, 0, 0, 0, 0, 0, 0, 3, 0]",Optimal,10.0,match,
random,1017,RND7,4,8,6,optimal,-17,-17,1,4,0.0002,4,0,0,0,0,0,"[0, 0, 0, 0, 0, 0, 0, 0, 0, 0]",Optimal,-17.0,match,
random,1017,RND8,8,9,5,optimal,-30.555555555555557,-30.555555555555557,4,12,0.0003,9,0,0,0,0,0,"[0, 0, 0, 0, 0, 0, 0, 0, 0, 0]",Optimal,-30.555555555555557,match,
random,1017,RND9,2,5,3,optimal,-51.666666666666664,-51.666666666666664,1,5,0.0001,0,0,0,0,0,0,"[0, 0, 0, 0, 0, 0, 0, 0, 0, 0]",Optimal,-51.666666666666664,match,
random,1017,RND10,6,5,5,optimal,-36,-36,3,7,0.0003,5,1,0,1,3,0,"[1, 1, 0, 0, 0, 0, 0, 0, 3, 0]",Optimal,-36.0,match,
random,1017,RND11,7,3,3,optimal,29,29,1,2,0.0001,2,0,0,0,0,0,"[0, 0, 0, 0, 0, 0, 0, 0, 0, 0]",Optimal,29.0,match,
random,1017,RND12,8,4,4,optimal,0,0,1,1,0.0001,4,0,0,0,0,0,"[0, 0, 0, 0, 0, 0, 0, 0, 0, 0]",Optimal,0.0,match,
random,1017,RND13,5,8,5,optimal,-74.23529411764706,-74.23529411764706,14,20,0.0008,13,0,0,0,5,0,"[0, 0, 0, 0, 0, 0, 0, 0, 5, 0]",Optimal,-74.23529411764706,match,
random,1017,RND14,7,6,3,optimal,-14,-14,6,8,0.0006,5,1,0,1,3,0,"[1, 1, 0, 0, 0, 0, 0, 0, 3, 0]",Optimal,-14.0,match,
random,1017,RND15,4,11,9,optimal,-52.166666666666664,-52.166666666666664,1,4,0.0002,5,0,0,0,0,0,"[0, 0, 0, 0, 0, 0, 0, 0, 0, 0]",Optimal,-52.166666666666664,match,
random,1017,RND16,8,6,5,optimal,-40.5,-40.5,1,7,0.0002,3,0,0,0,0,0,"[0, 0, 0, 0, 0, 0, 0, 0, 0, 0]",Optimal,-40.5,match,
random,1017,RND17,5,11,8,optimal,-105.66666666666667,-105.66666666666667,5,17,0.0003,14,0,0,0,0,0,"[0, 0, 0, 0, 0, 0, 0, 0, 0, 0]",Optimal,-105.66666666666667,match,
random,1017,RND18,4,6,5,optimal,-15,-15,5,4,0.0003,4,1,0,1,6,0,"[1, 1, 0, 0, 0, 0, 0, 0, 6, 0]",Optimal,-15.0,match,
random,1017,RND19,6,7,3,optimal,-93,-93,1,7,0.0002,2,0,0,0,0,0,"[0, 0, 0, 0, 0, 0, 0, 0, 0, 0]",Optimal,-93.0,match,
random,1017,RND20,5,11,9,optimal,159.16666666666669,159.16666666666669,5,12,0.0004,5,1,0,1,8,0,"[1, 1, 0, 0, 0, 0, 0, 0, 8, 0]",Optimal,159.16666666666666,match,
random,1017,RND21,4,7,7,optimal,18,18,3,5,0.0003,4,1,0,1,6,0,"[1, 1, 0, 0, 0, 0, 0, 0, 6, 0]",Optimal,18.0,match,
random,1017,RND22,3,4,3,optimal,-72,-72,1,4,0.0001,0,0,0,0,0,0,"[0, 0, 0, 0, 0, 0, 0, 0, 0, 0]",Optimal,-72.0,match,
random,1017,RND23,4,10,7,optimal,-51.6,-51.6,1,9,0.0002,2,0,0,0,0,0,"[0, 0, 0, 0, 0, 0, 0, 0, 0, 0]",Optimal,-51.6,match,
random,1017,RND24,3,3,3,optimal,0,0,1,2,0.0002,2,0,0,0,0,0,"[0, 0, 0, 0, 0, 0, 0, 0, 0, 0]",Optimal,-0.0,match,
random,1017,RND25,8,10,8,optimal,-21,-21,3,10,0.0005,6,0,0,0,6,0,"[0, 0, 0, 0, 0, 0, 0, 0, 6, 0]",Optimal,-21.0,match,
random,1017,RND26,5,12,11,optimal,60.8,60.800000000000004,5,12,0.0004,12,0,0,0,9,0,"[0, 0, 0, 0, 0, 0, 0, 0, 9, 0]",Optimal,60.8,match,
random,1017,RND27,5,12,6,optimal,118.46153846153845,118.46153846153845,5,16,0.0004,3,0,0,0,5,0,"[0, 0, 0, 0, 0, 0, 0, 0, 5, 0]",Optimal,118.46153846153847,match,
random,1017,RND28,5,4,4,optimal,-73,-73,1,5,0.0001,3,0,0,0,0,0,"[0, 0, 0, 0, 0, 0, 0, 0, 0, 0]",Optimal,-73.0,match,
random,1017,RND29,6,9,6,optimal,118,118,1,10,0.0002,3,0,0,0,0,0,"[0, 0, 0, 0, 0, 0, 0, 0, 0, 0]",Optimal,118.0,match,
random,1017,RND30,6,7,6,optimal,-86,-86,8,13,0.0008,7,0,0,0,8,0,"[0, 0, 0, 0, 0, 0, 0, 0, 8, 0]",Optimal,-86.0,match,
random,1017,RND31,8,8,6,optimal,-26,-26,3,12,0.0005,7,0,0,0,3,0,"[0, 0, 0, 0, 0, 0, 0, 0, 3, 0]",Optimal,-26.0,match,
random,1017,RND32,4,6,4,optimal,45.5,45.5,3,6,0.0005,1,0,0,0,0,0,"[0, 0, 0, 0, 0, 0, 0, 0, 0, 0]",Optimal,45.5,match,
random,1017,RND33,5,9,7,optimal,-88.33333333333333,-88.33333333333333,1,8,0.0002,1,0,0,0,0,0,"[0, 0, 0, 0, 0, 0, 0, 0, 0, 0]",Optimal,-88.33333333333333,match,
random,1017,RND34,6,5,2,optimal,48,48,2,5,0.0002,1,0,0,0,0,0,"[0, 0, 0, 0, 0, 0, 0, 0, 0, 0]",Optimal,48.0,match,
random,1017,RND35,3,7,3,optimal,54.22222222222222,54.22222222222222,1,6,0.0002,1,0,0,0,0,0,"[0, 0, 0, 0, 0, 0, 0, 0, 0, 0]",Optimal,54.22222222222222,match,
random,1017,RND36,6,10,6,optimal,124.125,124.125,1,10,0.0002,2,0,0,0,0,0,"[0, 0, 0, 0, 0, 0, 0, 0, 0, 0]",Optimal,124.125,match,
random,1017,RND37,3,4,2,optimal,-23.333333333333336,-23.333333333333336,3,4,0.0002,1,0,0,0,0,0,"[0, 0, 0, 0, 0, 0, 0, 0, 0, 0]",Optimal,-23.333333333333336,match,
random,1017,RND38,2,3,3,optimal,40,40,1,3,0.0001,0,0,0,0,0,0,"[0, 0, 0, 0, 0, 0, 0, 0, 0, 0]",Optimal,40.0,match,
random,1017,RND39,3,3,2,optimal,-38,-38,3,5,0.0002,2,0,0,0,0,0,"[0, 0, 0, 0, 0, 0, 0, 0, 0, 0]",Optimal,-38.0,match,
random,1017,RND40,5,7,5,optimal,42.142857142857146,42.142857142857146,5,11,0.0004,9,0,0,0,3,0,"[0, 0, 0, 0, 0, 0, 0, 0, 3, 0]",Optimal,42.142857142857146,match,
random,1017,RND41,3,8,6,optimal,67,67,1,6,0.0002,5,0,0,0,0,0,"[0, 0, 0, 0, 0, 0, 0, 0, 0, 0]",Optimal,67.0,match,
random,1017,RND42,4,12,10,optimal,-53,-53,3,7,0.0004,11,0,0,0,6,0,"[0, 0, 0, 0, 0, 0, 0, 0, 6, 0]",Optimal,-53.0,match,
random,1017,RND43,2,10,6,optimal,93.71428571428572,93.71428571428572,1,4,0.0002,1,0,0,0,0,0,"[0, 0, 0, 0, 0, 0, 0, 0, 0, 0]",Optimal,93.71428571428571,match,
random,1017,RND44,8,3,2,optimal,8,8,1,0,0.0002,2,0,0,0,0,0,"[0, 0, 0, 0, 0, 0, 0, 0, 0, 0]",Optimal,8.0,match,
random,1017,RND45,2,8,5,optimal,94,94,3,6,0.0003,1,0,0,0,4,0,"[0, 0, 0, 0, 0, 0, 0, 0, 4, 0]",Optimal,94.0,match,
random,1017,RND46,3,5,3,optimal,-26,-26,2,3,0.0002,2,0,0,0,0,0,"[0, 0, 0, 0, 0, 0, 0, 0, 0, 0]",Optimal,-26.0,match,
random,1017,RND47,6,10,6,optimal,78.875,78.875,3,20,0.0004,5,0,0,0,0,0,"[0, 0, 0, 0, 0, 0, 0, 0, 0, 0]",Optimal,78.875,match,
random,1017,RND48,7,4,2,optimal,73,73,1,7,0.0002,1,0,0,0,0,0,"[0, 0, 0, 0, 0, 0, 0, 0, 0, 0]",Optimal,73.0,match,
random,1017,RND49,2,5,4,optimal,-2,-2,3,3,0.0002,2,1,0,1,3,0,"[1, 1, 0, 0, 0, 0, 0, 0, 3, 0]",Optimal,-2.0,match,
random,1017,RND50,6,4,4,infeasible,,,1,0,0.0005,0,1,0,1,0,0,"[1, 0, 1, 0, 1, 0, 0, 0, 0, 0]",Infeasible,0.0,match,
random,1017,RND51,2,3,3,optimal,10,10,1,2,0.0001,0,0,0,0,0,0,"[0, 0, 0, 0, 0, 0, 0, 0, 0, 0]",Optimal,10.0,match,
random,1017,RND52,6,12,9,optimal,-159.66666666666669,-159.66666666666669,9,19,0.0006,2,0,0,0,8,0,"[0, 0, 0, 0, 0, 0, 0, 0, 8, 0]",Optimal,-159.66666666666669,match,
random,1017,RND53,4,5,3,optimal,-66,-66,1,1,0.0002,2,0,0,0,0,0,"[0, 0, 0, 0, 0, 0, 0, 0, 0, 0]",Optimal,-66.0,match,
random,1017,RND54,5,7,6,optimal,-33,-33,5,11,0.0003,5,1,0,1,4,0,"[1, 1, 0, 0, 0, 0, 0, 0, 4, 0]",Optimal,-33.0,match,
random,1017,RND55,8,3,2,optimal,0,0,1,0,0.0002,1,0,0,0,0,0,"[0, 0, 0, 0, 0, 0, 0, 0, 0, 0]",Optimal,0.0,match,
random,1017,RND56,5,12,8,optimal,-77,-77,5,12,0.0005,6,0,0,0,7,0,"[0, 0, 0, 0, 0, 0, 0, 0, 7, 0]",Optimal,-77.0,match,
random,1017,RND57,8,8,5,optimal,-50.80952380952381,-50.80952380952381,7,13,0.0008,4,0,0,0,4,0,"[0, 0, 0, 0, 0, 0, 0, 0, 4, 0]",Optimal,-50.80952380952381,match,
random,1017,RND58,4,8,6,optimal,-12,-12,5,5,0.0003,8,1,0,1,4,0,"[1, 1, 0, 0, 0, 0, 0, 0, 4, 0]",Optimal,-12.0,match,
random,1017,RND59,3,3,3,optimal,-5,-5,9,6,0.0003,8,1,0,1,1,0,"[1, 1, 0, 0, 0, 0, 0, 0, 1, 0]",Optimal,-5.0,match,
random,1017,RND60,7,7,4,optimal,114.68518518518518,114.68518518518518,7,12,0.0007,4,0,0,0,4,0,"[0, 0, 0, 0, 0, 0, 0, 0, 4, 0]",Optimal,114.68518518518519,match,
random,1017,RND61,2,11,8,optimal,190,190,5,10,0.0004,4,0,0,0,7,0,"[0, 0, 0, 0, 0, 0, 0, 0, 7, 0]",Optimal,190.0,match,
random,1017,RND62,7,4,3,optimal,-33,-33,3,6,0.0003,0,0,0,0,2,0,"[0, 0, 0, 0, 0, 0, 0, 0, 2, 0]",Optimal,-33.0,match,
random,1017,RND63,4,4,4,infeasible,,,1,0,0.0002,0,1,0,1,0,0,"[1, 1, 0, 0, 0, 0, 0, 0, 0, 0]",Infeasible,0.0,match,
random,1017,RND64,2,9,6,optimal,20,20,7,7,0.0004,6,1,0,1,5,0,"[1, 0, 1, 0, 1, 0, 0, 0, 5, 0]",Optimal,20.0,match,
random,1017,RND65,2,8,6,optimal,86,86,1,6,0.0002,0,0,0,0,0,0,"[0, 0, 0, 0, 0, 0, 0, 0, 0, 0]",Optimal,86.0,match,
random,1017,RND66,7,5,5,optimal,-25,-25,1,5,0.0002,3,0,0,0,0,0,"[0, 0, 0, 0, 0, 0, 0, 0, 0, 0]",Optimal,-25.0,match,
random,1017,RND67,3,5,4,optimal,-75.71428571428571,-75.71428571428571,5,10,0.0003,2,0,0,0,0,0,"[0, 0, 0, 0, 0, 0, 0, 0, 0, 0]",Optimal,-75.71428571428571,match,
random,1017,RND68,3,11,8,optimal,-37.4,-37.4,14,21,0.0008,27,1,0,1,7,0,"[1, 1, 0, 0, 0, 0, 0, 0, 7, 0]",Optimal,-37.4,match,
random,1017,RND69,5,8,4,optimal,-66.83333333333333,-66.83333333333333,1,9,0.0002,2,0,0,0,0,0,"[0, 0, 0, 0, 0, 0, 0, 0, 0, 0]",Optimal,-66.83333333333334,match,
random,1017,RND70,8,10,9,optimal,-6,-6,41,93,0.0026,88,1,0,1,18,0,"[1, 1, 0, 0, 0, 0, 0, 0, 18, 0]",Optimal,-5.999999999999998,match,
random,1017,RND71,8,9,7,optimal,25,25,28,39,0.0019,16,2,0,2,26,0,"[2, 2, 0, 0, 0, 0, 0, 0, 26, 0]",Optimal,25.000000000000007,match,
random,1017,RND72,2,6,4,optimal,48,48,1,2,0.0002,0,0,0,0,0,0,"[0, 0, 0, 0, 0, 0, 0, 0, 0, 0]",Optimal,48.0,match,
random,1017,RND73,6,6,4,optimal,41.614035087719294,41.614035087719294,3,10,0.0003,2,0,0,0,3,0,"[0, 0, 0, 0, 0, 0, 0, 0, 3, 0]",Optimal,41.614035087719294,match,
random,1017,RND74,7,6,5,optimal,26,26,1,6,0.0002,4,0,0,0,0,0,"[0, 0, 0, 0, 0, 0, 0, 0, 0, 0]",Optimal,26.0,match,
random,1017,RND75,7,5,3,optimal,-58.535714285714285,-58.535714285714285,1,5,0.0002,3,0,0,0,0,0,"[0, 0, 0, 0, 0, 0, 0, 0, 0, 0]",Optimal,-58.535714285714285,match,
random,1017,RND76,8,5,3,optimal,-9,-9,3,7,0.0004,4,0,0,0,1,0,"[0, 0, 0, 0, 0, 0, 0, 0, 1, 0]",Optimal,-9.0,match,
random,1017,RND77,5,8,8,optimal,-66,-66,13,20,0.0006,10,1,0,1,11,0,"[1, 1, 0, 0, 0, 0, 0, 0, 11, 0]",Optimal,-66.0,match,
random,1017,RND78,3,10,8,optimal,-333,-333,1,11,0.0002,0,0,0,0,0,0,"[0, 0, 0, 0, 0, 0, 0, 0, 0, 0]",Optimal,-333.0,match,
random,1017,RND79,5,4,3,optimal,59,59,1,8,0.0001,0,0,0,0,0,0,"[0, 0, 0, 0, 0, 0, 0, 0, 0, 0]",Optimal,59.0,match,
random,1017,RND80,5,10,7,optimal,-74.4,-74.4,12,25,0.0006,12,0,0,0,8,0,"[0, 0, 0, 0, 0, 0, 0, 0, 8, 0]",Optimal,-74.39999999999999,match,
random,1017,RND81,2,10,6,optimal,-94.57142857142857,-94.57142857142857,3,5,0.0003,8,0,0,0,0,0,"[0, 0, 0, 0, 0, 0, 0, 0, 0, 0]",Optimal,-94.57142857142857,match,
random,1017,RND82,5,11,6,optimal,105,105,1,11,0.0002,4,0,0,0,0,0,"[0, 0, 0, 0, 0, 0, 0, 0, 0, 0]",Optimal,105.0,match,
random,1017,RND83,4,7,4,optimal,-73,-73,3,5,0.0003,2,0,0,0,0,0,"[0, 0, 0, 0, 0, 0, 0, 0, 0, 0]",Optimal,-73.0,match,
random,1017,RND84,2,5,5,optimal,-57,-57,1,2,0.0001,1,0,0,0,0,0,"[0, 0, 0, 0, 0, 0, 0, 0, 0, 0]",Optimal,-57.0,match,
random,1017,RND85,7,10,6,optimal,37.20689655172414,37.20689655172414,3,9,0.0004,8,0,0,0,0,0,"[0, 0, 0, 0, 0, 0, 0, 0, 0, 0]",Optimal,37.206896551724135,match,
random,1017,RND86,2,7,4,optimal,-56,-56,1,4,0.0001,0,0,0,0,0,0,"[0, 0, 0, 0, 0, 0, 0, 0, 0, 0]",Optimal,-56.0,match,
random,1017,RND87,6,10,6,optimal,39.36363636363636,39.36363636363636,5,9,0.0004,7,0,0,0,3,0,"[0, 0, 0, 0, 0, 0, 0, 0, 3, 0]",Optimal,39.36363636363637,match,
random,1017,RND88,5,12,8,optimal,-184.66666666666669,-184.66666666666669,7,24,0.0005,9,0,0,0,7,0,"[0, 0, 0, 0, 0, 0, 0, 0, 7, 0]",Optimal,-184.66666666666666,match,
random,1017,RND89,8,5,3,optimal,30.38888888888889,30.38888888888889,1,3,0.0002,3,0,0,0,0,0,"[0, 0, 0, 0, 0, 0, 0, 0, 0, 0]",Optimal,30.38888888888889,match,
random,1017,RND90,8,5,4,infeasible,,,1,0,0.0003,0,1,0,1,0,0,"[1, 1, 0, 0, 0, 0, 0, 0, 0, 0]",Infeasible,0.0,match,
random,1017,RND91,6,12,7,optimal,54,54,5,17,0.0005,6,1,0,1,6,0,"[1, 1, 0, 0, 0, 0, 0, 0, 6, 0]",Optimal,54.0,match,
random,1017,RND92,5,9,5,optimal,-82,-82,1,13,0.0003,0,0,0,0,0,0,"[0, 0, 0, 0, 0, 0, 0, 0, 0, 0]",Optimal,-82.0,match,
random,1017,RND93,8,11,8,optimal,225,225,3,13,0.0004,6,1,0,1,6,0,"[1, 1, 0, 0, 0, 0, 0, 0, 6, 0]",Optimal,225.0,match,
random,1017,RND94,8,6,5,optimal,18,18,7,16,0.0006,9,0,0,0,2,0,"[0, 0, 0, 0, 0, 0, 0, 0, 2, 0]",Optimal,17.999999999999996,match,
random,1017,RND95,3,3,3,optimal,-18,-18,5,6,0.0006,6,0,0,0,0,0,"[0, 0, 0, 0, 0, 0, 0, 0, 0, 0]",Optimal,-18.0,match,
random,1017,RND96,3,11,9,optimal,257,257,1,14,0.0002,0,0,0,0,0,0,"[0, 0, 0, 0, 0, 0, 0, 0, 0, 0]",Optimal,257.0,match,
random,1017,RND97,7,5,2,optimal,-18,-18,5,10,0.0004,4,0,0,0,1,0,"[0, 0, 0, 0, 0, 0, 0, 0, 1, 0]",Optimal,-18.0,match,
random,1017,RND98,8,5,1,optimal,49,49,3,12,0.0003,1,0,0,0,0,0,"[0, 0, 0, 0, 0, 0, 0, 0, 0, 0]",Optimal,49.0,match,
random,1017,RND99,8,9,4,optimal,31.958333333333332,31.958333333333332,5,14,0.0006,7,0,0,0,3,0,"[0, 0, 0, 0, 0, 0, 0, 0, 3, 0]",Optimal,31.958333333333332,match,
random,1018,RND0,7,9,4,optimal,4.722222222222221,4.722222222222221,3,6,0.0005,3,0,0,0,3,0,"[0, 0, 0, 0, 0, 0, 0, 0, 3, 0]",Optimal,4.722222222222222,match,
random,1018,RND1,6,12,11,optimal,-8,-8,20,31,0.0022,56,4,0,4,19,0,"[4, 2, 2, 0, 2, 0, 0, 0, 19, 0]",Optimal,-8.0,match,
random,1018,RND2,3,7,3,optimal,116,116,3,6,0.0002,1,0,0,0,0,0,"[0, 0, 0, 0, 0, 0, 0, 0, 0, 0]",Optimal,116.0,match,
random,1018,RND3,2,3,3,optimal,60,60,1,2,0.0001,2,0,0,0,0,0,"[0, 0, 0, 0, 0, 0, 0, 0, 0, 0]",Optimal,60.0,match,
random,1018,RND4,7,4,3,infeasible,,,1,0,0.0005,0,1,0,1,0,0,"[1, 0, 1, 0, 1, 0, 0, 0, 0, 0]",Infeasible,0.0,match,
random,1018,RND5,8,9,8,optimal,29.5,29.5,17,34,0.0011,33,2,0,2,5,0,"[2, 2, 0, 0, 0, 0, 0, 0, 5, 0]",Optimal,29.5,match,
random,1018,RND6,3,10,8,optimal,-171,-171,5,13,0.0004,1,0,0,0,8,0,"[0, 0, 0, 0, 0, 0, 0, 0, 8, 0]",Optimal,-171.0,match,
random,1018,RND7,5,10,8,optimal,40,40,11,21,0.0006,27,0,0,0,4,0,"[0, 0, 0, 0, 0, 0, 0, 0, 4, 0]",Optimal,39.999999999999986,match,
random,1018,RND8,8,11,7,optimal,35,35,11,21,0.0009,17,0,0,0,11,0,"[0, 0, 0, 0, 0, 0, 0, 0, 11, 0]",Optimal,35.0,match,
random,1018,RND9,7,9,4,optimal,26.25,26.25,1,9,0.0002,3,0,0,0,0,0,"[0, 0, 0, 0, 0, 0, 0, 0, 0, 0]",Optimal,26.25,match,
random,1018,RND10,6,10,9,optimal,-57.42857142857143,-57.42857142857143,19,38,0.0013,39,2,0,2,14,0,"[2, 2, 0, 0, 0, 0, 0, 0, 14, 0]",Optimal,-57.42857142857146,match,
random,1018,RND11,3,11,6,optimal,-188,-188,1,8,0.0012,0,0,0,0,0,0,"[0, 0, 0, 0, 0, 0, 0, 0, 0, 0]",Optimal,-188.0,match,
random,1018,RND12,4,8,3,optimal,-51.57831325301205,-51.57831325301205,20,25,0.0011,4,0,0,0,2,0,"[0, 0, 0, 0, 0, 0, 0, 0, 2, 0]",Optimal,-51.578313253012055,match,
random,1018,RND13,3,12,10,optimal,-27,-27,3,11,0.0005,2,0,0,0,8,0,"[0, 0, 0, 0, 0, 0, 0, 0, 8, 0]",Optimal,-27.0,match,
random,1018,RND14,2,12,6,optimal,156.5,156.5,3,12,0.0003,0,0,0,0,5,0,"[0, 0, 0, 0, 0, 0, 0, 0, 5, 0]",Optimal,156.5,match,
random,1018,RND15,2,8,7,optimal,-124.125,-124.125,5,9,0.0005,5,1,0,1,6,0,"[1, 1, 0, 0, 0, 0, 0, 0, 6, 0]",Optimal,-124.125,match,
random,1018,RND16,5,6,5,optimal,48,48,5,10,0.0005,5,0,0,0,4,0,"[0, 0, 0, 0, 0, 0, 0, 0, 4, 0]",Optimal,48.000001,match,
random,1018,RND17,5,7,5,optimal,54.714285714285715,54.714285714285715,3,9,0.0005,7,0,0,0,0,0,"[0, 0, 0, 0, 0, 0, 0, 0, 0, 0]",Optimal,54.714285714285715,match,
random,1018,RND18,6,10,8,optimal,-60.125,-60.125,5,13,0.0005,11,0,0,0,6,0,"[0, 0, 0, 0, 0, 0, 0, 0, 6, 0]",Optimal,-60.125,match,
random,1018,RND19,6,4,3,optimal,-46,-46,1,6,0.0002,3,0,0,0,0,0,"[0, 0, 0, 0, 0, 0, 0, 0, 0, 0]",Optimal,-46.000001,match,
random,1018,RND20,8,10,4,optimal,57.125,57.125,5,14,0.0005,4,0,0,0,3,0,"[0, 0, 0, 0, 0, 0, 0, 0, 3, 0]",Optimal,57.125,match,
random,1018,RND21,3,11,6,optimal,-87,-87,1,8,0.0002,0,0,0,0,0,0,"[0, 0, 0, 0, 0, 0, 0, 0, 0, 0]",Optimal,-87.0,match,
random,1018,RND22,3,7,5,optimal,104,104,1,6,0.0002,0,0,0,0,0,0,"[0, 0, 0, 0, 0, 0, 0, 0, 0, 0]",Optimal,104.0,match,
random,1018,RND23,4,9,8,optimal,96,96,7,10,0.0004,7,1,0,1,7,0,"[1, 1, 0, 0, 0, 0, 0, 0, 7, 0]",Optimal,96.0,match,
random,1018,RND24,6,10,9,optimal,129,129,3,12,0.0005,6,1,0,1,7,0,"[1, 1, 0, 0, 0, 0, 0, 0, 7, 0]",Optimal,129.0,match,
random,1018,RND25,5,10,6,optimal,73,73,1,12,0.0003,0,0,0,0,0,0,"[0, 0, 0, 0, 0, 0, 0, 0, 0, 0]",Optimal,73.0,match,
random,1018,RND26,7,6,3,optimal,-19.055555555555557,-19.055555555555557,1,3,0.0003,1,0,0,0,0,0,"[0, 0, 0, 0, 0, 0, 0, 0, 0, 0]",Optimal,-19.055555555555557,match,
random,1018,RND27,4,6,5,optimal,116.71428571428572,116.71428571428572,1,6,0.0002,1,0,0,0,0,0,"[0, 0, 0, 0, 0, 0, 0, 0, 0, 0]",Optimal,116.71428571428572,match,
random,1018,RND28,5,10,5,optimal,94.33333333333334,94.33333333333334,1,5,0.0003,3,0,0,0,0,0,"[0, 0, 0, 0, 0, 0, 0, 0, 0, 0]",Optimal,94.33333333333334,match,
random,1018,RND29,7,6,3,optimal,-25.5,-25.5,2,9,0.0002,4,0,0,0,0,0,"[0, 0, 0, 0, 0, 0, 0, 0, 0, 0]",Optimal,-25.5,match,
random,1018,RND30,4,10,6,optimal,-67,-67,5,6,0.0003,4,2,0,2,7,0,"[2, 2, 0, 0, 0, 0, 0, 0, 7, 0]",Optimal,-67.0,match,
random,1018,RND31,4,8,5,optimal,-78,-78,1,3,0.0002,1,0,0,0,0,0,"[0, 0, 0, 0, 0, 0, 0, 0, 0, 0]",Optimal,-78.0,match,
random,1018,RND32,6,5,5,optimal,-32,-32,1,4,0.0002,0,0,0,0,0,0,"[0, 0, 0, 0, 0, 0, 0, 0, 0, 0]",Optimal,-32.0,match,
random,1018,RND33,6,9,5,optimal,-9.285714285714286,-9.285714285714286,27,42,0.0093,11,0,0,0,11,0,"[0, 0, 0, 0, 0, 0, 0, 0, 11, 0]",Optimal,-9.285714285714288,match,
random,1018,RND34,6,3,2,infeasible,,,1,0,0.0002,0,1,0,1,0,0,"[1, 1, 0, 0, 0, 0, 0, 0, 0, 0]",Infeasible,0.0,match,
random,1018,RND35,5,3,3,optimal,23,23,1,3,0.0002,3,0,0,0,0,0,"[0, 0, 0, 0, 0, 0, 0, 0, 0, 0]",Optimal,23.0,match,
random,1018,RND36,7,6,4,optimal,4,4,3,3,0.0005,2,0,0,0,0,0,"[0, 0, 0, 0, 0, 0, 0, 0, 0, 0]",Optimal,4.0,match,
random,1018,RND37,4,10,9,optimal,-84,-84,1,10,0.0002,0,0,0,0,0,0,"[0, 0, 0, 0, 0, 0, 0, 0, 0, 0]",Optimal,-84.0,match,
random,1018,RND38,6,8,8,optimal,-16,-16,4,7,0.0005,9,1,0,1,0,0,"[1, 1, 0, 0, 0, 0, 0, 0, 0, 0]",Optimal,-16.0,match,
random,1018,RND39,3,4,1,infeasible,,,1,1,0.0001,0,0,0,0,0,0,"[0, 0, 0, 0, 0, 0, 0, 0, 0, 0]",Infeasible,0.0,match,
random,1018,RND40,2,10,8,optimal,121,121,1,8,0.0003,1,0,0,0,0,0,"[0, 0, 0, 0, 0, 0, 0, 0, 0, 0]",Optimal,121.0,match,
random,1018,RND41,2,3,3,infeasible,,,1,0,0.0002,1,0,0,0,0,0,"[0, 0, 0, 0, 0, 0, 0, 0, 0, 0]",Infeasible,0.0,match,
random,1018,RND42,5,7,5,optimal,-74,-74,3,9,0.0003,5,0,0,0,2,0,"[0, 0, 0, 0, 0, 0, 0, 0, 2, 0]",Optimal,-74.0,match,
random,1018,RND43,6,11,9,optimal,-20,-20,13,19,0.0007,27,0,0,0,0,0,"[0, 0, 0, 0, 0, 0, 0, 0, 0, 0]",Optimal,-20.0,match,
random,1018,RND44,2,5,4,optimal,-24,-24,3,4,0.0002,2,0,0,0,0,0,"[0, 0, 0, 0, 0, 0, 0, 0, 0, 0]",Optimal,-24.0,match,
random,1018,RND45,4,12,8,optimal,62,62,9,18,0.0004,9,0,0,0,0,0,"[0, 0, 0, 0, 0, 0, 0, 0, 0, 0]",Optimal,62.0,match,
random,1018,RND46,4,5,4,optimal,-9,-9,1,1,0.0002,3,0,0,0,0,0,"[0, 0, 0, 0, 0, 0, 0, 0, 0, 0]",Optimal,-9.0,match,
random,1018,RND47,6,9,8,optimal,22,22,14,17,0.0008,26,2,0,2,19,0,"[2, 2, 0, 0, 0, 0, 0, 0, 19, 0]",Optimal,22.0,match,
random,1018,RND48,5,3,2,infeasible,,,1,0,0.0002,0,1,0,1,0,0,"[1, 1, 0, 0, 0, 0, 0, 0, 0, 0]",Infeasible,0.0,match,
random,1018,RND49,5,9,7,optimal,-28,-28,3,7,0.0003,5,0,0,0,6,0,"[0, 0, 0, 0, 0, 0, 0, 0, 6, 0]",Optimal,-28.0,match,
random,1018,RND50,6,6,4,optimal,-9.958333333333334,-9.958333333333334,5,13,0.0003,2,0,0,0,0,0,"[0, 0, 0, 0, 0, 0, 0, 0, 0, 0]",Optimal,-9.958333333333334,match,
random,1018,RND51,3,4,4,optimal,-40,-40,1,1,0.0001,2,0,0,0,0,0,"[0, 0, 0, 0, 0, 0, 0, 0, 0, 0]",Optimal,-40.0,match,
random,1018,RND52,5,12,11,optimal,95,95,17,24,0.0014,53,2,0,2,19,0,"[2, 1, 1, 0, 1, 0, 0, 0, 19, 0]",Optimal,95.0,match,
random,1018,RND53,6,8,6,optimal,64.74074074074075,64.74074074074075,5,8,0.0006,3,0,0,0,6,0,"[0, 0, 0, 0, 0, 0, 0, 0, 6, 0]",Optimal,64.74074074074075,match,
random,1018,RND54,2,9,8,optimal,-112,-112,7,13,0.0004,1,1,0,1,13,0,"[1, 1, 0, 0, 0, 0, 0, 0, 13, 0]",Optimal,-112.0,match,
random,1018,RND55,7,8,7,optimal,-57,-57,3,8,0.0003,12,0,0,0,0,0,"[0, 0, 0, 0, 0, 0, 0, 0, 0, 0]",Optimal,-57.0,match,
random,1018,RND56,2,10,9,optimal,-174,-174,3,7,0.0003,1,1,0,1,0,0,"[1, 0, 1, 0, 1, 0, 0, 0, 0, 0]",Optimal,-174.0,match,
random,1018,RND57,2,5,1,optimal,-111.5,-111.5,1,4,0.0001,0,0,0,0,0,0,"[0, 0, 0, 0, 0, 0, 0, 0, 0, 0]",Optimal,-111.5,match,
random,1018,RND58,8,8,6,optimal,105,105,3,6,0.0003,4,1,0,1,5,0,"[1, 1, 0, 0, 0, 0, 0, 0, 5, 0]",Optimal,105.0,match,
random,1018,RND59,6,10,6,optimal,-72.4,-72.4,7,21,0.001,10,0,0,0,0,0,"[0, 0, 0, 0, 0, 0, 0, 0, 0, 0]",Optimal,-72.4,match,
random,1018,RND60,7,7,5,optimal,7,7,5,11,0.0003,11,0,0,0,0,0,"[0, 0, 0, 0, 0, 0, 0, 0, 0, 0]",Optimal,7.0,match,
random,1018,RND61,3,5,4,optimal,127,127,1,3,0.0001,3,0,0,0,0,0,"[0, 0, 0, 0, 0, 0, 0, 0, 0, 0]",Optimal,127.0,match,
random,1018,RND62,6,4,3,optimal,6,6,1,4,0.0002,3,0,0,0,0,0,"[0, 0, 0, 0, 0, 0, 0, 0, 0, 0]",Optimal,6.0,match,
random,1018,RND63,7,4,2,optimal,12,12,5,10,0.0003,3,0,0,0,0,0,"[0, 0, 0, 0, 0, 0, 0, 0, 0, 0]",Optimal,12.0,match,
random,1018,RND64,6,6,3,optimal,41.8,41.8,3,6,0.0003,4,0,0,0,0,0,"[0, 0, 0, 0, 0, 0, 0, 0, 0, 0]",Optimal,41.8,match,
random,1018,RND65,2,9,5,optimal,-185,-185,1,9,0.0002,0,0,0,0,0,0,"[0, 0, 0, 0, 0, 0, 0, 0, 0, 0]",Optimal,-185.0,match,
random,1018,RND66,2,11,6,optimal,34.375,34.375,1,3,0.0002,3,0,0,0,0,0,"[0, 0, 0, 0, 0, 0, 0, 0, 0, 0]",Optimal,34.375,match,
random,1018,RND67,4,8,6,optimal,-21,-21,7,14,0.0004,1,0,0,0,6,0,"[0, 0, 0, 0, 0, 0, 0, 0, 6, 0]",Optimal,-21.0,match,
random,1018,RND68,3,5,5,optimal,-27,-27,3,3,0.0005,3,1,0,1,4,0,"[1, 1, 0, 0, 0, 0, 0, 0, 4, 0]",Optimal,-27.0,match,
random,1018,RND69,4,5,4,optimal,0.25,0.25,1,2,0.0002,3,0,0,0,0,0,"[0, 0, 0, 0, 0, 0, 0, 0, 0, 0]",Optimal,0.25,match,
random,1018,RND70,8,8,4,optimal,117,117,1,9,0.0002,2,0,0,0,0,0,"[0, 0, 0, 0, 0, 0, 0, 0, 0, 0]",Optimal,117.0,match,
random,1018,RND71,6,5,5,optimal,1,1,1,1,0.0002,4,0,0,0,0,0,"[0, 0, 0, 0, 0, 0, 0, 0, 0, 0]",Optimal,1.0,match,
random,1018,RND72,8,4,4,optimal,2,2,6,13,0.0004,10,0,0,0,2,0,"[0, 0, 0, 0, 0, 0, 0, 0, 2, 0]",Optimal,2.0,match,
random,1018,RND73,2,8,8,optimal,201,201,1,11,0.0002,0,0,0,0,0,0,"[0, 0, 0, 0, 0, 0, 0, 0, 0, 0]",Optimal,201.0,match,
random,1018,RND74,3,11,7,optimal,102,102,1,5,0.0002,3,0,0,0,0,0,"[0, 0, 0, 0, 0, 0, 0, 0, 0, 0]",Optimal,102.0,match,
random,1018,RND75,8,10,8,optimal,-31.74074074074074,-31.74074074074074,10,20,0.0008,19,3,0,3,6,0,"[3, 2, 1, 0, 1, 0, 0, 0, 6, 0]",Optimal,-31.74074074074074,match,
random,1018,RND76,2,8,6,optimal,121,121,1,2,0.0002,1,0,0,0,0,0,"[0, 0, 0, 0, 0, 0, 0, 0, 0, 0]",Optimal,121.0,match,
random,1018,RND77,4,9,7,optimal,31.857142857142858,31.857142857142858,12,15,0.0006,7,0,0,0,11,0,"[0, 0, 0, 0, 0, 0, 0, 0, 11, 0]",Optimal,31.857142857142858,match,
random,1018,RND78,7,9,8,optimal,-13.666666666666668,-13.666666666666668,9,11,0.0008,16,2,0,2,13,0,"[2, 2, 0, 0, 0, 0, 0, 0, 13, 0]",Optimal,-13.666666666666668,match,
random,1018,RND79,3,3,1,optimal,19.5,19.5,1,2,0.0003,1,0,0,0,0,0,"[0, 0, 0, 0, 0, 0, 0, 0, 0, 0]",Optimal,19.5,match,
random,1018,RND80,4,6,5,optimal,33,33,8,9,0.0003,15,0,0,0,0,0,"[0, 0, 0, 0, 0, 0, 0, 0, 0, 0]",Optimal,33.0,match,
random,1018,RND81,3,12,11,optimal,137,137,1,9,0.0002,3,0,0,0,0,0,"[0, 0, 0, 0, 0, 0, 0, 0, 0, 0]",Optimal,137.0,match,
random,1018,RND82,6,4,2,optimal,-51,-51,3,9,0.0002,3,0,0,0,0,0,"[0, 0, 0, 0, 0, 0, 0, 0, 0, 0]",Optimal,-51.0,match,
random,1018,RND83,7,4,3,optimal,-5,-5,1,0,0.0001,3,0,0,0,0,0,"[0, 0, 0, 0, 0, 0, 0, 0, 0, 0]",Optimal,-5.0,match,
random,1018,RND84,5,3,2,optimal,-3.25,-3.25,3,5,0.0002,4,0,0,0,0,0,"[0, 0, 0, 0, 0, 0, 0, 0, 0, 0]",Optimal,-3.25,match,
random,1018,RND85,8,11,8,optimal,32.77777777777778,32.77777777777778,3,13,0.0004,7,0,0,0,0,0,"[0, 0, 0, 0, 0, 0, 0, 0, 0, 0]",Optimal,32.77777777777778,match,
random,1018,RND86,7,6,3,optimal,-6.666666666666667,-6.666666666666667,3,6,0.0003,4,0,0,0,0,0,"[0, 0, 0, 0, 0, 0, 0, 0, 0, 0]",Optimal,-6.66666666666667,match,
random,1018,RND87,2,10,8,optimal,75.22222222222223,75.22222222222223,1,5,0.0001,2,0,0,0,0,0,"[0, 0, 0, 0, 0, 0, 0, 0, 0, 0]",Optimal,75.22222222222223,match,
random,1018,RND88,4,5,5,optimal,-84,-84,3,8,0.0002,2,0,0,0,0,0,"[0, 0, 0, 0, 0, 0, 0, 0, 0, 0]",Optimal,-84.0,match,
random,1018,RND89,6,4,3,optimal,30,30,1,1,0.0003,2,0,0,0,0,0,"[0, 0, 0, 0, 0, 0, 0, 0, 0, 0]",Optimal,30.0,match,
random,1018,RND90,8,10,9,optimal,15,15,6,18,0.0007,13,0,0,0,10,0,"[0, 0, 0, 0, 0, 0, 0, 0, 10, 0]",Optimal,15.0,match,
random,1018,RND91,2,12,11,optimal,-230,-230,8,14,0.0005,5,1,0,1,19,0,"[1, 1, 0, 0, 0, 0, 0, 0, 19, 0]",Optimal,-230.0,match,
random,1018,RND92,3,10,8,optimal,-93.97619047619047,-93.97619047619047,3,9,0.0002,3,0,0,0,0,0,"[0, 0, 0, 0, 0, 0, 0, 0, 0, 0]",Optimal,-93.97619047619048,match,
random,1018,RND93,7,12,10,optimal,34,34,11,15,0.0009,27,1,0,1,19,0,"[1, 1, 0, 0, 0, 0, 0, 0, 19, 0]",Optimal,34.0,match,
random,1018,RND94,6,4,2,optimal,61,61,1,6,0.0002,2,0,0,0,0,0,"[0, 0, 0, 0, 0, 0, 0, 0, 0, 0]",Optimal,61.0,match,
random,1018,RND95,5,9,6,optimal,10.333333333333332,10.333333333333332,1,2,0.0002,4,0,0,0,0,0,"[0, 0, 0, 0, 0, 0, 0, 0, 0, 0]",Optimal,10.333333333333332,match,
random,1018,RND96,7,8,6,optimal,31.36986301369863,31.36986301369863,1,5,0.0002,1,0,0,0,0,0,"[0, 0, 0, 0, 0, 0, 0, 0, 0, 0]",Optimal,31.36986301369863,match,
random,1018,RND97,7,6,3,optimal,-10,-10,1,4,0.0002,2,0,0,0,0,0,"[0, 0, 0, 0, 0, 0, 0, 0, 0, 0]",Optimal,-10.0,match,
random,1018,RND98,6,8,6,optimal,45.75,45.75,13,26,0.001,10,0,0,0,3,0,"[0, 0, 0, 0, 0, 0, 0, 0, 3, 0]",Optimal,45.75,match,
random,1018,RND99,2,12,10,optimal,-6,-6,1,3,0.0001,4,0,0,0,0,0,"[0, 0, 0, 0, 0, 0, 0, 0, 0, 0]",Optimal,-6.0,match,
random,1019,RND0,4,3,2,optimal,-4,-4,1,1,0.0001,2,0,0,0,0,0,"[0, 0, 0, 0, 0, 0, 0, 0, 0, 0]",Optimal,-4.0,match,
random,1019,RND1,5,4,3,optimal,-48,-48,3,7,0.0003,4,0,0,0,0,0,"[0, 0, 0, 0, 0, 0, 0, 0, 0, 0]",Optimal,-48.00000000000001,match,
random,1019,RND2,3,7,4,optimal,-176,-176,1,8,0.0002,0,0,0,0,0,0,"[0, 0, 0, 0, 0, 0, 0, 0, 0, 0]",Optimal,-176.0,match,
random,1019,RND3,4,8,7,optimal,-190,-190,7,16,0.0007,11,0,0,0,8,0,"[0, 0, 0, 0, 0, 0, 0, 0, 8, 0]",Optimal,-190.0,match,
random,1019,RND4,2,9,7,optimal,124,124,3,5,0.0003,2,1,0,1,6,0,"[1, 1, 0, 0, 0, 0, 0, 0, 6, 0]",Optimal,124.0,match,
random,1019,RND5,6,9,5,optimal,51.44155844155844,51.44155844155844,6,10,0.0005,1,0,0,0,0,0,"[0, 0, 0, 0, 0, 0, 0, 0, 0, 0]",Optimal,51.44155844155844,match,
random,1019,RND6,3,10,6,optimal,-20.25,-20.25,1,2,0.0002,1,0,0,0,0,0,"[0, 0, 0, 0, 0, 0, 0, 0, 0, 0]",Optimal,-20.25,match,
random,1019,RND7,5,7,6,optimal,-79.77777777777777,-79.77777777777777,10,12,0.0005,18,0,0,0,0,0,"[0, 0, 0, 0, 0, 0, 0, 0, 0, 0]",Optimal,-79.77777777777777,match,
random,1019,RND8,7,5,2,optimal,-28.5,-28.5,1,8,0.0002,1,0,0,0,0,0,"[0, 0, 0, 0, 0, 0, 0, 0, 0, 0]",Optimal,-28.5,match,
random,1019,RND9,5,7,5,optimal,-52.06666666666666,-52.06666666666667,11,19,0.001,6,1,0,1,6,0,"[1, 1, 0, 0, 0, 0, 0, 0, 6, 0]",Optimal,-52.06666666666666,match,
random,1019,RND10,4,5,5,optimal,0,0,3,2,0.0002,7,0,0,0,0,0,"[0, 0, 0, 0, 0, 0, 0, 0, 0, 0]",Optimal,-0.0,match,
random,1019,RND11,7,9,6,optimal,-112.14814814814815,-112.14814814814815,3,10,0.0004,7,0,0,0,4,0,"[0, 0, 0, 0, 0, 0, 0, 0, 4, 0]",Optimal,-112.14814814814815,match,
random,1019,RND12,6,3,2,optimal,-32.2,-32.2,5,6,0.0004,2,1,0,1,1,0,"[1, 1, 0, 0, 0, 0, 0, 0, 1, 0]",Optimal,-32.2,match,
random,1019,RND13,7,10,5,optimal,-46.5,-46.5,3,10,0.0003,1,0,0,0,0,0,"[0, 0, 0, 0, 0, 0, 0, 0, 0, 0]",Optimal,-46.5,match,
random,1019,RND14,4,6,4,optimal,-107.57142857142857,-107.57142857142857,1,7,0.0003,1,0,0,0,0,0,"[0, 0, 0, 0, 0, 0, 0, 0, 0, 0]",Optimal,-107.57142857142857,match,
random,1019,RND15,3,4,2,optimal,-7,-7,11,17,0.0004,6,0,0,0,0,0,"[0, 0, 0, 0, 0, 0, 0, 0, 0, 0]",Optimal,-7.0,match,
random,1019,RND16,4,5,2,optimal,85,85,1,5,0.0002,0,0,0,0,0,0,"[0, 0, 0, 0, 0, 0, 0, 0, 0, 0]",Optimal,85.0,match,
random,1019,RND17,4,3,3,optimal,74,74,1,3,0.0002,1,0,0,0,0,0,"[0, 0, 0, 0, 0, 0, 0, 0, 0, 0]",Optimal,74.0,match,
random,1019,RND18,5,5,2,optimal,-26,-26,1,3,0.0002,1,0,0,0,0,0,"[0, 0, 0, 0, 0, 0, 0, 0, 0, 0]",Optimal,-26.0,match,
random,1019,RND19,7,7,3,optimal,22.11931818181818,22.11931818181818,1,7,0.0002,2,0,0,0,0,0,"[0, 0, 0, 0, 0, 0, 0, 0, 0, 0]",Optimal,22.11931818181818,match,
random,1019,RND20,2,5,2,optimal,-13.25,-13.25,1,4,0.0002,0,0,0,0,0,0,"[0, 0, 0, 0, 0, 0, 0, 0, 0, 0]",Optimal,-13.25,match,
random,1019,RND21,3,11,8,optimal,104,104,9,20,0.0004,6,0,0,0,8,0,"[0, 0, 0, 0, 0, 0, 0, 0, 8, 0]",Optimal,104.0,match,
random,1019,RND22,2,9,7,optimal,102.42857142857143,102.42857142857143,1,5,0.0002,4,0,0,0,0,0,"[0, 0, 0, 0, 0, 0, 0, 0, 0, 0]",Optimal,102.42857142857143,match,
random,1019,RND23,6,9,6,optimal,-77,-77,3,10,0.0003,4,0,0,0,0,0,"[0, 0, 0, 0, 0, 0, 0, 0, 0, 0]",Optimal,-77.0,match,
random,1019,RND24,8,8,7,optimal,43,43,7,13,0.0005,11,1,0,1,10,0,"[1, 1, 0, 0, 0, 0, 0, 0, 10, 0]",Optimal,43.0,match,
random,1019,RND25,8,8,7,optimal,-34.4,-34.4,9,28,0.0008,15,0,0,0,7,0,"[0, 0, 0, 0, 0, 0, 0, 0, 7, 0]",Optimal,-34.4,match,
random,1019,RND26,4,12,9,optimal,109,109,7,15,0.0004,7,2,0,2,15,0,"[2, 2, 0, 0, 0, 0, 0, 0, 15, 0]",Optimal,109.0,match,
random,1019,RND27,7,6,4,optimal,-33,-33,7,15,0.0005,9,0,0,0,0,0,"[0, 0, 0, 0, 0, 0, 0, 0, 0, 0]",Optimal,-33.0,match,
random,1019,RND28,8,6,5,optimal,0.25,0.25,8,14,0.0005,13,0,0,0,3,0,"[0, 0, 0, 0, 0, 0, 0, 0, 3, 0]",Optimal,0.25,match,
random,1019,RND29,4,12,10,optimal,46.44444444444444,46.44444444444444,7,8,0.0013,12,1,0,1,10,0,"[1, 1, 0, 0, 0, 0, 0, 0, 10, 0]",Optimal,46.44444444444444,match,
random,1019,RND30,5,3,2,infeasible,,,1,0,0.0001,0,1,0,1,0,0,"[1, 1, 0, 0, 0, 0, 0, 0, 0, 0]",Infeasible,0.0,match,
random,1019,RND31,7,11,8,optimal,-37.66666666666667,-37.66666666666667,14,29,0.0011,7,0,0,0,12,0,"[0, 0, 0, 0, 0, 0, 0, 0, 12, 0]",Optimal,-37.66666666666667,match,
random,1019,RND32,7,7,5,optimal,-10.5,-10.5,15,21,0.0007,8,0,0,0,3,0,"[0, 0, 0, 0, 0, 0, 0, 0, 3, 0]",Optimal,-10.500000000000004,match,
random,1019,RND33,2,12,6,optimal,-36.66666666666667,-36.66666666666667,21,29,0.0005,11,0,0,0,7,0,"[0, 0, 0, 0, 0, 0, 0, 0, 7, 0]",Optimal,-36.666667385416666,match,
random,1019,RND34,4,7,4,optimal,-118.66666666666667,-118.66666666666667,3,8,0.0003,1,0,0,0,0,0,"[0, 0, 0, 0, 0, 0, 0, 0, 0, 0]",Optimal,-118.66666666666667,match,
random,1019,RND35,8,3,3,infeasible,,,1,0,0.0002,0,1,0,1,0,0,"[1, 1, 0, 0, 0, 0, 0, 0, 0, 0]",Infeasible,0.0,match,
random,1019,RND36,3,3,3,optimal,7,7,1,1,0.0002,3,0,0,0,0,0,"[0, 0, 0, 0, 0, 0, 0, 0, 0, 0]",Optimal,7.0,match,
random,1019,RND37,5,12,8,optimal,-53,-53,1,15,0.0002,1,0,0,0,0,0,"[0, 0, 0, 0, 0, 0, 0, 0, 0, 0]",Optimal,-53.0,match,
random,1019,RND38,3,9,7,optimal,-87,-87,7,13,0.0003,8,0,0,0,5,0,"[0, 0, 0, 0, 0, 0, 0, 0, 5, 0]",Optimal,-87.0,match,
random,1019,RND39,6,8,5,optimal,-9,-9,3,3,0.0003,4,1,0,1,4,0,"[1, 1, 0, 0, 0, 0, 0, 0, 4, 0]",Optimal,-9.0,match,
random,1019,RND40,5,6,3,optimal,41,41,3,9,0.0003,1,0,0,0,2,0,"[0, 0, 0, 0, 0, 0, 0, 0, 2, 0]",Optimal,41.0,match,
random,1019,RND41,7,12,7,optimal,-26,-26,7,19,0.0006,7,0,0,0,5,0,"[0, 0, 0, 0, 0, 0, 0, 0, 5, 0]",Optimal,-26.0,match,
random,1019,RND42,4,10,1,optimal,-58,-58,1,6,0.0002,1,0,0,0,0,0,"[0, 0, 0, 0, 0, 0, 0, 0, 0, 0]",Optimal,-58.0,match,
random,1019,RND43,3,3,3,infeasible,,,1,1,0.0002,1,0,0,0,0,0,"[0, 0, 0, 0, 0, 0, 0, 0, 0, 0]",Infeasible,0.0,match,
random,1019,RND44,4,5,5,infeasible,,,1,0,0.0001,4,0,0,0,0,0,"[0, 0, 0, 0, 0, 0, 0, 0, 0, 0]",Infeasible,0.0,match,
random,1019,RND45,2,12,6,optimal,-162,-162,1,5,0.0003,2,0,0,0,0,0,"[0, 0, 0, 0, 0, 0, 0, 0, 0, 0]",Optimal,-162.0,match,
random,1019,RND46,5,5,2,optimal,9.6,9.6,1,2,0.0001,2,0,0,0,0,0,"[0, 0, 0, 0, 0, 0, 0, 0, 0, 0]",Optimal,9.6,match,
random,1019,RND47,3,8,6,optimal,-43,-43,3,4,0.0002,7,0,0,0,0,0,"[0, 0, 0, 0, 0, 0, 0, 0, 0, 0]",Optimal,-43.0,match,
random,1019,RND48,8,3,2,optimal,33,33,3,10,0.0003,1,0,0,0,1,0,"[0, 0, 0, 0, 0, 0, 0, 0, 1, 0]",Optimal,33.0,match,
random,1019,RND49,4,7,5,optimal,-47,-47,1,5,0.0002,0,0,0,0,0,0,"[0, 0, 0, 0, 0, 0, 0, 0, 0, 0]",Optimal,-47.0,match,
random,1019,RND50,3,8,5,optimal,-69,-69,3,6,0.0002,5,0,0,0,0,0,"[0, 0, 0, 0, 0, 0, 0, 0, 0, 0]",Optimal,-69.0,match,
random,1019,RND51,4,5,2,optimal,15.333333333333332,15.333333333333332,1,2,0.0002,2,0,0,0,0,0,"[0, 0, 0, 0, 0, 0, 0, 0, 0, 0]",Optimal,15.333333333333332,match,
random,1019,RND52,7,9,8,optimal,59.333333333333336,59.333333333333336,3,10,0.0003,11,0,0,0,0,0,"[0, 0, 0, 0, 0, 0, 0, 0, 0, 0]",Optimal,59.33333353333333,match,
random,1019,RND53,7,12,7,optimal,-47.44444444444444,-47.44444444444444,3,11,0.0005,6,0,0,0,5,0,"[0, 0, 0, 0, 0, 0, 0, 0, 5, 0]",Optimal,-47.44444444444444,match,
random,1019,RND54,4,8,8,optimal,-82,-82,3,7,0.0003,3,1,0,1,6,0,"[1, 1, 0, 0, 0, 0, 0, 0, 6, 0]",Optimal,-82.0,match,
random,1019,RND55,7,6,6,infeasible,,,1,0,0.0002,0,1,0,1,0,0,"[1, 1, 0, 0, 0, 0, 0, 0, 0, 0]",Infeasible,0.0,match,
random,1019,RND56,3,4,2,optimal,125,125,1,5,0.0001,1,0,0,0,0,0,"[0, 0, 0, 0, 0, 0, 0, 0, 0, 0]",Optimal,125.0,match,
random,1019,RND57,8,6,5,optimal,-9,-9,7,20,0.0007,7,0,0,0,3,0,"[0, 0, 0, 0, 0, 0, 0, 0, 3, 0]",Optimal,-9.000001,match,
random,1019,RND58,2,12,9,optimal,-46,-46,7,12,0.0003,15,1,0,1,7,0,"[1, 1, 0, 0, 0, 0, 0, 0, 7, 0]",Optimal,-46.0,match,
random,1019,RND59,4,10,8,optimal,-104,-104,1,11,0.0002,0,0,0,0,0,0,"[0, 0, 0, 0, 0, 0, 0, 0, 0, 0]",Optimal,-104.0,match,
random,1019,RND60,3,4,3,optimal,-24,-24,1,1,0.0002,0,0,0,0,0,0,"[0, 0, 0, 0, 0, 0, 0, 0, 0, 0]",Optimal,-24.0,match,
random,1019,RND61,3,4,4,optimal,-63,-63,1,5,0.0002,1,0,0,0,0,0,"[0, 0, 0, 0, 0, 0, 0, 0, 0, 0]",Optimal,-63.0,match,
random,1019,RND62,5,4,3,optimal,-22.75,-22.75,1,2,0.0002,2,0,0,0,0,0,"[0, 0, 0, 0, 0, 0, 0, 0, 0, 0]",Optimal,-22.75,match,
random,1019,RND63,4,5,3,optimal,-9,-9,3,3,0.0003,0,0,0,0,2,0,"[0, 0, 0, 0, 0, 0, 0, 0, 2, 0]",Optimal,-8.999999,match,
random,1019,RND64,7,4,3,infeasible,,,1,0,0.0002,0,1,0,1,0,0,"[1, 1, 0, 0, 0, 0, 0, 0, 0, 0]",Infeasible,0.0,match,
random,1019,RND65,3,6,5,optimal,19.666666666666668,19.666666666666668,12,14,0.0004,3,0,0,0,5,0,"[0, 0, 0, 0, 0, 0, 0, 0, 5, 0]",Optimal,19.66666666666667,match,
random,1019,RND66,8,6,2,optimal,-90.23611111111111,-90.23611111111111,3,9,0.0003,2,0,0,0,0,0,"[0, 0, 0, 0, 0, 0, 0, 0, 0, 0]",Optimal,-90.23611111111113,match,
random,1019,RND67,7,5,3,optimal,45,45,3,7,0.0002,5,0,0,0,0,0,"[0, 0, 0, 0, 0, 0, 0, 0, 0, 0]",Optimal,45.0,match,
random,1019,RND68,2,12,10,optimal,122,122,1,5,0.0002,2,0,0,0,0,0,"[0, 0, 0, 0, 0, 0, 0, 0, 0, 0]",Optimal,122.0,match,
random,1019,RND69,3,9,6,optimal,-38.666666666666664,-38.666666666666664,5,9,0.0002,4,0,0,0,0,0,"[0, 0, 0, 0, 0, 0, 0, 0, 0, 0]",Optimal,-38.66666666666667,match,
random,1019,RND70,3,10,7,optimal,-87,-87,1,5,0.0002,3,0,0,0,0,0,"[0, 0, 0, 0, 0, 0, 0, 0, 0, 0]",Optimal,-87.0,match,
random,1019,RND71,3,9,5,optimal,177.57142857142856,177.57142857142856,1,13,0.0002,0,0,0,0,0,0,"[0, 0, 0, 0, 0, 0, 0, 0, 0, 0]",Optimal,177.57142857142856,match,
random,1019,RND72,5,8,6,optimal,36.333333333333336,36.333333333333336,1,9,0.0002,3,0,0,0,0,0,"[0, 0, 0, 0, 0, 0, 0, 0, 0, 0]",Optimal,36.333333333333336,match,
random,1019,RND73,3,10,6,optimal,-150,-150,1,14,0.0003,0,0,0,0,0,0,"[0, 0, 0, 0, 0, 0, 0, 0, 0, 0]",Optimal,-150.0,match,
random,1019,RND74,6,5,4,optimal,-32,-32,5,6,0.0005,10,0,0,0,2,0,"[0, 0, 0, 0, 0, 0, 0, 0, 2, 0]",Optimal,-32.0,match,
random,1019,RND75,8,6,4,optimal,-24,-24,5,12,0.0004,4,0,0,0,3,0,"[0, 0, 0, 0, 0, 0, 0, 0, 3, 0]",Optimal,-24.0,match,
random,1019,RND76,7,7,4,optimal,-19.285714285714285,-19.285714285714285,5,11,0.0006,3,0,0,0,2,0,"[0, 0, 0, 0, 0, 0, 0, 0, 2, 0]",Optimal,-19.285714285714285,match,
random,1019,RND77,5,9,5,optimal,75,75,5,10,0.0004,3,0,0,0,4,0,"[0, 0, 0, 0, 0, 0, 0, 0, 4, 0]",Optimal,75.0,match,
random,1019,RND78,2,9,5,optimal,121,121,1,3,0.0001,2,0,0,0,0,0,"[0, 0, 0, 0, 0, 0, 0, 0, 0, 0]",Optimal,121.0,match,
random,1019,RND79,4,7,3,optimal,351,351,1,14,0.0002,0,0,0,0,0,0,"[0, 0, 0, 0, 0, 0, 0, 0, 0, 0]",Optimal,351.0,match,
random,1019,RND80,3,7,5,optimal,12,12,1,4,0.0002,0,0,0,0,0,0,"[0, 0, 0, 0, 0, 0, 0, 0, 0, 0]",Optimal,12.0,match,
random,1019,RND81,4,9,6,optimal,101,101,1,11,0.0002,1,0,0,0,0,0,"[0, 0, 0, 0, 0, 0, 0, 0, 0, 0]",Optimal,101.0,match,
random,1019,RND82,8,11,9,optimal,-76.42857142857143,-76.42857142857143,23,48,0.002,22,0,0,0,23,0,"[0, 0, 0, 0, 0, 0, 0, 0, 23, 0]",Optimal,-76.42857142857143,match,
random,1019,RND83,4,3,3,optimal,-44,-44,1,2,0.0002,2,0,0,0,0,0,"[0, 0, 0, 0, 0, 0, 0, 0, 0, 0]",Optimal,-44.0,match,
random,1019,RND84,2,3,2,optimal,38,38,1,5,0.0001,0,0,0,0,0,0,"[0, 0, 0, 0, 0, 0, 0, 0, 0, 0]",Optimal,38.0,match,
random,1019,RND85,6,12,10,optimal,-175,-175,6,18,0.0008,10,0,0,0,16,0,"[0, 0, 0, 0, 0, 0, 0, 0, 16, 0]",Optimal,-175.0,match,
random,1019,RND86,2,11,7,optimal,132,132,1,4,0.0002,6,0,0,0,0,0,"[0, 0, 0, 0, 0, 0, 0, 0, 0, 0]",Optimal,132.0,match,
random,1019,RND87,5,8,7,optimal,-82,-82,3,11,0.0006,9,0,0,0,0,0,"[0, 0, 0, 0, 0, 0, 0, 0, 0, 0]",Optimal,-82.0,match,
random,1019,RND88,2,9,8,optimal,135,135,3,7,0.0003,3,1,0,1,7,0,"[1, 1, 0, 0, 0, 0, 0, 0, 7, 0]",Optimal,135.0,match,
random,1019,RND89,7,11,4,optimal,60.03571428571429,60.03571428571429,5,12,0.0004,4,0,0,0,0,0,"[0, 0, 0, 0, 0, 0, 0, 0, 0, 0]",Optimal,60.03571428571429,match,
random,1019,RND90,2,8,6,optimal,-152,-152,1,7,0.0002,0,0,0,0,0,0,"[0, 0, 0, 0, 0, 0, 0, 0, 0, 0]",Optimal,-152.0,match,
random,1019,RND91,5,6,5,optimal,-111.875,-111.875,1,4,0.0002,3,0,0,0,0,0,"[0, 0, 0, 0, 0, 0, 0, 0, 0, 0]",Optimal,-111.875,match,
random,1019,RND92,5,5,5,optimal,-149,-149,3,9,0.0002,7,0,0,0,0,0,"[0, 0, 0, 0, 0, 0, 0, 0, 0, 0]",Optimal,-149.0,match,
random,1019,RND93,2,9,7,optimal,-145.22222222222223,-145.22222222222223,1,4,0.0002,0,0,0,0,0,0,"[0, 0, 0, 0, 0, 0, 0, 0, 0, 0]",Optimal,-145.22222222222223,match,
random,1019,RND94,4,4,4,optimal,-14,-14,7,8,0.0003,6,1,0,1,3,0,"[1, 1, 0, 0, 0, 0, 0, 0, 3, 0]",Optimal,-14.0,match,
random,1019,RND95,5,6,4,optimal,76.57142857142857,76.57142857142857,1,4,0.0002,1,0,0,0,0,0,"[0, 0, 0, 0, 0, 0, 0, 0, 0, 0]",Optimal,76.57142857142857,match,
random,1019,RND96,6,10,5,optimal,103.6,103.6,5,13,0.0003,1,0,0,0,0,0,"[0, 0, 0, 0, 0, 0, 0, 0, 0, 0]",Optimal,103.6,match,
random,1019,RND97,4,4,4,optimal,-46,-46,13,12,0.0007,7,1,0,1,5,0,"[1, 1, 0, 0, 0, 0, 0, 0, 5, 0]",Optimal,-46.0,match,
random,1019,RND98,3,8,5,optimal,-29.333333333333332,-29.333333333333332,3,8,0.0004,3,0,0,0,4,0,"[0, 0, 0, 0, 0, 0, 0, 0, 4, 0]",Optimal,-29.333333333333332,match,
random,1019,RND99,6,3,0,optimal,2.5714285714285716,,,1,0.0002,,,,,,,,Optimal,2.5714285714285716,match,
random,1020,RND0,2,4,3,optimal,75,75,3,6,0.0002,4,0,0,0,0,0,"[0, 0, 0, 0, 0, 0, 0, 0, 0, 0]",Optimal,75.0,match,
random,1020,RND1,8,4,1,infeasible,,,1,0,0.0002,0,1,0,1,0,0,"[1, 1, 0, 0, 0, 0, 0, 0, 0, 0]",Infeasible,0.0,match,
random,1020,RND2,7,6,5,optimal,-32,-32,1,6,0.0003,0,0,0,0,0,0,"[0, 0, 0, 0, 0, 0, 0, 0, 0, 0]",Optimal,-32.0,match,
random,1020,RND3,4,8,6,optimal,-42,-42,5,13,0.0004,0,0,0,0,5,0,"[0, 0, 0, 0, 0, 0, 0, 0, 5, 0]",Optimal,-42.0,match,
random,1020,RND4,7,4,1,optimal,17.433962264150942,17.433962264150942,1,4,0.0003,1,0,0,0,0,0,"[0, 0, 0, 0, 0, 0, 0, 0, 0, 0]",Optimal,17.433962264150942,match,
random,1020,RND5,6,3,2,infeasible,,,1,1,0.0002,2,0,0,0,0,0,"[0, 0, 0, 0, 0, 0, 0, 0, 0, 0]",Infeasible,0.0,match,
random,1020,RND6,2,9,5,optimal,152.8,152.8,3,9,0.0002,3,0,0,0,0,0,"[0, 0, 0, 0, 0, 0, 0, 0, 0, 0]",Optimal,152.8,match,
random,1020,RND7,3,5,5,infeasible,,,1,1,0.0002,0,0,0,0,0,0,"[0, 0, 0, 0, 0, 0, 0, 0, 0, 0]",Infeasible,0.0,match,
random,1020,RND8,3,3,3,infeasible,,,1,0,0.0002,0,1,0,1,0,0,"[1, 1, 0, 0, 0, 0, 0, 0, 0, 0]",Infeasible,0.0,match,
random,1020,RND9,8,12,8,optimal,-95.54545454545455,-95.54545454545455,17,45,0.0026,13,0,0,0,10,0,"[0, 0, 0, 0, 0, 0, 0, 0, 10, 0]",Optimal,-95.54545454545455,match,
random,1020,RND10,4,6,4,optimal,41.016949152542374,41.016949152542374,7,8,0.001,8,1,0,1,3,0,"[1, 1, 0, 0, 0, 0, 0, 0, 3, 0]",Optimal,41.016949152542374,match,
random,1020,RND11,2,3,1,optimal,2,2,1,1,0.0002,1,0,0,0,0,0,"[0, 0, 0, 0, 0, 0, 0, 0, 0, 0]",Optimal,2.0,match,
random,1020,RND12,8,3,3,infeasible,,,1,0,0.0004,0,1,0,1,0,0,"[1, 1, 0, 0, 0, 0, 0, 0, 0, 0]",Infeasible,0.0,match,
random,1020,RND13,3,8,6,optimal,-33,-33,6,15,0.0004,11,0,0,0,0,0,"[0, 0, 0, 0, 0, 0, 0, 0, 0, 0]",Optimal,-33.0,match,
random,1020,RND14,2,8,3,optimal,42.55555555555556,42.55555555555556,3,6,0.0002,3,0,0,0,0,0,"[0, 0, 0, 0, 0, 0, 0, 0, 0, 0]",Optimal,42.55555555555556,match,
random,1020,RND15,7,9,6,optimal,-100.63157894736842,-100.63157894736842,3,10,0.0006,3,1,0,1,5,0,"[1, 1, 0, 0, 0, 0, 0, 0, 5, 0]",Optimal,-100.63157894736842,match,
random,1020,RND16,4,11,5,optimal,-154,-154,5,15,0.0004,1,0,0,0,4,0,"[0, 0, 0, 0, 0, 0, 0, 0, 4, 0]",Optimal,-154.0,match,
random,1020,RND17,5,8,6,optimal,15,15,3,4,0.0005,4,0,0,0,5,0,"[0, 0, 0, 0, 0, 0, 0, 0, 5, 0]",Optimal,15.0,match,
random,1020,RND18,7,6,2,optimal,79.06666666666666,79.06666666666666,3,12,0.0003,2,0,0,0,0,0,"[0, 0, 0, 0, 0, 0, 0, 0, 0, 0]",Optimal,79.06666666666666,match,
random,1020,RND19,4,4,3,optimal,40,40,3,5,0.0003,1,0,0,0,0,0,"[0, 0, 0, 0, 0, 0, 0, 0, 0, 0]",Optimal,40.0,match,
random,1020,RND20,3,8,7,optimal,-110,-110,6,10,0.0004,5,1,0,1,11,0,"[1, 1, 0, 0, 0, 0, 0, 0, 11, 0]",Optimal,-110.0,match,
random,1020,RND21,3,11,9,optimal,-125,-125,1,4,0.0002,7,0,0,0,0,0,"[0, 0, 0, 0, 0, 0, 0, 0, 0, 0]",Optimal,-125.0,match,
random,1020,RND22,4,4,4,optimal,-2,-2,3,6,0.0004,3,0,0,0,2,0,"[0, 0, 0, 0, 0, 0, 0, 0, 2, 0]",Optimal,-2.0,match,
random,1020,RND23,8,11,7,optimal,-103.65079365079364,-103.65079365079364,28,45,0.0029,21,0,0,0,11,0,"[0, 0, 0, 0, 0, 0, 0, 0, 11, 0]",Optimal,-103.6507936507937,match,
random,1020,RND24,7,5,4,optimal,7.166666666666668,7.166666666666668,3,7,0.0002,6,0,0,0,0,0,"[0, 0, 0, 0, 0, 0, 0, 0, 0, 0]",Optimal,7.166666666666667,match,
random,1020,RND25,8,5,4,optimal,-33,-33,3,5,0.0004,4,1,0,1,3,0,"[1, 1, 0, 0, 0, 0, 0, 0, 3, 0]",Optimal,-33.0,match,
random,1020,RND26,6,7,6,optimal,-87,-87,12,13,0.0004,18,2,0,2,0,0,"[2, 2, 0, 0, 0, 0, 0, 0, 0, 0]",Optimal,-87.0,match,
random,1020,RND27,2,3,1,optimal,23.555555555555557,23.555555555555557,1,2,0.0002,0,0,0,0,0,0,"[0, 0, 0, 0, 0, 0, 0, 0, 0, 0]",Optimal,23.555555555555557,match,
random,1020,RND28,3,11,7,optimal,145,145,3,14,0.0003,0,0,0,0,6,0,"[0, 0, 0, 0, 0, 0, 0, 0, 6, 0]",Optimal,145.0,match,
random,1020,RND29,4,8,5,optimal,91,91,3,6,0.0003,1,0,0,0,4,0,"[0, 0, 0, 0, 0, 0, 0, 0, 4, 0]",Optimal,91.0,match,
random,1020,RND30,5,3,2,optimal,12,12,3,9,0.0003,3,0,0,0,0,0,"[0, 0, 0, 0, 0, 0, 0, 0, 0, 0]",Optimal,12.0,match,
random,1020,RND31,6,9,6,optimal,33.333333333333336,33.333333333333336,1,6,0.0002,4,0,0,0,0,0,"[0, 0, 0, 0, 0, 0, 0, 0, 0, 0]",Optimal,33.33333333333333,match,
random,1020,RND32,2,12,7,optimal,98.39999999999999,98.39999999999999,4,8,0.0002,7,0,0,0,0,0,"[0, 0, 0, 0, 0, 0, 0, 0, 0, 0]",Optimal,98.39999999999999,match,
random,1020,RND33,3,7,6,optimal,-80.28571428571428,-80.28571428571429,1,7,0.0002,2,0,0,0,0,0,"[0, 0, 0, 0, 0, 0, 0, 0, 0, 0]",Optimal,-80.28571428571428,match,
random,1020,RND34,2,3,2,optimal,-32.125,-32.125,1,2,0.0002,2,0,0,0,0,0,"[0, 0, 0, 0, 0, 0, 0, 0, 0, 0]",Optimal,-32.125,match,
random,1020,RND35,3,11,9,optimal,74,74,3,9,0.0003,9,0,0,0,0,0,"[0, 0, 0, 0, 0, 0, 0, 0, 0, 0]",Optimal,74.0,match,
random,1020,RND36,7,3,1,optimal,-10,-10,1,5,0.0002,1,0,0,0,0,0,"[0, 0, 0, 0, 0, 0, 0, 0, 0, 0]",Optimal,-10.0,match,
random,1020,RND37,8,6,4,optimal,-32,-32,7,15,0.0005,8,1,0,1,3,0,"[1, 1, 0, 0, 0, 0, 0, 0, 3, 0]",Optimal,-32.0,match,
random,1020,RND38,3,4,2,optimal,10,10,1,1,0.0001,0,0,0,0,0,0,"[0, 0, 0, 0, 0, 0, 0, 0, 0, 0]",Optimal,10.0,match,
random,1020,RND39,5,9,7,optimal,-52,-52,5,11,0.0004,7,1,0,1,4,0,"[1, 1, 0, 0, 0, 0, 0, 0, 4, 0]",Optimal,-52.0,match,
random,1020,RND40,4,8,5,optimal,80,80,15,21,0.0009,12,0,0,0,5,0,"[0, 0, 0, 0, 0, 0, 0, 0, 5, 0]",Optimal,80.0,match,
random,1020,RND41,4,8,6,optimal,224,224,1,6,0.0002,0,0,0,0,0,0,"[0, 0, 0, 0, 0, 0, 0, 0, 0, 0]",Optimal,224.0,match,
random,1020,RND42,4,8,6,optimal,-11,-11,1,5,0.0002,1,0,0,0,0,0,"[0, 0, 0, 0, 0, 0, 0, 0, 0, 0]",Optimal,-11.0,match,
random,1020,RND43,3,10,9,optimal,99,99,1,4,0.0002,5,0,0,0,0,0,"[0, 0, 0, 0, 0, 0, 0, 0, 0, 0]",Optimal,99.0,match,
random,1020,RND44,3,8,8,optimal,-49,-49,6,11,0.0003,9,1,0,1,6,0,"[1, 1, 0, 0, 0, 0, 0, 0, 6, 0]",Optimal,-49.0,match,
random,1020,RND45,7,11,6,optimal,76.25,76.25,11,23,0.0009,3,0,0,0,10,0,"[0, 0, 0, 0, 0, 0, 0, 0, 10, 0]",Optimal,76.25,match,
random,1020,RND46,7,3,1,optimal,29.428571428571427,29.428571428571427,1,2,0.0002,0,0,0,0,0,0,"[0, 0, 0, 0, 0, 0, 0, 0, 0, 0]",Optimal,29.42857142857143,match,
random,1020,RND47,3,4,2,optimal,-53,-53,1,7,0.0002,1,0,0,0,0,0,"[0, 0, 0, 0, 0, 0, 0, 0, 0, 0]",Optimal,-53.0,match,
random,1020,RND48,5,6,6,optimal,64,64,9,22,0.0007,6,1,0,1,12,0,"[1, 1, 0, 0, 0, 0, 0, 0, 12, 0]",Optimal,64.0,match,
random,1020,RND49,4,9,7,optimal,145,145,5,10,0.0004,6,0,0,0,0,0,"[0, 0, 0, 0, 0, 0, 0, 0, 0, 0]",Optimal,145.0,match,
random,1020,RND50,6,10,8,optimal,-220,-220,7,19,0.0007,6,1,0,1,6,0,"[1, 1, 0, 0, 0, 0, 0, 0, 6, 0]",Optimal,-220.0,match,
random,1020,RND51,5,6,4,optimal,118,118,1,10,0.0002,1,0,0,0,0,0,"[0, 0, 0, 0, 0, 0, 0, 0, 0, 0]",Optimal,118.0,match,
random,1020,RND52,6,10,8,optimal,126.71428571428572,126.71428571428572,5,12,0.0005,6,1,0,1,7,0,"[1, 1, 0, 0, 0, 0, 0, 0, 7, 0]",Optimal,126.71428571428571,match,
random,1020,RND53,3,12,7,optimal,104,104,1,6,0.0003,0,0,0,0,0,0,"[0, 0, 0, 0, 0, 0, 0, 0, 0, 0]",Optimal,104.0,match,
random,1020,RND54,2,9,7,optimal,-192,-192,1,5,0.0002,0,0,0,0,0,0,"[0, 0, 0, 0, 0, 0, 0, 0, 0, 0]",Optimal,-192.0,match,
random,1020,RND55,2,11,9,optimal,287,287,1,12,0.0002,0,0,0,0,0,0,"[0, 0, 0, 0, 0, 0, 0, 0, 0, 0]",Optimal,287.0,match,
random,1020,RND56,8,7,5,optimal,18.333333333333336,18.333333333333336,9,17,0.0006,10,0,0,0,0,0,"[0, 0, 0, 0, 0, 0, 0, 0, 0, 0]",Optimal,18.333333333333336,match,
random,1020,RND57,3,9,6,optimal,-35.6,-35.6,3,4,0.0002,6,1,0,1,5,0,"[1, 1, 0, 0, 0, 0, 0, 0, 5, 0]",Optimal,-35.6,match,
random,1020,RND58,5,9,7,optimal,-53,-53,3,8,0.0003,3,1,0,1,5,0,"[1, 1, 0, 0, 0, 0, 0, 0, 5, 0]",Optimal,-53.0,match,
random,1020,RND59,3,9,6,optimal,36.4,36.4,3,4,0.0003,4,0,0,0,5,0,"[0, 0, 0, 0, 0, 0, 0, 0, 5, 0]",Optimal,36.4,match,
random,1020,RND60,6,6,4,optimal,-32,-32,8,13,0.0004,8,0,0,0,0,0,"[0, 0, 0, 0, 0, 0, 0, 0, 0, 0]",Optimal,-32.00000000000001,match,
random,1020,RND61,6,10,5,optimal,-35.44444444444444,-35.44444444444444,3,12,0.0003,6,0,0,0,0,0,"[0, 0, 0, 0, 0, 0, 0, 0, 0, 0]",Optimal,-35.44444444444445,match,
random,1020,RND62,6,3,3,optimal,44,44,3,6,0.0005,2,1,0,1,2,0,"[1, 1, 0, 0, 0, 0, 0, 0, 2, 0]",Optimal,44.0,match,
random,1020,RND63,6,5,3,infeasible,,,1,0,0.0002,0,1,0,1,0,0,"[1, 1, 0, 0, 0, 0, 0, 0, 0, 0]",Infeasible,0.0,match,
random,1020,RND64,6,11,8,optimal,-37,-37,3,9,0.0005,6,1,0,1,7,0,"[1, 1, 0, 0, 0, 0, 0, 0, 7, 0]",Optimal,-37.0,match,
random,1020,RND65,2,8,4,optimal,67.5,67.5,1,7,0.0002,0,0,0,0,0,0,"[0, 0, 0, 0, 0, 0, 0, 0, 0, 0]",Optimal,67.5,match,
random,1020,RND66,3,11,7,optimal,57,57,3,9,0.0006,3,0,0,0,6,0,"[0, 0, 0, 0, 0, 0, 0, 0, 6, 0]",Optimal,57.0,match,
random,1020,RND67,3,9,6,optimal,145.14285714285714,145.14285714285714,1,6,0.0002,2,0,0,0,0,0,"[0, 0, 0, 0, 0, 0, 0, 0, 0, 0]",Optimal,145.14285714285714,match,
random,1020,RND68,7,4,2,infeasible,,,1,0,0.0002,0,1,0,1,0,0,"[1, 1, 0, 0, 0, 0, 0, 0, 0, 0]",Infeasible,0.0,match,
random,1020,RND69,2,4,3,optimal,43.57142857142857,43.57142857142857,1,2,0.0002,0,0,0,0,0,0,"[0, 0, 0, 0, 0, 0, 0, 0, 0, 0]",Optimal,43.57142857142857,match,
random,1020,RND70,2,7,6,optimal,113,113,6,9,0.0003,8,1,0,1,8,0,"[1, 1, 0, 0, 0, 0, 0, 0, 8, 0]",Optimal,113.0,match,
random,1020,RND71,6,3,2,optimal,11.25,11.25,1,1,0.0002,2,0,0,0,0,0,"[0, 0, 0, 0, 0, 0, 0, 0, 0, 0]",Optimal,11.25,match,
random,1020,RND72,5,9,3,optimal,-13.722222222222221,-13.722222222222221,3,11,0.0003,3,0,0,0,0,0,"[0, 0, 0, 0, 0, 0, 0, 0, 0, 0]",Optimal,-13.722222222222221,match,
random,1020,RND73,4,7,5,optimal,29.958333333333336,29.958333333333336,3,6,0.0003,4,0,0,0,0,0,"[0, 0, 0, 0, 0, 0, 0, 0, 0, 0]",Optimal,29.958333333333332,match,
random,1020,RND74,8,4,3,optimal,6,6,7,7,0.0003,5,2,0,2,0,0,"[2, 2, 0, 0, 0, 0, 0, 0, 0, 0]",Optimal,6.0,match,
random,1020,RND75,8,4,3,optimal,20,20,1,6,0.0002,0,0,0,0,0,0,"[0, 0, 0, 0, 0, 0, 0, 0, 0, 0]",Optimal,20.0,match,
random,1020,RND76,3,5,3,optimal,-28,-28,1,4,0.0002,2,0,0,0,0,0,"[0, 0, 0, 0, 0, 0, 0, 0, 0, 0]",Optimal,-28.0,match,
random,1020,RND77,3,5,4,optimal,31,31,1,4,0.0002,3,0,0,0,0,0,"[0, 0, 0, 0, 0, 0, 0, 0, 0, 0]",Optimal,31.0,match,
random,1020,RND78,5,11,10,optimal,-48.5,-48.5,3,7,0.0006,9,1,0,1,8,0,"[1, 1, 0, 0, 0, 0, 0, 0, 8, 0]",Optimal,-48.5,match,
random,1020,RND79,4,9,5,optimal,-198,-198,1,7,0.0003,0,0,0,0,0,0,"[0, 0, 0, 0, 0, 0, 0, 0, 0, 0]",Optimal,-198.0,match,
random,1020,RND80,7,12,9,optimal,-112,-112,18,38,0.0014,34,0,0,0,0,0,"[0, 0, 0, 0, 0, 0, 0, 0, 0, 0]",Optimal,-112.0,match,
random,1020,RND81,6,7,3,optimal,-31.5,-31.5,3,8,0.0004,4,0,0,0,0,0,"[0, 0, 0, 0, 0, 0, 0, 0, 0, 0]",Optimal,-31.5,match,
random,1020,RND82,4,12,8,optimal,212,212,3,11,0.0006,0,0,0,0,7,0,"[0, 0, 0, 0, 0, 0, 0, 0, 7, 0]",Optimal,212.0,match,
random,1020,RND83,6,3,2,optimal,-27,-27,3,4,0.0002,1,0,0,0,0,0,"[0, 0, 0, 0, 0, 0, 0, 0, 0, 0]",Optimal,-27.0,match,
random,1020,RND84,6,10,5,optimal,38.59907834101382,38.59907834101382,3,9,0.0004,5,0,0,0,0,0,"[0, 0, 0, 0, 0, 0, 0, 0, 0, 0]",Optimal,38.59907834101382,match,
random,1020,RND85,7,3,2,optimal,-8.75,-8.75,1,2,0.0002,2,0,0,0,0,0,"[0, 0, 0, 0, 0, 0, 0, 0, 0, 0]",Optimal,-8.75,match,
random,1020,RND86,3,8,6,optimal,70,70,1,6,0.0002,0,0,0,0,0,0,"[0, 0, 0, 0, 0, 0, 0, 0, 0, 0]",Optimal,70.0,match,
random,1020,RND87,2,11,9,optimal,76.4,76.4,37,42,0.0008,19,0,0,0,16,0,"[0, 0, 0, 0, 0, 0, 0, 0, 16, 0]",Optimal,76.40000000000018,match,
random,1020,RND88,3,11,8,optimal,-135,-135,3,10,0.0006,4,0,0,0,7,0,"[0, 0, 0, 0, 0, 0, 0, 0, 7, 0]",Optimal,-135.0,match,
random,1020,RND89,2,8,5,optimal,-150.75,-150.75,1,5,0.0002,2,0,0,0,0,0,"[0, 0, 0, 0, 0, 0, 0, 0, 0, 0]",Optimal,-150.75,match,
random,1020,RND90,4,6,4,optimal,0,0,1,0,0.0002,2,0,0,0,0,0,"[0, 0, 0, 0, 0, 0, 0, 0, 0, 0]",Optimal,-0.0,match,
random,1020,RND91,7,8,3,optimal,-34.6,-34.6,1,5,0.0003,2,0,0,0,0,0,"[0, 0, 0, 0, 0, 0, 0, 0, 0, 0]",Optimal,-34.6,match,
random,1020,RND92,3,4,4,optimal,58,58,1,2,0.0001,2,0,0,0,0,0,"[0, 0, 0, 0, 0, 0, 0, 0, 0, 0]",Optimal,58.0,match,
random,1020,RND93,8,6,5,infeasible,,,3,7,0.0003,7,1,0,1,0,0,"[1, 1, 0, 0, 0, 0, 0, 0, 0, 0]",Infeasible,0.0,match,
random,1020,RND94,8,5,4,optimal,-50,-50,5,12,0.0007,7,1,0,1,2,0,"[1, 1, 0, 0, 0, 0, 0, 0, 2, 0]",Optimal,-50.0,match,
random,1020,RND95,4,4,0,optimal,-33,,,2,0.0002,,,,,,,,Optimal,-33.0,match,
random,1020,RND96,8,8,6,optimal,41.75,41.75,17,19,0.0011,13,0,0,0,14,0,"[0, 0, 0, 0, 0, 0, 0, 0, 14, 0]",Optimal,41.75,match,
random,1020,RND97,6,4,4,infeasible,,,1,0,0.0003,0,1,0,1,0,0,"[1, 1, 0, 0, 0, 0, 0, 0, 0, 0]",Infeasible,0.0,match,
random,1020,RND98,8,8,6,optimal,-12.833333333333332,-12.833333333333332,3,14,0.0004,9,0,0,0,0,0,"[0, 0, 0, 0, 0, 0, 0, 0, 0, 0]",Optimal,-12.833333333333332,match,
random,1020,RND99,7,11,8,optimal,27,27,5,14,0.0006,9,0,0,0,6,0,"[0, 0, 0, 0, 0, 0, 0, 0, 6, 0]",Optimal,27.0,match,
